timestamp,window_start,window_end,attack_probability,model_threshold,binary_prediction,risk_level,current_stage,stage_confidence,stage_evidence,forecasted_next_stage,forecast_confidence,forecast_method,probability_delta,risk_trend,top_features,temporal_evidence
2018-02-14T08:33:40,2018-02-14T08:33:30,2018-02-14T08:33:40,0.0009934428380802,0.9830410480499268,0,LOW,Exfiltration,medium,"[{'feature': 'Fwd_Bwd_Byte_Ratio', 'reason': 'High relative backward byte volume indicates data exfiltration.'}]",Impact,low,heuristic,,stable,[],[]
2018-02-14T08:33:50,2018-02-14T08:33:40,2018-02-14T08:33:50,0.004749892745167,0.9830410480499268,0,LOW,Exfiltration,medium,"[{'feature': 'Fwd_Bwd_Byte_Ratio', 'reason': 'High relative backward byte volume indicates data exfiltration.'}]",Impact,low,heuristic,0.0037564499070867996,stable,[],[]
2018-02-14T08:34:00,2018-02-14T08:33:50,2018-02-14T08:34:00,0.0047971378080546,0.9830410480499268,0,LOW,Exfiltration,medium,"[{'feature': 'Fwd_Bwd_Byte_Ratio', 'reason': 'High relative backward byte volume indicates data exfiltration.'}]",Impact,low,heuristic,4.724506288760009e-05,stable,[],[]
2018-02-14T08:34:10,2018-02-14T08:34:00,2018-02-14T08:34:10,0.0028604008257389,0.9830410480499268,0,LOW,Exfiltration,medium,"[{'feature': 'Fwd_Bwd_Byte_Ratio', 'reason': 'High relative backward byte volume indicates data exfiltration.'}]",Impact,low,heuristic,-0.0019367369823156998,stable,[],[]
2018-02-14T08:34:20,2018-02-14T08:34:10,2018-02-14T08:34:20,0.001877368078567,0.9830410480499268,0,LOW,Exfiltration,medium,"[{'feature': 'Fwd_Bwd_Byte_Ratio', 'reason': 'High relative backward byte volume indicates data exfiltration.'}]",Impact,low,heuristic,-0.0009830327471718999,stable,[],[]
2018-02-14T08:34:30,2018-02-14T08:34:20,2018-02-14T08:34:30,0.0014468381414189,0.9830410480499268,0,LOW,Exfiltration,medium,"[{'feature': 'Fwd_Bwd_Byte_Ratio', 'reason': 'High relative backward byte volume indicates data exfiltration.'}]",Impact,low,heuristic,-0.00043052993714810003,stable,[],[]
2018-02-14T08:34:40,2018-02-14T08:34:30,2018-02-14T08:34:40,0.0012434041127562,0.9830410480499268,0,LOW,Exfiltration,medium,"[{'feature': 'Fwd_Bwd_Byte_Ratio', 'reason': 'High relative backward byte volume indicates data exfiltration.'}]",Impact,low,heuristic,-0.00020343402866269998,stable,[],[]
2018-02-14T08:34:50,2018-02-14T08:34:40,2018-02-14T08:34:50,0.001137871062383,0.9830410480499268,0,LOW,Exfiltration,medium,"[{'feature': 'Fwd_Bwd_Byte_Ratio', 'reason': 'High relative backward byte volume indicates data exfiltration.'}]",Impact,low,heuristic,-0.00010553305037320007,stable,[],[]
2018-02-14T08:35:00,2018-02-14T08:34:50,2018-02-14T08:35:00,0.0010791806271299,0.9830410480499268,0,LOW,Exfiltration,medium,"[{'feature': 'Fwd_Bwd_Byte_Ratio', 'reason': 'High relative backward byte volume indicates data exfiltration.'}]",Impact,low,heuristic,-5.869043525309997e-05,stable,[],[]
2018-02-14T08:35:10,2018-02-14T08:35:00,2018-02-14T08:35:10,0.0010449149413034,0.9830410480499268,0,LOW,Exfiltration,medium,"[{'feature': 'Fwd_Bwd_Byte_Ratio', 'reason': 'High relative backward byte volume indicates data exfiltration.'}]",Impact,low,heuristic,-3.4265685826500095e-05,stable,[],[]
2018-02-14T08:35:20,2018-02-14T08:35:10,2018-02-14T08:35:20,0.001024444005452,0.9830410480499268,0,LOW,Exfiltration,medium,"[{'feature': 'Fwd_Bwd_Byte_Ratio', 'reason': 'High relative backward byte volume indicates data exfiltration.'}]",Impact,low,heuristic,-2.0470935851399927e-05,stable,[],[]
2018-02-14T08:35:30,2018-02-14T08:35:20,2018-02-14T08:35:30,0.0010120449587702,0.9830410480499268,0,LOW,Exfiltration,medium,"[{'feature': 'Fwd_Bwd_Byte_Ratio', 'reason': 'High relative backward byte volume indicates data exfiltration.'}]",Impact,low,heuristic,-1.2399046681799879e-05,stable,[],[]
2018-02-14T08:35:40,2018-02-14T08:35:30,2018-02-14T08:35:40,0.0010043411748483,0.9830410480499268,0,LOW,Exfiltration,medium,"[{'feature': 'Fwd_Bwd_Byte_Ratio', 'reason': 'High relative backward byte volume indicates data exfiltration.'}]",Impact,low,heuristic,-7.703783921900013e-06,stable,[],[]
2018-02-14T08:35:50,2018-02-14T08:35:40,2018-02-14T08:35:50,0.0009995506843551,0.9830410480499268,0,LOW,Exfiltration,medium,"[{'feature': 'Fwd_Bwd_Byte_Ratio', 'reason': 'High relative backward byte volume indicates data exfiltration.'}]",Impact,low,heuristic,-4.790490493200052e-06,stable,[],[]
2018-02-14T08:36:00,2018-02-14T08:35:50,2018-02-14T08:36:00,0.0009966888464987,0.9830410480499268,0,LOW,Exfiltration,medium,"[{'feature': 'Fwd_Bwd_Byte_Ratio', 'reason': 'High relative backward byte volume indicates data exfiltration.'}]",Impact,low,heuristic,-2.861837856399981e-06,stable,[],[]
2018-02-14T08:36:10,2018-02-14T08:36:00,2018-02-14T08:36:10,0.0009949734667316,0.9830410480499268,0,LOW,Exfiltration,medium,"[{'feature': 'Fwd_Bwd_Byte_Ratio', 'reason': 'High relative backward byte volume indicates data exfiltration.'}]",Impact,low,heuristic,-1.7153797670999352e-06,stable,[],[]
2018-02-14T08:36:20,2018-02-14T08:36:10,2018-02-14T08:36:20,0.0009939157171174,0.9830410480499268,0,LOW,Exfiltration,medium,"[{'feature': 'Fwd_Bwd_Byte_Ratio', 'reason': 'High relative backward byte volume indicates data exfiltration.'}]",Impact,low,heuristic,-1.0577496142001944e-06,stable,[],[]
2018-02-14T08:36:30,2018-02-14T08:36:20,2018-02-14T08:36:30,0.0047522038221359,0.9830410480499268,0,LOW,Exfiltration,medium,"[{'feature': 'Fwd_Bwd_Byte_Ratio', 'reason': 'High relative backward byte volume indicates data exfiltration.'}]",Impact,low,heuristic,0.0037582881050185002,stable,[],[]
2018-02-14T08:36:40,2018-02-14T08:36:30,2018-02-14T08:36:40,0.0047994283959269,0.9830410480499268,0,LOW,Exfiltration,medium,"[{'feature': 'Fwd_Bwd_Byte_Ratio', 'reason': 'High relative backward byte volume indicates data exfiltration.'}]",Impact,low,heuristic,4.722457379100018e-05,stable,[],[]
2018-02-14T08:36:50,2018-02-14T08:36:40,2018-02-14T08:36:50,0.0028609354048967,0.9830410480499268,0,LOW,Exfiltration,medium,"[{'feature': 'Fwd_Bwd_Byte_Ratio', 'reason': 'High relative backward byte volume indicates data exfiltration.'}]",Impact,low,heuristic,-0.0019384929910302002,stable,[],[]
2018-02-14T08:37:00,2018-02-14T08:36:50,2018-02-14T08:37:00,0.0018781098769977,0.9830410480499268,0,LOW,Exfiltration,medium,"[{'feature': 'Fwd_Bwd_Byte_Ratio', 'reason': 'High relative backward byte volume indicates data exfiltration.'}]",Impact,low,heuristic,-0.0009828255278990002,stable,[],[]
2018-02-14T08:37:10,2018-02-14T08:37:00,2018-02-14T08:37:10,0.0014467739965766,0.9830410480499268,0,LOW,Exfiltration,medium,"[{'feature': 'Fwd_Bwd_Byte_Ratio', 'reason': 'High relative backward byte volume indicates data exfiltration.'}]",Impact,low,heuristic,-0.0004313358804210999,stable,[],[]
2018-02-14T08:37:20,2018-02-14T08:37:10,2018-02-14T08:37:20,0.0012433958472684,0.9830410480499268,0,LOW,Exfiltration,medium,"[{'feature': 'Fwd_Bwd_Byte_Ratio', 'reason': 'High relative backward byte volume indicates data exfiltration.'}]",Impact,low,heuristic,-0.00020337814930820007,stable,[],[]
2018-02-14T08:37:30,2018-02-14T08:37:20,2018-02-14T08:37:30,0.0011378694325685,0.9830410480499268,0,LOW,Exfiltration,medium,"[{'feature': 'Fwd_Bwd_Byte_Ratio', 'reason': 'High relative backward byte volume indicates data exfiltration.'}]",Impact,low,heuristic,-0.00010552641469989995,stable,[],[]
2018-02-14T08:37:40,2018-02-14T08:37:30,2018-02-14T08:37:40,0.0010791529202833,0.9830410480499268,0,LOW,Exfiltration,medium,"[{'feature': 'Fwd_Bwd_Byte_Ratio', 'reason': 'High relative backward byte volume indicates data exfiltration.'}]",Impact,low,heuristic,-5.8716512285200044e-05,stable,[],[]
2018-02-14T08:37:50,2018-02-14T08:37:40,2018-02-14T08:37:50,0.0010449114488437,0.9830410480499268,0,LOW,Exfiltration,medium,"[{'feature': 'Fwd_Bwd_Byte_Ratio', 'reason': 'High relative backward byte volume indicates data exfiltration.'}]",Impact,low,heuristic,-3.424147143959999e-05,stable,[],[]
2018-02-14T08:38:00,2018-02-14T08:37:50,2018-02-14T08:38:00,0.0010244362056255,0.9830410480499268,0,LOW,Exfiltration,medium,"[{'feature': 'Fwd_Bwd_Byte_Ratio', 'reason': 'High relative backward byte volume indicates data exfiltration.'}]",Impact,low,heuristic,-2.047524321819997e-05,stable,[],[]
2018-02-14T08:38:10,2018-02-14T08:38:00,2018-02-14T08:38:10,0.0010120426304638,0.9830410480499268,0,LOW,Exfiltration,medium,"[{'feature': 'Fwd_Bwd_Byte_Ratio', 'reason': 'High relative backward byte volume indicates data exfiltration.'}]",Impact,low,heuristic,-1.2393575161700034e-05,stable,[],[]
2018-02-14T08:38:20,2018-02-14T08:38:10,2018-02-14T08:38:20,0.001004340709187,0.9830410480499268,0,LOW,Exfiltration,medium,"[{'feature': 'Fwd_Bwd_Byte_Ratio', 'reason': 'High relative backward byte volume indicates data exfiltration.'}]",Impact,low,heuristic,-7.701921276800005e-06,stable,[],[]
2018-02-14T08:38:30,2018-02-14T08:38:20,2018-02-14T08:38:30,0.0009995502186939,0.9830410480499268,0,LOW,Exfiltration,medium,"[{'feature': 'Fwd_Bwd_Byte_Ratio', 'reason': 'High relative backward byte volume indicates data exfiltration.'}]",Impact,low,heuristic,-4.790490493099871e-06,stable,[],[]
2018-02-14T08:38:40,2018-02-14T08:38:30,2018-02-14T08:38:40,0.0009966888464987,0.9830410480499268,0,LOW,Exfiltration,medium,"[{'feature': 'Fwd_Bwd_Byte_Ratio', 'reason': 'High relative backward byte volume indicates data exfiltration.'}]",Impact,low,heuristic,-2.86137219520006e-06,stable,[],[]
2018-02-14T08:38:50,2018-02-14T08:38:40,2018-02-14T08:38:50,0.0009949734667316,0.9830410480499268,0,LOW,Exfiltration,medium,"[{'feature': 'Fwd_Bwd_Byte_Ratio', 'reason': 'High relative backward byte volume indicates data exfiltration.'}]",Impact,low,heuristic,-1.7153797670999352e-06,stable,[],[]
2018-02-14T08:39:00,2018-02-14T08:38:50,2018-02-14T08:39:00,0.0009939147857949,0.9830410480499268,0,LOW,Exfiltration,medium,"[{'feature': 'Fwd_Bwd_Byte_Ratio', 'reason': 'High relative backward byte volume indicates data exfiltration.'}]",Impact,low,heuristic,-1.0586809367e-06,stable,[],[]
2018-02-14T08:39:10,2018-02-14T08:39:00,2018-02-14T08:39:10,0.0009934811387211,0.9830410480499268,0,LOW,Exfiltration,medium,"[{'feature': 'Fwd_Bwd_Byte_Ratio', 'reason': 'High relative backward byte volume indicates data exfiltration.'}]",Impact,low,heuristic,-4.33647073800128e-07,stable,[],[]
2018-02-14T08:39:20,2018-02-14T08:39:10,2018-02-14T08:39:20,0.004749892745167,0.9830410480499268,0,LOW,Exfiltration,medium,"[{'feature': 'Fwd_Bwd_Byte_Ratio', 'reason': 'High relative backward byte volume indicates data exfiltration.'}]",Impact,low,heuristic,0.0037564116064459,stable,[],[]
2018-02-14T08:39:30,2018-02-14T08:39:20,2018-02-14T08:39:30,0.0047972267493605,0.9830410480499268,0,LOW,Exfiltration,medium,"[{'feature': 'Fwd_Bwd_Byte_Ratio', 'reason': 'High relative backward byte volume indicates data exfiltration.'}]",Impact,low,heuristic,4.733400419350015e-05,stable,[],[]
2018-02-14T08:39:40,2018-02-14T08:39:30,2018-02-14T08:39:40,0.0028604008257389,0.9830410480499268,0,LOW,Exfiltration,medium,"[{'feature': 'Fwd_Bwd_Byte_Ratio', 'reason': 'High relative backward byte volume indicates data exfiltration.'}]",Impact,low,heuristic,-0.0019368259236215999,stable,[],[]
2018-02-14T08:39:50,2018-02-14T08:39:40,2018-02-14T08:39:50,0.0018773647025227,0.9830410480499268,0,LOW,Exfiltration,medium,"[{'feature': 'Fwd_Bwd_Byte_Ratio', 'reason': 'High relative backward byte volume indicates data exfiltration.'}]",Impact,low,heuristic,-0.0009830361232162,stable,[],[]
2018-02-14T08:40:00,2018-02-14T08:39:50,2018-02-14T08:40:00,0.0014468354638665,0.9830410480499268,0,LOW,Exfiltration,medium,"[{'feature': 'Fwd_Bwd_Byte_Ratio', 'reason': 'High relative backward byte volume indicates data exfiltration.'}]",Impact,low,heuristic,-0.0004305292386562001,stable,[],[]
2018-02-14T08:40:10,2018-02-14T08:40:00,2018-02-14T08:40:10,0.0173442419618368,0.9830410480499268,0,LOW,Command and Control,low,"[{'feature': 'Total_Bytes', 'reason': 'Low data volume consistent with C2 check-ins.'}]",Exfiltration / Impact,low,heuristic,0.0158974064979703,stable,"[{'feature': 'Init Fwd Win Byts', 'importance': 0.009990043472498655, 'direction': 'increases_risk'}, {'feature': 'Idle Mean', 'importance': -0.0031704194843769073, 'direction': 'decreases_risk'}, {'feature': 'Idle Max', 'importance': -0.003025555983185768, 'direction': 'decreases_risk'}, {'feature': 'RST_SYN_Ratio', 'importance': -0.00269349105656147, 'direction': 'decreases_risk'}, {'feature': 'Bwd Pkt Len Min', 'importance': 0.002259494736790657, 'direction': 'increases_risk'}]","[{'window_offset': -1, 'importance': -0.0184580497443676}, {'window_offset': 0, 'importance': 0.015212776139378548}, {'window_offset': -2, 'importance': -0.014808587729930878}]"
2018-02-14T08:40:20,2018-02-14T08:40:10,2018-02-14T08:40:20,0.045991126447916,0.9830410480499268,0,LOW,Command and Control,low,"[{'feature': 'Total_Bytes', 'reason': 'Low data volume consistent with C2 check-ins.'}]",Exfiltration / Impact,low,heuristic,0.028646884486079202,stable,"[{'feature': 'Init Fwd Win Byts', 'importance': 0.023921538144350052, 'direction': 'increases_risk'}, {'feature': 'Bwd Pkt Len Std', 'importance': -0.014947507530450821, 'direction': 'decreases_risk'}, {'feature': 'Bwd Seg Size Avg', 'importance': -0.011672977358102798, 'direction': 'decreases_risk'}, {'feature': 'Fwd Seg Size Min', 'importance': 0.011226203292608261, 'direction': 'increases_risk'}, {'feature': 'Fwd Pkt Len Std', 'importance': 0.009969063103199005, 'direction': 'increases_risk'}]","[{'window_offset': -2, 'importance': -0.036791250109672546}, {'window_offset': -1, 'importance': 0.03533661551773548}, {'window_offset': -3, 'importance': -0.028189532458782196}]"
2018-02-14T08:40:30,2018-02-14T08:40:20,2018-02-14T08:40:30,0.0619314052164554,0.9830410480499268,0,LOW,Command and Control,low,"[{'feature': 'Total_Bytes', 'reason': 'Low data volume consistent with C2 check-ins.'}]",Exfiltration / Impact,low,heuristic,0.015940278768539394,stable,"[{'feature': 'Bwd Pkt Len Std', 'importance': -0.04001608490943909, 'direction': 'decreases_risk'}, {'feature': 'Bwd Seg Size Avg', 'importance': -0.025893859565258026, 'direction': 'decreases_risk'}, {'feature': 'Init Fwd Win Byts', 'importance': 0.024878911674022675, 'direction': 'increases_risk'}, {'feature': 'Fwd Pkt Len Std', 'importance': 0.024566780775785446, 'direction': 'increases_risk'}, {'feature': 'Fwd Seg Size Min', 'importance': 0.01933157816529274, 'direction': 'increases_risk'}]","[{'window_offset': -2, 'importance': 0.035882025957107544}, {'window_offset': -3, 'importance': -0.03388193994760513}, {'window_offset': -4, 'importance': -0.025318928062915802}]"
2018-02-14T08:40:40,2018-02-14T08:40:30,2018-02-14T08:40:40,0.0099355513229966,0.9830410480499268,0,LOW,Exfiltration,medium,"[{'feature': 'Fwd_Bwd_Byte_Ratio', 'reason': 'High relative backward byte volume indicates data exfiltration.'}]",,low,heuristic,-0.051995853893458795,de-escalating,[],[]
2018-02-14T08:40:50,2018-02-14T08:40:40,2018-02-14T08:40:50,0.0024158188607543,0.9830410480499268,0,LOW,Exfiltration,medium,"[{'feature': 'Fwd_Bwd_Byte_Ratio', 'reason': 'High relative backward byte volume indicates data exfiltration.'}]",Impact,low,heuristic,-0.007519732462242301,stable,[],[]
2018-02-14T08:41:00,2018-02-14T08:40:50,2018-02-14T08:41:00,0.0013949496205896,0.9830410480499268,0,LOW,Exfiltration,medium,"[{'feature': 'Fwd_Bwd_Byte_Ratio', 'reason': 'High relative backward byte volume indicates data exfiltration.'}]",Impact,low,heuristic,-0.0010208692401647,stable,[],[]
2018-02-14T08:41:10,2018-02-14T08:41:00,2018-02-14T08:41:10,0.0011170246871188,0.9830410480499268,0,LOW,Exfiltration,medium,"[{'feature': 'Fwd_Bwd_Byte_Ratio', 'reason': 'High relative backward byte volume indicates data exfiltration.'}]",Impact,low,heuristic,-0.00027792493347079993,stable,[],[]
2018-02-14T08:41:20,2018-02-14T08:41:10,2018-02-14T08:41:20,0.0010189026361331,0.9830410480499268,0,LOW,Exfiltration,medium,"[{'feature': 'Fwd_Bwd_Byte_Ratio', 'reason': 'High relative backward byte volume indicates data exfiltration.'}]",Impact,low,heuristic,-9.81220509857e-05,stable,[],[]
2018-02-14T08:41:30,2018-02-14T08:41:20,2018-02-14T08:41:30,0.0009810625342652,0.9830410480499268,0,LOW,Exfiltration,medium,"[{'feature': 'Fwd_Bwd_Byte_Ratio', 'reason': 'High relative backward byte volume indicates data exfiltration.'}]",Impact,low,heuristic,-3.7840101867900105e-05,stable,[],[]
2018-02-14T08:41:40,2018-02-14T08:41:30,2018-02-14T08:41:40,0.0009673669701442,0.9830410480499268,0,LOW,Exfiltration,medium,"[{'feature': 'Fwd_Bwd_Byte_Ratio', 'reason': 'High relative backward byte volume indicates data exfiltration.'}]",Impact,low,heuristic,-1.3695564121000005e-05,stable,[],[]
2018-02-14T08:41:50,2018-02-14T08:41:40,2018-02-14T08:41:50,0.0009642530931159,0.9830410480499268,0,LOW,Exfiltration,medium,"[{'feature': 'Fwd_Bwd_Byte_Ratio', 'reason': 'High relative backward byte volume indicates data exfiltration.'}]",Impact,low,heuristic,-3.113877028300036e-06,stable,[],[]
2018-02-14T08:42:00,2018-02-14T08:41:50,2018-02-14T08:42:00,0.0009656109614297,0.9830410480499268,0,LOW,Exfiltration,medium,"[{'feature': 'Fwd_Bwd_Byte_Ratio', 'reason': 'High relative backward byte volume indicates data exfiltration.'}]",Impact,low,heuristic,1.3578683137999929e-06,stable,[],[]
2018-02-14T08:42:10,2018-02-14T08:42:00,2018-02-14T08:42:10,0.0046189567074179,0.9830410480499268,0,LOW,Exfiltration,medium,"[{'feature': 'Fwd_Bwd_Byte_Ratio', 'reason': 'High relative backward byte volume indicates data exfiltration.'}]",Impact,low,heuristic,0.0036533457459881997,stable,[],[]
2018-02-14T08:42:20,2018-02-14T08:42:10,2018-02-14T08:42:20,0.0047175409272313,0.9830410480499268,0,LOW,Exfiltration,medium,"[{'feature': 'Fwd_Bwd_Byte_Ratio', 'reason': 'High relative backward byte volume indicates data exfiltration.'}]",Impact,low,heuristic,9.858421981339977e-05,stable,[],[]
2018-02-14T08:42:30,2018-02-14T08:42:20,2018-02-14T08:42:30,0.0028369184583425,0.9830410480499268,0,LOW,Exfiltration,medium,"[{'feature': 'Fwd_Bwd_Byte_Ratio', 'reason': 'High relative backward byte volume indicates data exfiltration.'}]",Impact,low,heuristic,-0.0018806224688887995,stable,[],[]
2018-02-14T08:42:40,2018-02-14T08:42:30,2018-02-14T08:42:40,0.0018702575471252,0.9830410480499268,0,LOW,Exfiltration,medium,"[{'feature': 'Fwd_Bwd_Byte_Ratio', 'reason': 'High relative backward byte volume indicates data exfiltration.'}]",Impact,low,heuristic,-0.0009666609112173002,stable,[],[]
2018-02-14T08:42:50,2018-02-14T08:42:40,2018-02-14T08:42:50,0.0014424282126128,0.9830410480499268,0,LOW,Exfiltration,medium,"[{'feature': 'Fwd_Bwd_Byte_Ratio', 'reason': 'High relative backward byte volume indicates data exfiltration.'}]",Impact,low,heuristic,-0.0004278293345124,stable,[],[]
2018-02-14T08:43:00,2018-02-14T08:42:50,2018-02-14T08:43:00,0.0012399316765367,0.9830410480499268,0,LOW,Exfiltration,medium,"[{'feature': 'Fwd_Bwd_Byte_Ratio', 'reason': 'High relative backward byte volume indicates data exfiltration.'}]",Impact,low,heuristic,-0.00020249653607609989,stable,[],[]
2018-02-14T08:43:10,2018-02-14T08:43:00,2018-02-14T08:43:10,0.0011349093401804,0.9830410480499268,0,LOW,Exfiltration,medium,"[{'feature': 'Fwd_Bwd_Byte_Ratio', 'reason': 'High relative backward byte volume indicates data exfiltration.'}]",Impact,low,heuristic,-0.00010502233635629999,stable,[],[]
2018-02-14T08:43:20,2018-02-14T08:43:10,2018-02-14T08:43:20,0.0010768063366413,0.9830410480499268,0,LOW,Exfiltration,medium,"[{'feature': 'Fwd_Bwd_Byte_Ratio', 'reason': 'High relative backward byte volume indicates data exfiltration.'}]",Impact,low,heuristic,-5.810300353910011e-05,stable,[],[]
2018-02-14T08:43:30,2018-02-14T08:43:20,2018-02-14T08:43:30,0.0010437726741656,0.9830410480499268,0,LOW,Exfiltration,medium,"[{'feature': 'Fwd_Bwd_Byte_Ratio', 'reason': 'High relative backward byte volume indicates data exfiltration.'}]",Impact,low,heuristic,-3.303366247569997e-05,stable,[],[]
2018-02-14T08:43:40,2018-02-14T08:43:30,2018-02-14T08:43:40,0.001023759599775,0.9830410480499268,0,LOW,Exfiltration,medium,"[{'feature': 'Fwd_Bwd_Byte_Ratio', 'reason': 'High relative backward byte volume indicates data exfiltration.'}]",Impact,low,heuristic,-2.001307439059995e-05,stable,[],[]
2018-02-14T08:43:50,2018-02-14T08:43:40,2018-02-14T08:43:50,0.0010120449587702,0.9830410480499268,0,LOW,Exfiltration,medium,"[{'feature': 'Fwd_Bwd_Byte_Ratio', 'reason': 'High relative backward byte volume indicates data exfiltration.'}]",Impact,low,heuristic,-1.1714641004799929e-05,stable,[],[]
2018-02-14T08:44:00,2018-02-14T08:43:50,2018-02-14T08:44:00,0.0010043411748483,0.9830410480499268,0,LOW,Exfiltration,medium,"[{'feature': 'Fwd_Bwd_Byte_Ratio', 'reason': 'High relative backward byte volume indicates data exfiltration.'}]",Impact,low,heuristic,-7.703783921900013e-06,stable,[],[]
2018-02-14T08:44:10,2018-02-14T08:44:00,2018-02-14T08:44:10,0.0009995502186939,0.9830410480499268,0,LOW,Exfiltration,medium,"[{'feature': 'Fwd_Bwd_Byte_Ratio', 'reason': 'High relative backward byte volume indicates data exfiltration.'}]",Impact,low,heuristic,-4.790956154399973e-06,stable,[],[]
2018-02-14T08:44:20,2018-02-14T08:44:10,2018-02-14T08:44:20,0.0009966888464987,0.9830410480499268,0,LOW,Exfiltration,medium,"[{'feature': 'Fwd_Bwd_Byte_Ratio', 'reason': 'High relative backward byte volume indicates data exfiltration.'}]",Impact,low,heuristic,-2.86137219520006e-06,stable,[],[]
2018-02-14T08:44:30,2018-02-14T08:44:20,2018-02-14T08:44:30,0.0009949734667316,0.9830410480499268,0,LOW,Exfiltration,medium,"[{'feature': 'Fwd_Bwd_Byte_Ratio', 'reason': 'High relative backward byte volume indicates data exfiltration.'}]",Impact,low,heuristic,-1.7153797670999352e-06,stable,[],[]
2018-02-14T08:44:40,2018-02-14T08:44:30,2018-02-14T08:44:40,0.0009939157171174,0.9830410480499268,0,LOW,Exfiltration,medium,"[{'feature': 'Fwd_Bwd_Byte_Ratio', 'reason': 'High relative backward byte volume indicates data exfiltration.'}]",Impact,low,heuristic,-1.0577496142001944e-06,stable,[],[]
2018-02-14T08:44:50,2018-02-14T08:44:40,2018-02-14T08:44:50,0.0009934811387211,0.9830410480499268,0,LOW,Exfiltration,medium,"[{'feature': 'Fwd_Bwd_Byte_Ratio', 'reason': 'High relative backward byte volume indicates data exfiltration.'}]",Impact,low,heuristic,-4.3457839629993354e-07,stable,[],[]
2018-02-14T08:45:00,2018-02-14T08:44:50,2018-02-14T08:45:00,0.004749892745167,0.9830410480499268,0,LOW,Exfiltration,medium,"[{'feature': 'Fwd_Bwd_Byte_Ratio', 'reason': 'High relative backward byte volume indicates data exfiltration.'}]",Impact,low,heuristic,0.0037564116064459,stable,[],[]
2018-02-14T08:45:10,2018-02-14T08:45:00,2018-02-14T08:45:10,0.0047972290776669,0.9830410480499268,0,LOW,Exfiltration,medium,"[{'feature': 'Fwd_Bwd_Byte_Ratio', 'reason': 'High relative backward byte volume indicates data exfiltration.'}]",Impact,low,heuristic,4.733633249990026e-05,stable,[],[]
2018-02-14T08:45:20,2018-02-14T08:45:10,2018-02-14T08:45:20,0.0028604008257389,0.9830410480499268,0,LOW,Exfiltration,medium,"[{'feature': 'Fwd_Bwd_Byte_Ratio', 'reason': 'High relative backward byte volume indicates data exfiltration.'}]",Impact,low,heuristic,-0.001936828251928,stable,[],[]
2018-02-14T08:45:30,2018-02-14T08:45:20,2018-02-14T08:45:30,0.0018773647025227,0.9830410480499268,0,LOW,Exfiltration,medium,"[{'feature': 'Fwd_Bwd_Byte_Ratio', 'reason': 'High relative backward byte volume indicates data exfiltration.'}]",Impact,low,heuristic,-0.0009830361232162,stable,[],[]
2018-02-14T08:45:40,2018-02-14T08:45:30,2018-02-14T08:45:40,0.0014468354638665,0.9830410480499268,0,LOW,Exfiltration,medium,"[{'feature': 'Fwd_Bwd_Byte_Ratio', 'reason': 'High relative backward byte volume indicates data exfiltration.'}]",Impact,low,heuristic,-0.0004305292386562001,stable,[],[]
2018-02-14T08:45:50,2018-02-14T08:45:40,2018-02-14T08:45:50,0.001243402948603,0.9830410480499268,0,LOW,Exfiltration,medium,"[{'feature': 'Fwd_Bwd_Byte_Ratio', 'reason': 'High relative backward byte volume indicates data exfiltration.'}]",Impact,low,heuristic,-0.00020343251526349997,stable,[],[]
2018-02-14T08:46:00,2018-02-14T08:45:50,2018-02-14T08:46:00,0.001137871062383,0.9830410480499268,0,LOW,Exfiltration,medium,"[{'feature': 'Fwd_Bwd_Byte_Ratio', 'reason': 'High relative backward byte volume indicates data exfiltration.'}]",Impact,low,heuristic,-0.00010553188622000002,stable,[],[]
2018-02-14T08:46:10,2018-02-14T08:46:00,2018-02-14T08:46:10,0.0010791806271299,0.9830410480499268,0,LOW,Exfiltration,medium,"[{'feature': 'Fwd_Bwd_Byte_Ratio', 'reason': 'High relative backward byte volume indicates data exfiltration.'}]",Impact,low,heuristic,-5.869043525309997e-05,stable,[],[]
2018-02-14T08:46:20,2018-02-14T08:46:10,2018-02-14T08:46:20,0.0010449149413034,0.9830410480499268,0,LOW,Exfiltration,medium,"[{'feature': 'Fwd_Bwd_Byte_Ratio', 'reason': 'High relative backward byte volume indicates data exfiltration.'}]",Impact,low,heuristic,-3.4265685826500095e-05,stable,[],[]
2018-02-14T08:46:30,2018-02-14T08:46:20,2018-02-14T08:46:30,0.0010244444711133,0.9830410480499268,0,LOW,Exfiltration,medium,"[{'feature': 'Fwd_Bwd_Byte_Ratio', 'reason': 'High relative backward byte volume indicates data exfiltration.'}]",Impact,low,heuristic,-2.0470470190099826e-05,stable,[],[]
2018-02-14T08:46:40,2018-02-14T08:46:30,2018-02-14T08:46:40,0.0010120449587702,0.9830410480499268,0,LOW,Exfiltration,medium,"[{'feature': 'Fwd_Bwd_Byte_Ratio', 'reason': 'High relative backward byte volume indicates data exfiltration.'}]",Impact,low,heuristic,-1.239951234309998e-05,stable,[],[]
2018-02-14T08:46:50,2018-02-14T08:46:40,2018-02-14T08:46:50,0.0010043411748483,0.9830410480499268,0,LOW,Exfiltration,medium,"[{'feature': 'Fwd_Bwd_Byte_Ratio', 'reason': 'High relative backward byte volume indicates data exfiltration.'}]",Impact,low,heuristic,-7.703783921900013e-06,stable,[],[]
2018-02-14T08:47:00,2018-02-14T08:46:50,2018-02-14T08:47:00,0.0009995502186939,0.9830410480499268,0,LOW,Exfiltration,medium,"[{'feature': 'Fwd_Bwd_Byte_Ratio', 'reason': 'High relative backward byte volume indicates data exfiltration.'}]",Impact,low,heuristic,-4.790956154399973e-06,stable,[],[]
2018-02-14T08:47:10,2018-02-14T08:47:00,2018-02-14T08:47:10,0.0026545033324509,0.9830410480499268,0,LOW,Command and Control,low,"[{'feature': 'Total_Bytes', 'reason': 'Low data volume consistent with C2 check-ins.'}]",Exfiltration / Impact,low,heuristic,0.001654953113757,stable,[],[]
2018-02-14T08:47:20,2018-02-14T08:47:10,2018-02-14T08:47:20,0.0092592956498265,0.9830410480499268,0,LOW,Command and Control,low,"[{'feature': 'Total_Bytes', 'reason': 'Low data volume consistent with C2 check-ins.'}]",Exfiltration / Impact,low,heuristic,0.006604792317375601,stable,[],[]
2018-02-14T08:47:30,2018-02-14T08:47:20,2018-02-14T08:47:30,0.0280826725065708,0.9830410480499268,0,LOW,Command and Control,low,"[{'feature': 'Total_Bytes', 'reason': 'Low data volume consistent with C2 check-ins.'}]",Exfiltration / Impact,low,heuristic,0.018823376856744296,stable,"[{'feature': 'Fwd Seg Size Min', 'importance': 0.011879459023475647, 'direction': 'increases_risk'}, {'feature': 'Init Fwd Win Byts', 'importance': 0.011268878355622292, 'direction': 'increases_risk'}, {'feature': 'Idle Mean', 'importance': -0.010234270244836807, 'direction': 'decreases_risk'}, {'feature': 'RST_SYN_Ratio', 'importance': -0.00949474424123764, 'direction': 'decreases_risk'}, {'feature': 'Idle Max', 'importance': -0.009330414235591888, 'direction': 'decreases_risk'}]","[{'window_offset': -3, 'importance': -0.024107675999403}, {'window_offset': -4, 'importance': -0.014176573604345322}, {'window_offset': 0, 'importance': 0.013730094768106937}]"
2018-02-14T08:47:40,2018-02-14T08:47:30,2018-02-14T08:47:40,0.0086144478991627,0.9830410480499268,0,LOW,Exfiltration,medium,"[{'feature': 'Fwd_Bwd_Byte_Ratio', 'reason': 'High relative backward byte volume indicates data exfiltration.'}]",Impact,low,heuristic,-0.0194682246074081,stable,[],[]
2018-02-14T08:47:50,2018-02-14T08:47:40,2018-02-14T08:47:50,0.0183299947530031,0.9830410480499268,0,LOW,Exfiltration,medium,"[{'feature': 'Fwd_Bwd_Byte_Ratio', 'reason': 'High relative backward byte volume indicates data exfiltration.'}]",Impact,low,heuristic,0.0097155468538404,stable,"[{'feature': 'Flow IAT Min', 'importance': -0.0076570939272642136, 'direction': 'decreases_risk'}, {'feature': 'Fwd IAT Min', 'importance': -0.005738686770200729, 'direction': 'decreases_risk'}, {'feature': 'Idle Mean', 'importance': -0.004502406343817711, 'direction': 'decreases_risk'}, {'feature': 'Idle Max', 'importance': -0.0038262344896793365, 'direction': 'decreases_risk'}, {'feature': 'Fwd Seg Size Min', 'importance': 0.0033623380586504936, 'direction': 'increases_risk'}]","[{'window_offset': -1, 'importance': -0.016366170719265938}, {'window_offset': 0, 'importance': 0.010852729436010122}, {'window_offset': -2, 'importance': 0.003980221226811409}]"
2018-02-14T08:48:00,2018-02-14T08:47:50,2018-02-14T08:48:00,0.0089265564456582,0.9830410480499268,0,LOW,Exfiltration,medium,"[{'feature': 'Fwd_Bwd_Byte_Ratio', 'reason': 'High relative backward byte volume indicates data exfiltration.'}]",Impact,low,heuristic,-0.0094034383073449,stable,[],[]
2018-02-14T08:48:10,2018-02-14T08:48:00,2018-02-14T08:48:10,0.0035962688270956,0.9830410480499268,0,LOW,Exfiltration,medium,"[{'feature': 'Fwd_Bwd_Byte_Ratio', 'reason': 'High relative backward byte volume indicates data exfiltration.'}]",Impact,low,heuristic,-0.0053302876185626,stable,[],[]
2018-02-14T08:48:20,2018-02-14T08:48:10,2018-02-14T08:48:20,0.0020404669921845,0.9830410480499268,0,LOW,Exfiltration,medium,"[{'feature': 'Fwd_Bwd_Byte_Ratio', 'reason': 'High relative backward byte volume indicates data exfiltration.'}]",Impact,low,heuristic,-0.0015558018349111002,stable,[],[]
2018-02-14T08:48:30,2018-02-14T08:48:20,2018-02-14T08:48:30,0.0014975906815379,0.9830410480499268,0,LOW,Exfiltration,medium,"[{'feature': 'Fwd_Bwd_Byte_Ratio', 'reason': 'High relative backward byte volume indicates data exfiltration.'}]",Impact,low,heuristic,-0.0005428763106465999,stable,[],[]
2018-02-14T08:48:40,2018-02-14T08:48:30,2018-02-14T08:48:40,0.0012622686335816,0.9830410480499268,0,LOW,Exfiltration,medium,"[{'feature': 'Fwd_Bwd_Byte_Ratio', 'reason': 'High relative backward byte volume indicates data exfiltration.'}]",Impact,low,heuristic,-0.0002353220479563,stable,[],[]
2018-02-14T08:48:50,2018-02-14T08:48:40,2018-02-14T08:48:50,0.0011448162840679,0.9830410480499268,0,LOW,Exfiltration,medium,"[{'feature': 'Fwd_Bwd_Byte_Ratio', 'reason': 'High relative backward byte volume indicates data exfiltration.'}]",Impact,low,heuristic,-0.00011745234951369998,stable,[],[]
2018-02-14T08:49:00,2018-02-14T08:48:50,2018-02-14T08:49:00,0.0010809071827679,0.9830410480499268,0,LOW,Exfiltration,medium,"[{'feature': 'Fwd_Bwd_Byte_Ratio', 'reason': 'High relative backward byte volume indicates data exfiltration.'}]",Impact,low,heuristic,-6.390910129999987e-05,stable,[],[]
2018-02-14T08:49:10,2018-02-14T08:49:00,2018-02-14T08:49:10,0.0010441069025546,0.9830410480499268,0,LOW,Exfiltration,medium,"[{'feature': 'Fwd_Bwd_Byte_Ratio', 'reason': 'High relative backward byte volume indicates data exfiltration.'}]",Impact,low,heuristic,-3.680028021330007e-05,stable,[],[]
2018-02-14T08:49:20,2018-02-14T08:49:10,2018-02-14T08:49:20,0.0010222732089459,0.9830410480499268,0,LOW,Exfiltration,medium,"[{'feature': 'Fwd_Bwd_Byte_Ratio', 'reason': 'High relative backward byte volume indicates data exfiltration.'}]",Impact,low,heuristic,-2.1833693608699955e-05,stable,[],[]
2018-02-14T08:49:30,2018-02-14T08:49:20,2018-02-14T08:49:30,0.0010092310840263,0.9830410480499268,0,LOW,Exfiltration,medium,"[{'feature': 'Fwd_Bwd_Byte_Ratio', 'reason': 'High relative backward byte volume indicates data exfiltration.'}]",Impact,low,heuristic,-1.3042124919600056e-05,stable,[],[]
2018-02-14T08:49:40,2018-02-14T08:49:30,2018-02-14T08:49:40,0.0010012190323323,0.9830410480499268,0,LOW,Exfiltration,medium,"[{'feature': 'Fwd_Bwd_Byte_Ratio', 'reason': 'High relative backward byte volume indicates data exfiltration.'}]",Impact,low,heuristic,-8.012051693999942e-06,stable,[],[]
2018-02-14T08:49:50,2018-02-14T08:49:40,2018-02-14T08:49:50,0.0009964311029762,0.9830410480499268,0,LOW,Exfiltration,medium,"[{'feature': 'Fwd_Bwd_Byte_Ratio', 'reason': 'High relative backward byte volume indicates data exfiltration.'}]",Impact,low,heuristic,-4.787929356100127e-06,stable,[],[]
2018-02-14T08:50:00,2018-02-14T08:49:50,2018-02-14T08:50:00,0.0009936756687238,0.9830410480499268,0,LOW,Exfiltration,medium,"[{'feature': 'Fwd_Bwd_Byte_Ratio', 'reason': 'High relative backward byte volume indicates data exfiltration.'}]",Impact,low,heuristic,-2.7554342523999995e-06,stable,[],[]
2018-02-14T08:50:10,2018-02-14T08:50:00,2018-02-14T08:50:10,0.0009923530742526,0.9830410480499268,0,LOW,Exfiltration,medium,"[{'feature': 'Fwd_Bwd_Byte_Ratio', 'reason': 'High relative backward byte volume indicates data exfiltration.'}]",Impact,low,heuristic,-1.3225944711999123e-06,stable,[],[]
2018-02-14T08:50:20,2018-02-14T08:50:10,2018-02-14T08:50:20,0.0009920157026499,0.9830410480499268,0,LOW,Exfiltration,medium,"[{'feature': 'Fwd_Bwd_Byte_Ratio', 'reason': 'High relative backward byte volume indicates data exfiltration.'}]",Impact,low,heuristic,-3.373716026999936e-07,stable,[],[]
2018-02-14T08:50:30,2018-02-14T08:50:20,2018-02-14T08:50:30,0.000992159359157,0.9830410480499268,0,LOW,Exfiltration,medium,"[{'feature': 'Fwd_Bwd_Byte_Ratio', 'reason': 'High relative backward byte volume indicates data exfiltration.'}]",Impact,low,heuristic,1.4365650709995993e-07,stable,[],[]
2018-02-14T08:50:40,2018-02-14T08:50:30,2018-02-14T08:50:40,0.0047452156431972,0.9830410480499268,0,LOW,Exfiltration,medium,"[{'feature': 'Fwd_Bwd_Byte_Ratio', 'reason': 'High relative backward byte volume indicates data exfiltration.'}]",Impact,low,heuristic,0.0037530562840402,stable,[],[]
2018-02-14T08:50:50,2018-02-14T08:50:40,2018-02-14T08:50:50,0.0047971447929739,0.9830410480499268,0,LOW,Exfiltration,medium,"[{'feature': 'Fwd_Bwd_Byte_Ratio', 'reason': 'High relative backward byte volume indicates data exfiltration.'}]",Impact,low,heuristic,5.192914977669976e-05,stable,[],[]
2018-02-14T08:51:00,2018-02-14T08:50:50,2018-02-14T08:51:00,0.0028604033868759,0.9830410480499268,0,LOW,Exfiltration,medium,"[{'feature': 'Fwd_Bwd_Byte_Ratio', 'reason': 'High relative backward byte volume indicates data exfiltration.'}]",Impact,low,heuristic,-0.001936741406098,stable,[],[]
2018-02-14T08:51:10,2018-02-14T08:51:00,2018-02-14T08:51:10,0.0018773690098896,0.9830410480499268,0,LOW,Exfiltration,medium,"[{'feature': 'Fwd_Bwd_Byte_Ratio', 'reason': 'High relative backward byte volume indicates data exfiltration.'}]",Impact,low,heuristic,-0.0009830343769862999,stable,[],[]
2018-02-14T08:51:20,2018-02-14T08:51:10,2018-02-14T08:51:20,0.001446837442927,0.9830410480499268,0,LOW,Exfiltration,medium,"[{'feature': 'Fwd_Bwd_Byte_Ratio', 'reason': 'High relative backward byte volume indicates data exfiltration.'}]",Impact,low,heuristic,-0.00043053156696259997,stable,[],[]
2018-02-14T08:51:30,2018-02-14T08:51:20,2018-02-14T08:51:30,0.0012434041127562,0.9830410480499268,0,LOW,Exfiltration,medium,"[{'feature': 'Fwd_Bwd_Byte_Ratio', 'reason': 'High relative backward byte volume indicates data exfiltration.'}]",Impact,low,heuristic,-0.00020343333017080003,stable,[],[]
2018-02-14T08:51:40,2018-02-14T08:51:30,2018-02-14T08:51:40,0.001137871062383,0.9830410480499268,0,LOW,Exfiltration,medium,"[{'feature': 'Fwd_Bwd_Byte_Ratio', 'reason': 'High relative backward byte volume indicates data exfiltration.'}]",Impact,low,heuristic,-0.00010553305037320007,stable,[],[]
2018-02-14T08:51:50,2018-02-14T08:51:40,2018-02-14T08:51:50,0.0010791806271299,0.9830410480499268,0,LOW,Exfiltration,medium,"[{'feature': 'Fwd_Bwd_Byte_Ratio', 'reason': 'High relative backward byte volume indicates data exfiltration.'}]",Impact,low,heuristic,-5.869043525309997e-05,stable,[],[]
2018-02-14T08:52:00,2018-02-14T08:51:50,2018-02-14T08:52:00,0.0010449144756421,0.9830410480499268,0,LOW,Exfiltration,medium,"[{'feature': 'Fwd_Bwd_Byte_Ratio', 'reason': 'High relative backward byte volume indicates data exfiltration.'}]",Impact,low,heuristic,-3.426615148779998e-05,stable,[],[]
2018-02-14T08:52:10,2018-02-14T08:52:00,2018-02-14T08:52:10,0.001024444005452,0.9830410480499268,0,LOW,Exfiltration,medium,"[{'feature': 'Fwd_Bwd_Byte_Ratio', 'reason': 'High relative backward byte volume indicates data exfiltration.'}]",Impact,low,heuristic,-2.0470470190100043e-05,stable,[],[]
2018-02-14T08:52:20,2018-02-14T08:52:10,2018-02-14T08:52:20,0.0010120449587702,0.9830410480499268,0,LOW,Exfiltration,medium,"[{'feature': 'Fwd_Bwd_Byte_Ratio', 'reason': 'High relative backward byte volume indicates data exfiltration.'}]",Impact,low,heuristic,-1.2399046681799879e-05,stable,[],[]
2018-02-14T08:52:30,2018-02-14T08:52:20,2018-02-14T08:52:30,0.0010043411748483,0.9830410480499268,0,LOW,Exfiltration,medium,"[{'feature': 'Fwd_Bwd_Byte_Ratio', 'reason': 'High relative backward byte volume indicates data exfiltration.'}]",Impact,low,heuristic,-7.703783921900013e-06,stable,[],[]
2018-02-14T08:52:40,2018-02-14T08:52:30,2018-02-14T08:52:40,0.0009995511500164,0.9830410480499268,0,LOW,Exfiltration,medium,"[{'feature': 'Fwd_Bwd_Byte_Ratio', 'reason': 'High relative backward byte volume indicates data exfiltration.'}]",Impact,low,heuristic,-4.790024831900167e-06,stable,[],[]
2018-02-14T08:52:50,2018-02-14T08:52:40,2018-02-14T08:52:50,0.0009966888464987,0.9830410480499268,0,LOW,Exfiltration,medium,"[{'feature': 'Fwd_Bwd_Byte_Ratio', 'reason': 'High relative backward byte volume indicates data exfiltration.'}]",Impact,low,heuristic,-2.8623035176998657e-06,stable,[],[]
2018-02-14T08:53:00,2018-02-14T08:52:50,2018-02-14T08:53:00,0.0009949734667316,0.9830410480499268,0,LOW,Exfiltration,medium,"[{'feature': 'Fwd_Bwd_Byte_Ratio', 'reason': 'High relative backward byte volume indicates data exfiltration.'}]",Impact,low,heuristic,-1.7153797670999352e-06,stable,[],[]
2018-02-14T08:53:10,2018-02-14T08:53:00,2018-02-14T08:53:10,0.0009939157171174,0.9830410480499268,0,LOW,Exfiltration,medium,"[{'feature': 'Fwd_Bwd_Byte_Ratio', 'reason': 'High relative backward byte volume indicates data exfiltration.'}]",Impact,low,heuristic,-1.0577496142001944e-06,stable,[],[]
2018-02-14T08:53:20,2018-02-14T08:53:10,2018-02-14T08:53:20,0.0009934811387211,0.9830410480499268,0,LOW,Exfiltration,medium,"[{'feature': 'Fwd_Bwd_Byte_Ratio', 'reason': 'High relative backward byte volume indicates data exfiltration.'}]",Impact,low,heuristic,-4.3457839629993354e-07,stable,[],[]
2018-02-14T08:53:30,2018-02-14T08:53:20,2018-02-14T08:53:30,0.004749892745167,0.9830410480499268,0,LOW,Exfiltration,medium,"[{'feature': 'Fwd_Bwd_Byte_Ratio', 'reason': 'High relative backward byte volume indicates data exfiltration.'}]",Impact,low,heuristic,0.0037564116064459,stable,[],[]
2018-02-14T08:53:40,2018-02-14T08:53:30,2018-02-14T08:53:40,0.0047971378080546,0.9830410480499268,0,LOW,Exfiltration,medium,"[{'feature': 'Fwd_Bwd_Byte_Ratio', 'reason': 'High relative backward byte volume indicates data exfiltration.'}]",Impact,low,heuristic,4.724506288760009e-05,stable,[],[]
2018-02-14T08:53:50,2018-02-14T08:53:40,2018-02-14T08:53:50,0.0028604008257389,0.9830410480499268,0,LOW,Exfiltration,medium,"[{'feature': 'Fwd_Bwd_Byte_Ratio', 'reason': 'High relative backward byte volume indicates data exfiltration.'}]",Impact,low,heuristic,-0.0019367369823156998,stable,[],[]
2018-02-14T08:54:00,2018-02-14T08:53:50,2018-02-14T08:54:00,0.001877368078567,0.9830410480499268,0,LOW,Exfiltration,medium,"[{'feature': 'Fwd_Bwd_Byte_Ratio', 'reason': 'High relative backward byte volume indicates data exfiltration.'}]",Impact,low,heuristic,-0.0009830327471718999,stable,[],[]
2018-02-14T08:54:10,2018-02-14T08:54:00,2018-02-14T08:54:10,0.0014468381414189,0.9830410480499268,0,LOW,Exfiltration,medium,"[{'feature': 'Fwd_Bwd_Byte_Ratio', 'reason': 'High relative backward byte volume indicates data exfiltration.'}]",Impact,low,heuristic,-0.00043052993714810003,stable,[],[]
2018-02-14T08:54:20,2018-02-14T08:54:10,2018-02-14T08:54:20,0.0012434041127562,0.9830410480499268,0,LOW,Exfiltration,medium,"[{'feature': 'Fwd_Bwd_Byte_Ratio', 'reason': 'High relative backward byte volume indicates data exfiltration.'}]",Impact,low,heuristic,-0.00020343402866269998,stable,[],[]
2018-02-14T08:54:30,2018-02-14T08:54:20,2018-02-14T08:54:30,0.001137871062383,0.9830410480499268,0,LOW,Exfiltration,medium,"[{'feature': 'Fwd_Bwd_Byte_Ratio', 'reason': 'High relative backward byte volume indicates data exfiltration.'}]",Impact,low,heuristic,-0.00010553305037320007,stable,[],[]
2018-02-14T08:54:40,2018-02-14T08:54:30,2018-02-14T08:54:40,0.0010791806271299,0.9830410480499268,0,LOW,Exfiltration,medium,"[{'feature': 'Fwd_Bwd_Byte_Ratio', 'reason': 'High relative backward byte volume indicates data exfiltration.'}]",Impact,low,heuristic,-5.869043525309997e-05,stable,[],[]
2018-02-14T08:54:50,2018-02-14T08:54:40,2018-02-14T08:54:50,0.0010449149413034,0.9830410480499268,0,LOW,Exfiltration,medium,"[{'feature': 'Fwd_Bwd_Byte_Ratio', 'reason': 'High relative backward byte volume indicates data exfiltration.'}]",Impact,low,heuristic,-3.4265685826500095e-05,stable,[],[]
2018-02-14T08:55:00,2018-02-14T08:54:50,2018-02-14T08:55:00,0.001024444005452,0.9830410480499268,0,LOW,Exfiltration,medium,"[{'feature': 'Fwd_Bwd_Byte_Ratio', 'reason': 'High relative backward byte volume indicates data exfiltration.'}]",Impact,low,heuristic,-2.0470935851399927e-05,stable,[],[]
2018-02-14T08:55:10,2018-02-14T08:55:00,2018-02-14T08:55:10,0.0010120449587702,0.9830410480499268,0,LOW,Exfiltration,medium,"[{'feature': 'Fwd_Bwd_Byte_Ratio', 'reason': 'High relative backward byte volume indicates data exfiltration.'}]",Impact,low,heuristic,-1.2399046681799879e-05,stable,[],[]
2018-02-14T08:55:20,2018-02-14T08:55:10,2018-02-14T08:55:20,0.0010043411748483,0.9830410480499268,0,LOW,Exfiltration,medium,"[{'feature': 'Fwd_Bwd_Byte_Ratio', 'reason': 'High relative backward byte volume indicates data exfiltration.'}]",Impact,low,heuristic,-7.703783921900013e-06,stable,[],[]
2018-02-14T08:55:30,2018-02-14T08:55:20,2018-02-14T08:55:30,0.0009995506843551,0.9830410480499268,0,LOW,Exfiltration,medium,"[{'feature': 'Fwd_Bwd_Byte_Ratio', 'reason': 'High relative backward byte volume indicates data exfiltration.'}]",Impact,low,heuristic,-4.790490493200052e-06,stable,[],[]
2018-02-14T08:55:40,2018-02-14T08:55:30,2018-02-14T08:55:40,0.0009966888464987,0.9830410480499268,0,LOW,Exfiltration,medium,"[{'feature': 'Fwd_Bwd_Byte_Ratio', 'reason': 'High relative backward byte volume indicates data exfiltration.'}]",Impact,low,heuristic,-2.861837856399981e-06,stable,[],[]
2018-02-14T08:55:50,2018-02-14T08:55:40,2018-02-14T08:55:50,0.0009949734667316,0.9830410480499268,0,LOW,Exfiltration,medium,"[{'feature': 'Fwd_Bwd_Byte_Ratio', 'reason': 'High relative backward byte volume indicates data exfiltration.'}]",Impact,low,heuristic,-1.7153797670999352e-06,stable,[],[]
2018-02-14T08:56:00,2018-02-14T08:55:50,2018-02-14T08:56:00,0.0009939157171174,0.9830410480499268,0,LOW,Exfiltration,medium,"[{'feature': 'Fwd_Bwd_Byte_Ratio', 'reason': 'High relative backward byte volume indicates data exfiltration.'}]",Impact,low,heuristic,-1.0577496142001944e-06,stable,[],[]
2018-02-14T08:56:10,2018-02-14T08:56:00,2018-02-14T08:56:10,0.0009934811387211,0.9830410480499268,0,LOW,Exfiltration,medium,"[{'feature': 'Fwd_Bwd_Byte_Ratio', 'reason': 'High relative backward byte volume indicates data exfiltration.'}]",Impact,low,heuristic,-4.3457839629993354e-07,stable,[],[]
2018-02-14T08:56:20,2018-02-14T08:56:10,2018-02-14T08:56:20,0.004749892745167,0.9830410480499268,0,LOW,Exfiltration,medium,"[{'feature': 'Fwd_Bwd_Byte_Ratio', 'reason': 'High relative backward byte volume indicates data exfiltration.'}]",Impact,low,heuristic,0.0037564116064459,stable,[],[]
2018-02-14T08:56:30,2018-02-14T08:56:20,2018-02-14T08:56:30,0.0047972290776669,0.9830410480499268,0,LOW,Exfiltration,medium,"[{'feature': 'Fwd_Bwd_Byte_Ratio', 'reason': 'High relative backward byte volume indicates data exfiltration.'}]",Impact,low,heuristic,4.733633249990026e-05,stable,[],[]
2018-02-14T08:56:40,2018-02-14T08:56:30,2018-02-14T08:56:40,0.0028604008257389,0.9830410480499268,0,LOW,Exfiltration,medium,"[{'feature': 'Fwd_Bwd_Byte_Ratio', 'reason': 'High relative backward byte volume indicates data exfiltration.'}]",Impact,low,heuristic,-0.001936828251928,stable,[],[]
2018-02-14T08:56:50,2018-02-14T08:56:40,2018-02-14T08:56:50,0.0018773647025227,0.9830410480499268,0,LOW,Exfiltration,medium,"[{'feature': 'Fwd_Bwd_Byte_Ratio', 'reason': 'High relative backward byte volume indicates data exfiltration.'}]",Impact,low,heuristic,-0.0009830361232162,stable,[],[]
2018-02-14T08:57:00,2018-02-14T08:56:50,2018-02-14T08:57:00,0.0014468354638665,0.9830410480499268,0,LOW,Exfiltration,medium,"[{'feature': 'Fwd_Bwd_Byte_Ratio', 'reason': 'High relative backward byte volume indicates data exfiltration.'}]",Impact,low,heuristic,-0.0004305292386562001,stable,[],[]
2018-02-14T08:57:10,2018-02-14T08:57:00,2018-02-14T08:57:10,0.001243402948603,0.9830410480499268,0,LOW,Exfiltration,medium,"[{'feature': 'Fwd_Bwd_Byte_Ratio', 'reason': 'High relative backward byte volume indicates data exfiltration.'}]",Impact,low,heuristic,-0.00020343251526349997,stable,[],[]
2018-02-14T08:57:20,2018-02-14T08:57:10,2018-02-14T08:57:20,0.001137871062383,0.9830410480499268,0,LOW,Exfiltration,medium,"[{'feature': 'Fwd_Bwd_Byte_Ratio', 'reason': 'High relative backward byte volume indicates data exfiltration.'}]",Impact,low,heuristic,-0.00010553188622000002,stable,[],[]
2018-02-14T08:57:30,2018-02-14T08:57:20,2018-02-14T08:57:30,0.0010791806271299,0.9830410480499268,0,LOW,Exfiltration,medium,"[{'feature': 'Fwd_Bwd_Byte_Ratio', 'reason': 'High relative backward byte volume indicates data exfiltration.'}]",Impact,low,heuristic,-5.869043525309997e-05,stable,[],[]
2018-02-14T08:57:40,2018-02-14T08:57:30,2018-02-14T08:57:40,0.0010449149413034,0.9830410480499268,0,LOW,Exfiltration,medium,"[{'feature': 'Fwd_Bwd_Byte_Ratio', 'reason': 'High relative backward byte volume indicates data exfiltration.'}]",Impact,low,heuristic,-3.4265685826500095e-05,stable,[],[]
2018-02-14T08:57:50,2018-02-14T08:57:40,2018-02-14T08:57:50,0.0010244444711133,0.9830410480499268,0,LOW,Exfiltration,medium,"[{'feature': 'Fwd_Bwd_Byte_Ratio', 'reason': 'High relative backward byte volume indicates data exfiltration.'}]",Impact,low,heuristic,-2.0470470190099826e-05,stable,[],[]
2018-02-14T08:58:00,2018-02-14T08:57:50,2018-02-14T08:58:00,0.0010120449587702,0.9830410480499268,0,LOW,Exfiltration,medium,"[{'feature': 'Fwd_Bwd_Byte_Ratio', 'reason': 'High relative backward byte volume indicates data exfiltration.'}]",Impact,low,heuristic,-1.239951234309998e-05,stable,[],[]
2018-02-14T08:58:10,2018-02-14T08:58:00,2018-02-14T08:58:10,0.0010043411748483,0.9830410480499268,0,LOW,Exfiltration,medium,"[{'feature': 'Fwd_Bwd_Byte_Ratio', 'reason': 'High relative backward byte volume indicates data exfiltration.'}]",Impact,low,heuristic,-7.703783921900013e-06,stable,[],[]
2018-02-14T08:58:20,2018-02-14T08:58:10,2018-02-14T08:58:20,0.0035770395770668,0.9830410480499268,0,LOW,Command and Control,low,"[{'feature': 'Total_Bytes', 'reason': 'Low data volume consistent with C2 check-ins.'}]",Exfiltration / Impact,low,heuristic,0.0025726984022185,stable,[],[]
2018-02-14T08:58:30,2018-02-14T08:58:20,2018-02-14T08:58:30,0.0023875692859292,0.9830410480499268,0,LOW,Exfiltration,medium,"[{'feature': 'Fwd_Bwd_Byte_Ratio', 'reason': 'High relative backward byte volume indicates data exfiltration.'}]",Impact,low,heuristic,-0.0011894702911376,stable,[],[]
2018-02-14T08:58:40,2018-02-14T08:58:30,2018-02-14T08:58:40,0.0015419223345816,0.9830410480499268,0,LOW,Exfiltration,medium,"[{'feature': 'Fwd_Bwd_Byte_Ratio', 'reason': 'High relative backward byte volume indicates data exfiltration.'}]",Impact,low,heuristic,-0.0008456469513475999,stable,[],[]
2018-02-14T08:58:50,2018-02-14T08:58:40,2018-02-14T08:58:50,0.0012167883105576,0.9830410480499268,0,LOW,Exfiltration,medium,"[{'feature': 'Fwd_Bwd_Byte_Ratio', 'reason': 'High relative backward byte volume indicates data exfiltration.'}]",Impact,low,heuristic,-0.00032513402402400016,stable,[],[]
2018-02-14T08:59:00,2018-02-14T08:58:50,2018-02-14T08:59:00,0.0010854753199964,0.9830410480499268,0,LOW,Exfiltration,medium,"[{'feature': 'Fwd_Bwd_Byte_Ratio', 'reason': 'High relative backward byte volume indicates data exfiltration.'}]",Impact,low,heuristic,-0.00013131299056119987,stable,[],[]
2018-02-14T08:59:10,2018-02-14T08:59:00,2018-02-14T08:59:10,0.0051790615543723,0.9830410480499268,0,LOW,Exfiltration,medium,"[{'feature': 'Fwd_Bwd_Byte_Ratio', 'reason': 'High relative backward byte volume indicates data exfiltration.'}]",Impact,low,heuristic,0.0040935862343759,stable,[],[]
2018-02-14T08:59:20,2018-02-14T08:59:10,2018-02-14T08:59:20,0.0051384842954576,0.9830410480499268,0,LOW,Exfiltration,medium,"[{'feature': 'Fwd_Bwd_Byte_Ratio', 'reason': 'High relative backward byte volume indicates data exfiltration.'}]",Impact,low,heuristic,-4.057725891470042e-05,stable,[],[]
2018-02-14T08:59:30,2018-02-14T08:59:20,2018-02-14T08:59:30,0.0030007560271769,0.9830410480499268,0,LOW,Exfiltration,medium,"[{'feature': 'Fwd_Bwd_Byte_Ratio', 'reason': 'High relative backward byte volume indicates data exfiltration.'}]",Impact,low,heuristic,-0.0021377282682807,stable,[],[]
2018-02-14T08:59:40,2018-02-14T08:59:30,2018-02-14T08:59:40,0.001938130124472,0.9830410480499268,0,LOW,Exfiltration,medium,"[{'feature': 'Fwd_Bwd_Byte_Ratio', 'reason': 'High relative backward byte volume indicates data exfiltration.'}]",Impact,low,heuristic,-0.0010626259027049,stable,[],[]
2018-02-14T08:59:50,2018-02-14T08:59:40,2018-02-14T08:59:50,0.0014781448990106,0.9830410480499268,0,LOW,Exfiltration,medium,"[{'feature': 'Fwd_Bwd_Byte_Ratio', 'reason': 'High relative backward byte volume indicates data exfiltration.'}]",Impact,low,heuristic,-0.0004599852254614,stable,[],[]
2018-02-14T09:00:00,2018-02-14T08:59:50,2018-02-14T09:00:00,0.0012611523270606,0.9830410480499268,0,LOW,Exfiltration,medium,"[{'feature': 'Fwd_Bwd_Byte_Ratio', 'reason': 'High relative backward byte volume indicates data exfiltration.'}]",Impact,low,heuristic,-0.00021699257195,stable,[],[]
2018-02-14T09:00:10,2018-02-14T09:00:00,2018-02-14T09:00:10,0.001148585928604,0.9830410480499268,0,LOW,Exfiltration,medium,"[{'feature': 'Fwd_Bwd_Byte_Ratio', 'reason': 'High relative backward byte volume indicates data exfiltration.'}]",Impact,low,heuristic,-0.00011256639845659989,stable,[],[]
2018-02-14T09:00:20,2018-02-14T09:00:10,2018-02-14T09:00:20,0.0010862386552616,0.9830410480499268,0,LOW,Exfiltration,medium,"[{'feature': 'Fwd_Bwd_Byte_Ratio', 'reason': 'High relative backward byte volume indicates data exfiltration.'}]",Impact,low,heuristic,-6.234727334240007e-05,stable,[],[]
2018-02-14T09:00:30,2018-02-14T09:00:20,2018-02-14T09:00:30,0.0010500056669116,0.9830410480499268,0,LOW,Exfiltration,medium,"[{'feature': 'Fwd_Bwd_Byte_Ratio', 'reason': 'High relative backward byte volume indicates data exfiltration.'}]",Impact,low,heuristic,-3.6232988349999906e-05,stable,[],[]
2018-02-14T09:00:40,2018-02-14T09:00:30,2018-02-14T09:00:40,0.0010283573064953,0.9830410480499268,0,LOW,Exfiltration,medium,"[{'feature': 'Fwd_Bwd_Byte_Ratio', 'reason': 'High relative backward byte volume indicates data exfiltration.'}]",Impact,low,heuristic,-2.1648360416300083e-05,stable,[],[]
2018-02-14T09:00:50,2018-02-14T09:00:40,2018-02-14T09:00:50,0.0010150161106139,0.9830410480499268,0,LOW,Exfiltration,medium,"[{'feature': 'Fwd_Bwd_Byte_Ratio', 'reason': 'High relative backward byte volume indicates data exfiltration.'}]",Impact,low,heuristic,-1.3341195881399906e-05,stable,[],[]
2018-02-14T09:01:00,2018-02-14T09:00:50,2018-02-14T09:01:00,0.0010067879920825,0.9830410480499268,0,LOW,Exfiltration,medium,"[{'feature': 'Fwd_Bwd_Byte_Ratio', 'reason': 'High relative backward byte volume indicates data exfiltration.'}]",Impact,low,heuristic,-8.228118531400071e-06,stable,[],[]
2018-02-14T09:01:10,2018-02-14T09:01:00,2018-02-14T09:01:10,0.0010015902807936,0.9830410480499268,0,LOW,Exfiltration,medium,"[{'feature': 'Fwd_Bwd_Byte_Ratio', 'reason': 'High relative backward byte volume indicates data exfiltration.'}]",Impact,low,heuristic,-5.197711288899929e-06,stable,[],[]
2018-02-14T09:01:20,2018-02-14T09:01:10,2018-02-14T09:01:20,0.0009981404291465,0.9830410480499268,0,LOW,Exfiltration,medium,"[{'feature': 'Fwd_Bwd_Byte_Ratio', 'reason': 'High relative backward byte volume indicates data exfiltration.'}]",Impact,low,heuristic,-3.449851647100051e-06,stable,[],[]
2018-02-14T09:01:30,2018-02-14T09:01:20,2018-02-14T09:01:30,0.0009957872098311,0.9830410480499268,0,LOW,Exfiltration,medium,"[{'feature': 'Fwd_Bwd_Byte_Ratio', 'reason': 'High relative backward byte volume indicates data exfiltration.'}]",Impact,low,heuristic,-2.3532193154001194e-06,stable,[],[]
2018-02-14T09:01:40,2018-02-14T09:01:30,2018-02-14T09:01:40,0.0009939157171174,0.9830410480499268,0,LOW,Exfiltration,medium,"[{'feature': 'Fwd_Bwd_Byte_Ratio', 'reason': 'High relative backward byte volume indicates data exfiltration.'}]",Impact,low,heuristic,-1.8714927136999956e-06,stable,[],[]
2018-02-14T09:01:50,2018-02-14T09:01:40,2018-02-14T09:01:50,0.0047520664520561,0.9830410480499268,0,LOW,Exfiltration,medium,"[{'feature': 'Fwd_Bwd_Byte_Ratio', 'reason': 'High relative backward byte volume indicates data exfiltration.'}]",Impact,low,heuristic,0.0037581507349387,stable,[],[]
2018-02-14T09:02:00,2018-02-14T09:01:50,2018-02-14T09:02:00,0.0047997524961829,0.9830410480499268,0,LOW,Exfiltration,medium,"[{'feature': 'Fwd_Bwd_Byte_Ratio', 'reason': 'High relative backward byte volume indicates data exfiltration.'}]",Impact,low,heuristic,4.768604412680021e-05,stable,[],[]
2018-02-14T09:02:10,2018-02-14T09:02:00,2018-02-14T09:02:10,0.0028608634602278,0.9830410480499268,0,LOW,Exfiltration,medium,"[{'feature': 'Fwd_Bwd_Byte_Ratio', 'reason': 'High relative backward byte volume indicates data exfiltration.'}]",Impact,low,heuristic,-0.0019388890359551005,stable,[],[]
2018-02-14T09:02:20,2018-02-14T09:02:10,2018-02-14T09:02:20,0.0018781260587275,0.9830410480499268,0,LOW,Exfiltration,medium,"[{'feature': 'Fwd_Bwd_Byte_Ratio', 'reason': 'High relative backward byte volume indicates data exfiltration.'}]",Impact,low,heuristic,-0.0009827374015002998,stable,[],[]
2018-02-14T09:02:30,2018-02-14T09:02:20,2018-02-14T09:02:30,0.0014468381414189,0.9830410480499268,0,LOW,Exfiltration,medium,"[{'feature': 'Fwd_Bwd_Byte_Ratio', 'reason': 'High relative backward byte volume indicates data exfiltration.'}]",Impact,low,heuristic,-0.0004312879173086,stable,[],[]
2018-02-14T09:02:40,2018-02-14T09:02:30,2018-02-14T09:02:40,0.0012434041127562,0.9830410480499268,0,LOW,Exfiltration,medium,"[{'feature': 'Fwd_Bwd_Byte_Ratio', 'reason': 'High relative backward byte volume indicates data exfiltration.'}]",Impact,low,heuristic,-0.00020343402866269998,stable,[],[]
2018-02-14T09:02:50,2018-02-14T09:02:40,2018-02-14T09:02:50,0.001137871062383,0.9830410480499268,0,LOW,Exfiltration,medium,"[{'feature': 'Fwd_Bwd_Byte_Ratio', 'reason': 'High relative backward byte volume indicates data exfiltration.'}]",Impact,low,heuristic,-0.00010553305037320007,stable,[],[]
2018-02-14T09:03:00,2018-02-14T09:02:50,2018-02-14T09:03:00,0.0010791806271299,0.9830410480499268,0,LOW,Exfiltration,medium,"[{'feature': 'Fwd_Bwd_Byte_Ratio', 'reason': 'High relative backward byte volume indicates data exfiltration.'}]",Impact,low,heuristic,-5.869043525309997e-05,stable,[],[]
2018-02-14T09:03:10,2018-02-14T09:03:00,2018-02-14T09:03:10,0.0010449149413034,0.9830410480499268,0,LOW,Exfiltration,medium,"[{'feature': 'Fwd_Bwd_Byte_Ratio', 'reason': 'High relative backward byte volume indicates data exfiltration.'}]",Impact,low,heuristic,-3.4265685826500095e-05,stable,[],[]
2018-02-14T09:03:20,2018-02-14T09:03:10,2018-02-14T09:03:20,0.001024444005452,0.9830410480499268,0,LOW,Exfiltration,medium,"[{'feature': 'Fwd_Bwd_Byte_Ratio', 'reason': 'High relative backward byte volume indicates data exfiltration.'}]",Impact,low,heuristic,-2.0470935851399927e-05,stable,[],[]
2018-02-14T09:03:30,2018-02-14T09:03:20,2018-02-14T09:03:30,0.0010120449587702,0.9830410480499268,0,LOW,Exfiltration,medium,"[{'feature': 'Fwd_Bwd_Byte_Ratio', 'reason': 'High relative backward byte volume indicates data exfiltration.'}]",Impact,low,heuristic,-1.2399046681799879e-05,stable,[],[]
2018-02-14T09:03:40,2018-02-14T09:03:30,2018-02-14T09:03:40,0.0010043411748483,0.9830410480499268,0,LOW,Exfiltration,medium,"[{'feature': 'Fwd_Bwd_Byte_Ratio', 'reason': 'High relative backward byte volume indicates data exfiltration.'}]",Impact,low,heuristic,-7.703783921900013e-06,stable,[],[]
2018-02-14T09:03:50,2018-02-14T09:03:40,2018-02-14T09:03:50,0.0009995506843551,0.9830410480499268,0,LOW,Exfiltration,medium,"[{'feature': 'Fwd_Bwd_Byte_Ratio', 'reason': 'High relative backward byte volume indicates data exfiltration.'}]",Impact,low,heuristic,-4.790490493200052e-06,stable,[],[]
2018-02-14T09:04:00,2018-02-14T09:03:50,2018-02-14T09:04:00,0.0009966888464987,0.9830410480499268,0,LOW,Exfiltration,medium,"[{'feature': 'Fwd_Bwd_Byte_Ratio', 'reason': 'High relative backward byte volume indicates data exfiltration.'}]",Impact,low,heuristic,-2.861837856399981e-06,stable,[],[]
2018-02-14T09:04:10,2018-02-14T09:04:00,2018-02-14T09:04:10,0.0009949734667316,0.9830410480499268,0,LOW,Exfiltration,medium,"[{'feature': 'Fwd_Bwd_Byte_Ratio', 'reason': 'High relative backward byte volume indicates data exfiltration.'}]",Impact,low,heuristic,-1.7153797670999352e-06,stable,[],[]
2018-02-14T09:04:20,2018-02-14T09:04:10,2018-02-14T09:04:20,0.0009939157171174,0.9830410480499268,0,LOW,Exfiltration,medium,"[{'feature': 'Fwd_Bwd_Byte_Ratio', 'reason': 'High relative backward byte volume indicates data exfiltration.'}]",Impact,low,heuristic,-1.0577496142001944e-06,stable,[],[]
2018-02-14T09:04:30,2018-02-14T09:04:20,2018-02-14T09:04:30,0.0009934811387211,0.9830410480499268,0,LOW,Exfiltration,medium,"[{'feature': 'Fwd_Bwd_Byte_Ratio', 'reason': 'High relative backward byte volume indicates data exfiltration.'}]",Impact,low,heuristic,-4.3457839629993354e-07,stable,[],[]
2018-02-14T09:04:40,2018-02-14T09:04:30,2018-02-14T09:04:40,0.004749892745167,0.9830410480499268,0,LOW,Exfiltration,medium,"[{'feature': 'Fwd_Bwd_Byte_Ratio', 'reason': 'High relative backward byte volume indicates data exfiltration.'}]",Impact,low,heuristic,0.0037564116064459,stable,[],[]
2018-02-14T09:04:50,2018-02-14T09:04:40,2018-02-14T09:04:50,0.0047971378080546,0.9830410480499268,0,LOW,Exfiltration,medium,"[{'feature': 'Fwd_Bwd_Byte_Ratio', 'reason': 'High relative backward byte volume indicates data exfiltration.'}]",Impact,low,heuristic,4.724506288760009e-05,stable,[],[]
2018-02-14T09:05:00,2018-02-14T09:04:50,2018-02-14T09:05:00,0.0028604008257389,0.9830410480499268,0,LOW,Exfiltration,medium,"[{'feature': 'Fwd_Bwd_Byte_Ratio', 'reason': 'High relative backward byte volume indicates data exfiltration.'}]",Impact,low,heuristic,-0.0019367369823156998,stable,[],[]
2018-02-14T09:05:10,2018-02-14T09:05:00,2018-02-14T09:05:10,0.0126604065299034,0.9830410480499268,0,LOW,Command and Control,low,"[{'feature': 'Total_Bytes', 'reason': 'Low data volume consistent with C2 check-ins.'}]",Exfiltration / Impact,low,heuristic,0.0098000057041645,stable,"[{'feature': 'Idle Max', 'importance': -0.002767818048596382, 'direction': 'decreases_risk'}, {'feature': 'Idle Mean', 'importance': -0.0023873448371887207, 'direction': 'decreases_risk'}, {'feature': 'RST_SYN_Ratio', 'importance': -0.0018142322078347206, 'direction': 'decreases_risk'}, {'feature': 'Flow IAT Min', 'importance': -0.0014259787276387215, 'direction': 'decreases_risk'}, {'feature': 'Bwd Pkt Len Min', 'importance': 0.0012979479506611824, 'direction': 'increases_risk'}]","[{'window_offset': -1, 'importance': -0.015646534971892834}, {'window_offset': -2, 'importance': -0.012918180786073208}, {'window_offset': 0, 'importance': 0.008607200812548399}]"
2018-02-14T09:05:20,2018-02-14T09:05:10,2018-02-14T09:05:20,0.0066787526011466,0.9830410480499268,0,LOW,Exfiltration,medium,"[{'feature': 'Fwd_Bwd_Byte_Ratio', 'reason': 'High relative backward byte volume indicates data exfiltration.'}]",Impact,low,heuristic,-0.0059816539287568,stable,[],[]
2018-02-14T09:05:30,2018-02-14T09:05:20,2018-02-14T09:05:30,0.0029114016797393,0.9830410480499268,0,LOW,Exfiltration,medium,"[{'feature': 'Fwd_Bwd_Byte_Ratio', 'reason': 'High relative backward byte volume indicates data exfiltration.'}]",Impact,low,heuristic,-0.0037673509214073,stable,[],[]
2018-02-14T09:05:40,2018-02-14T09:05:30,2018-02-14T09:05:40,0.0018024481832981,0.9830410480499268,0,LOW,Exfiltration,medium,"[{'feature': 'Fwd_Bwd_Byte_Ratio', 'reason': 'High relative backward byte volume indicates data exfiltration.'}]",Impact,low,heuristic,-0.0011089534964412002,stable,[],[]
2018-02-14T09:05:50,2018-02-14T09:05:40,2018-02-14T09:05:50,0.001399592263624,0.9830410480499268,0,LOW,Exfiltration,medium,"[{'feature': 'Fwd_Bwd_Byte_Ratio', 'reason': 'High relative backward byte volume indicates data exfiltration.'}]",Impact,low,heuristic,-0.0004028559196740998,stable,[],[]
2018-02-14T09:06:00,2018-02-14T09:05:50,2018-02-14T09:06:00,0.0012176618911325,0.9830410480499268,0,LOW,Exfiltration,medium,"[{'feature': 'Fwd_Bwd_Byte_Ratio', 'reason': 'High relative backward byte volume indicates data exfiltration.'}]",Impact,low,heuristic,-0.00018193037249150017,stable,[],[]
2018-02-14T09:06:10,2018-02-14T09:06:00,2018-02-14T09:06:10,0.0011239686282351,0.9830410480499268,0,LOW,Exfiltration,medium,"[{'feature': 'Fwd_Bwd_Byte_Ratio', 'reason': 'High relative backward byte volume indicates data exfiltration.'}]",Impact,low,heuristic,-9.369326289739997e-05,stable,[],[]
2018-02-14T09:06:20,2018-02-14T09:06:10,2018-02-14T09:06:20,0.0010715005919337,0.9830410480499268,0,LOW,Exfiltration,medium,"[{'feature': 'Fwd_Bwd_Byte_Ratio', 'reason': 'High relative backward byte volume indicates data exfiltration.'}]",Impact,low,heuristic,-5.2468036301399996e-05,stable,[],[]
2018-02-14T09:06:30,2018-02-14T09:06:20,2018-02-14T09:06:30,0.0010409286478534,0.9830410480499268,0,LOW,Exfiltration,medium,"[{'feature': 'Fwd_Bwd_Byte_Ratio', 'reason': 'High relative backward byte volume indicates data exfiltration.'}]",Impact,low,heuristic,-3.05719440802999e-05,stable,[],[]
2018-02-14T09:06:40,2018-02-14T09:06:30,2018-02-14T09:06:40,0.0010223048739135,0.9830410480499268,0,LOW,Exfiltration,medium,"[{'feature': 'Fwd_Bwd_Byte_Ratio', 'reason': 'High relative backward byte volume indicates data exfiltration.'}]",Impact,low,heuristic,-1.862377393989996e-05,stable,[],[]
2018-02-14T09:06:50,2018-02-14T09:06:40,2018-02-14T09:06:50,0.0010107567068189,0.9830410480499268,0,LOW,Exfiltration,medium,"[{'feature': 'Fwd_Bwd_Byte_Ratio', 'reason': 'High relative backward byte volume indicates data exfiltration.'}]",Impact,low,heuristic,-1.1548167094599989e-05,stable,[],[]
2018-02-14T09:07:00,2018-02-14T09:06:50,2018-02-14T09:07:00,0.0010034727165475,0.9830410480499268,0,LOW,Exfiltration,medium,"[{'feature': 'Fwd_Bwd_Byte_Ratio', 'reason': 'High relative backward byte volume indicates data exfiltration.'}]",Impact,low,heuristic,-7.28399027140011e-06,stable,[],[]
2018-02-14T09:07:10,2018-02-14T09:07:00,2018-02-14T09:07:10,0.0009989362442865,0.9830410480499268,0,LOW,Exfiltration,medium,"[{'feature': 'Fwd_Bwd_Byte_Ratio', 'reason': 'High relative backward byte volume indicates data exfiltration.'}]",Impact,low,heuristic,-4.536472260999918e-06,stable,[],[]
2018-02-14T09:07:20,2018-02-14T09:07:10,2018-02-14T09:07:20,0.0009960841853171,0.9830410480499268,0,LOW,Exfiltration,medium,"[{'feature': 'Fwd_Bwd_Byte_Ratio', 'reason': 'High relative backward byte volume indicates data exfiltration.'}]",Impact,low,heuristic,-2.852058969400129e-06,stable,[],[]
2018-02-14T09:07:30,2018-02-14T09:07:20,2018-02-14T09:07:30,0.0047565381973981,0.9830410480499268,0,LOW,Exfiltration,medium,"[{'feature': 'Fwd_Bwd_Byte_Ratio', 'reason': 'High relative backward byte volume indicates data exfiltration.'}]",Impact,low,heuristic,0.003760454012081,stable,[],[]
2018-02-14T09:07:40,2018-02-14T09:07:30,2018-02-14T09:07:40,0.0047989799641072,0.9830410480499268,0,LOW,Exfiltration,medium,"[{'feature': 'Fwd_Bwd_Byte_Ratio', 'reason': 'High relative backward byte volume indicates data exfiltration.'}]",Impact,low,heuristic,4.2441766709100555e-05,stable,[],[]
2018-02-14T09:07:50,2018-02-14T09:07:40,2018-02-14T09:07:50,0.002860014559701,0.9830410480499268,0,LOW,Exfiltration,medium,"[{'feature': 'Fwd_Bwd_Byte_Ratio', 'reason': 'High relative backward byte volume indicates data exfiltration.'}]",Impact,low,heuristic,-0.0019389654044062003,stable,[],[]
2018-02-14T09:08:00,2018-02-14T09:07:50,2018-02-14T09:08:00,0.0018766829743981,0.9830410480499268,0,LOW,Exfiltration,medium,"[{'feature': 'Fwd_Bwd_Byte_Ratio', 'reason': 'High relative backward byte volume indicates data exfiltration.'}]",Impact,low,heuristic,-0.0009833315853029002,stable,[],[]
2018-02-14T09:08:10,2018-02-14T09:08:00,2018-02-14T09:08:10,0.0014457571087405,0.9830410480499268,0,LOW,Exfiltration,medium,"[{'feature': 'Fwd_Bwd_Byte_Ratio', 'reason': 'High relative backward byte volume indicates data exfiltration.'}]",Impact,low,heuristic,-0.0004309258656575998,stable,[],[]
2018-02-14T09:08:20,2018-02-14T09:08:10,2018-02-14T09:08:20,0.0012424066662788,0.9830410480499268,0,LOW,Exfiltration,medium,"[{'feature': 'Fwd_Bwd_Byte_Ratio', 'reason': 'High relative backward byte volume indicates data exfiltration.'}]",Impact,low,heuristic,-0.00020335044246170002,stable,[],[]
2018-02-14T09:08:30,2018-02-14T09:08:20,2018-02-14T09:08:30,0.001137871062383,0.9830410480499268,0,LOW,Exfiltration,medium,"[{'feature': 'Fwd_Bwd_Byte_Ratio', 'reason': 'High relative backward byte volume indicates data exfiltration.'}]",Impact,low,heuristic,-0.00010453560389580012,stable,[],[]
2018-02-14T09:08:40,2018-02-14T09:08:30,2018-02-14T09:08:40,0.0010791806271299,0.9830410480499268,0,LOW,Exfiltration,medium,"[{'feature': 'Fwd_Bwd_Byte_Ratio', 'reason': 'High relative backward byte volume indicates data exfiltration.'}]",Impact,low,heuristic,-5.869043525309997e-05,stable,[],[]
2018-02-14T09:08:50,2018-02-14T09:08:40,2018-02-14T09:08:50,0.0010449149413034,0.9830410480499268,0,LOW,Exfiltration,medium,"[{'feature': 'Fwd_Bwd_Byte_Ratio', 'reason': 'High relative backward byte volume indicates data exfiltration.'}]",Impact,low,heuristic,-3.4265685826500095e-05,stable,[],[]
2018-02-14T09:09:00,2018-02-14T09:08:50,2018-02-14T09:09:00,0.001024444005452,0.9830410480499268,0,LOW,Exfiltration,medium,"[{'feature': 'Fwd_Bwd_Byte_Ratio', 'reason': 'High relative backward byte volume indicates data exfiltration.'}]",Impact,low,heuristic,-2.0470935851399927e-05,stable,[],[]
2018-02-14T09:09:10,2018-02-14T09:09:00,2018-02-14T09:09:10,0.0010120449587702,0.9830410480499268,0,LOW,Exfiltration,medium,"[{'feature': 'Fwd_Bwd_Byte_Ratio', 'reason': 'High relative backward byte volume indicates data exfiltration.'}]",Impact,low,heuristic,-1.2399046681799879e-05,stable,[],[]
2018-02-14T09:09:20,2018-02-14T09:09:10,2018-02-14T09:09:20,0.0010043411748483,0.9830410480499268,0,LOW,Exfiltration,medium,"[{'feature': 'Fwd_Bwd_Byte_Ratio', 'reason': 'High relative backward byte volume indicates data exfiltration.'}]",Impact,low,heuristic,-7.703783921900013e-06,stable,[],[]
2018-02-14T09:09:30,2018-02-14T09:09:20,2018-02-14T09:09:30,0.0009995502186939,0.9830410480499268,0,LOW,Exfiltration,medium,"[{'feature': 'Fwd_Bwd_Byte_Ratio', 'reason': 'High relative backward byte volume indicates data exfiltration.'}]",Impact,low,heuristic,-4.790956154399973e-06,stable,[],[]
2018-02-14T09:09:40,2018-02-14T09:09:30,2018-02-14T09:09:40,0.0009966888464987,0.9830410480499268,0,LOW,Exfiltration,medium,"[{'feature': 'Fwd_Bwd_Byte_Ratio', 'reason': 'High relative backward byte volume indicates data exfiltration.'}]",Impact,low,heuristic,-2.86137219520006e-06,stable,[],[]
2018-02-14T09:09:50,2018-02-14T09:09:40,2018-02-14T09:09:50,0.0009949734667316,0.9830410480499268,0,LOW,Exfiltration,medium,"[{'feature': 'Fwd_Bwd_Byte_Ratio', 'reason': 'High relative backward byte volume indicates data exfiltration.'}]",Impact,low,heuristic,-1.7153797670999352e-06,stable,[],[]
2018-02-14T09:10:00,2018-02-14T09:09:50,2018-02-14T09:10:00,0.0009939157171174,0.9830410480499268,0,LOW,Exfiltration,medium,"[{'feature': 'Fwd_Bwd_Byte_Ratio', 'reason': 'High relative backward byte volume indicates data exfiltration.'}]",Impact,low,heuristic,-1.0577496142001944e-06,stable,[],[]
2018-02-14T09:10:10,2018-02-14T09:10:00,2018-02-14T09:10:10,0.0009934811387211,0.9830410480499268,0,LOW,Exfiltration,medium,"[{'feature': 'Fwd_Bwd_Byte_Ratio', 'reason': 'High relative backward byte volume indicates data exfiltration.'}]",Impact,low,heuristic,-4.3457839629993354e-07,stable,[],[]
2018-02-14T09:10:20,2018-02-14T09:10:10,2018-02-14T09:10:20,0.0047498908825218,0.9830410480499268,0,LOW,Exfiltration,medium,"[{'feature': 'Fwd_Bwd_Byte_Ratio', 'reason': 'High relative backward byte volume indicates data exfiltration.'}]",Impact,low,heuristic,0.0037564097438007003,stable,[],[]
2018-02-14T09:10:30,2018-02-14T09:10:20,2018-02-14T09:10:30,0.0047971471212804,0.9830410480499268,0,LOW,Exfiltration,medium,"[{'feature': 'Fwd_Bwd_Byte_Ratio', 'reason': 'High relative backward byte volume indicates data exfiltration.'}]",Impact,low,heuristic,4.725623875859956e-05,stable,[],[]
2018-02-14T09:10:40,2018-02-14T09:10:30,2018-02-14T09:10:40,0.0028604033868759,0.9830410480499268,0,LOW,Exfiltration,medium,"[{'feature': 'Fwd_Bwd_Byte_Ratio', 'reason': 'High relative backward byte volume indicates data exfiltration.'}]",Impact,low,heuristic,-0.0019367437344044998,stable,[],[]
2018-02-14T09:10:50,2018-02-14T09:10:40,2018-02-14T09:10:50,0.0018773690098896,0.9830410480499268,0,LOW,Exfiltration,medium,"[{'feature': 'Fwd_Bwd_Byte_Ratio', 'reason': 'High relative backward byte volume indicates data exfiltration.'}]",Impact,low,heuristic,-0.0009830343769862999,stable,[],[]
2018-02-14T09:11:00,2018-02-14T09:10:50,2018-02-14T09:11:00,0.001446837442927,0.9830410480499268,0,LOW,Exfiltration,medium,"[{'feature': 'Fwd_Bwd_Byte_Ratio', 'reason': 'High relative backward byte volume indicates data exfiltration.'}]",Impact,low,heuristic,-0.00043053156696259997,stable,[],[]
2018-02-14T09:11:10,2018-02-14T09:11:00,2018-02-14T09:11:10,0.0012434041127562,0.9830410480499268,0,LOW,Exfiltration,medium,"[{'feature': 'Fwd_Bwd_Byte_Ratio', 'reason': 'High relative backward byte volume indicates data exfiltration.'}]",Impact,low,heuristic,-0.00020343333017080003,stable,[],[]
2018-02-14T09:11:20,2018-02-14T09:11:10,2018-02-14T09:11:20,0.001137871062383,0.9830410480499268,0,LOW,Exfiltration,medium,"[{'feature': 'Fwd_Bwd_Byte_Ratio', 'reason': 'High relative backward byte volume indicates data exfiltration.'}]",Impact,low,heuristic,-0.00010553305037320007,stable,[],[]
2018-02-14T09:11:30,2018-02-14T09:11:20,2018-02-14T09:11:30,0.0010791806271299,0.9830410480499268,0,LOW,Exfiltration,medium,"[{'feature': 'Fwd_Bwd_Byte_Ratio', 'reason': 'High relative backward byte volume indicates data exfiltration.'}]",Impact,low,heuristic,-5.869043525309997e-05,stable,[],[]
2018-02-14T09:11:40,2018-02-14T09:11:30,2018-02-14T09:11:40,0.0010449144756421,0.9830410480499268,0,LOW,Exfiltration,medium,"[{'feature': 'Fwd_Bwd_Byte_Ratio', 'reason': 'High relative backward byte volume indicates data exfiltration.'}]",Impact,low,heuristic,-3.426615148779998e-05,stable,[],[]
2018-02-14T09:11:50,2018-02-14T09:11:40,2018-02-14T09:11:50,0.001024444005452,0.9830410480499268,0,LOW,Exfiltration,medium,"[{'feature': 'Fwd_Bwd_Byte_Ratio', 'reason': 'High relative backward byte volume indicates data exfiltration.'}]",Impact,low,heuristic,-2.0470470190100043e-05,stable,[],[]
2018-02-14T09:12:00,2018-02-14T09:11:50,2018-02-14T09:12:00,0.0010120449587702,0.9830410480499268,0,LOW,Exfiltration,medium,"[{'feature': 'Fwd_Bwd_Byte_Ratio', 'reason': 'High relative backward byte volume indicates data exfiltration.'}]",Impact,low,heuristic,-1.2399046681799879e-05,stable,[],[]
2018-02-14T09:12:10,2018-02-14T09:12:00,2018-02-14T09:12:10,0.0010043411748483,0.9830410480499268,0,LOW,Exfiltration,medium,"[{'feature': 'Fwd_Bwd_Byte_Ratio', 'reason': 'High relative backward byte volume indicates data exfiltration.'}]",Impact,low,heuristic,-7.703783921900013e-06,stable,[],[]
2018-02-14T09:12:20,2018-02-14T09:12:10,2018-02-14T09:12:20,0.0009995511500164,0.9830410480499268,0,LOW,Exfiltration,medium,"[{'feature': 'Fwd_Bwd_Byte_Ratio', 'reason': 'High relative backward byte volume indicates data exfiltration.'}]",Impact,low,heuristic,-4.790024831900167e-06,stable,[],[]
2018-02-14T09:12:30,2018-02-14T09:12:20,2018-02-14T09:12:30,0.0009966888464987,0.9830410480499268,0,LOW,Exfiltration,medium,"[{'feature': 'Fwd_Bwd_Byte_Ratio', 'reason': 'High relative backward byte volume indicates data exfiltration.'}]",Impact,low,heuristic,-2.8623035176998657e-06,stable,[],[]
2018-02-14T09:12:40,2018-02-14T09:12:30,2018-02-14T09:12:40,0.0009949734667316,0.9830410480499268,0,LOW,Exfiltration,medium,"[{'feature': 'Fwd_Bwd_Byte_Ratio', 'reason': 'High relative backward byte volume indicates data exfiltration.'}]",Impact,low,heuristic,-1.7153797670999352e-06,stable,[],[]
2018-02-14T09:12:50,2018-02-14T09:12:40,2018-02-14T09:12:50,0.0009939157171174,0.9830410480499268,0,LOW,Exfiltration,medium,"[{'feature': 'Fwd_Bwd_Byte_Ratio', 'reason': 'High relative backward byte volume indicates data exfiltration.'}]",Impact,low,heuristic,-1.0577496142001944e-06,stable,[],[]
2018-02-14T09:13:00,2018-02-14T09:12:50,2018-02-14T09:13:00,0.0009934811387211,0.9830410480499268,0,LOW,Exfiltration,medium,"[{'feature': 'Fwd_Bwd_Byte_Ratio', 'reason': 'High relative backward byte volume indicates data exfiltration.'}]",Impact,low,heuristic,-4.3457839629993354e-07,stable,[],[]
2018-02-14T09:13:10,2018-02-14T09:13:00,2018-02-14T09:13:10,0.004749892745167,0.9830410480499268,0,LOW,Exfiltration,medium,"[{'feature': 'Fwd_Bwd_Byte_Ratio', 'reason': 'High relative backward byte volume indicates data exfiltration.'}]",Impact,low,heuristic,0.0037564116064459,stable,[],[]
2018-02-14T09:13:20,2018-02-14T09:13:10,2018-02-14T09:13:20,0.0047972290776669,0.9830410480499268,0,LOW,Exfiltration,medium,"[{'feature': 'Fwd_Bwd_Byte_Ratio', 'reason': 'High relative backward byte volume indicates data exfiltration.'}]",Impact,low,heuristic,4.733633249990026e-05,stable,[],[]
2018-02-14T09:13:30,2018-02-14T09:13:20,2018-02-14T09:13:30,0.0028604008257389,0.9830410480499268,0,LOW,Exfiltration,medium,"[{'feature': 'Fwd_Bwd_Byte_Ratio', 'reason': 'High relative backward byte volume indicates data exfiltration.'}]",Impact,low,heuristic,-0.001936828251928,stable,[],[]
2018-02-14T09:13:40,2018-02-14T09:13:30,2018-02-14T09:13:40,0.0018773647025227,0.9830410480499268,0,LOW,Exfiltration,medium,"[{'feature': 'Fwd_Bwd_Byte_Ratio', 'reason': 'High relative backward byte volume indicates data exfiltration.'}]",Impact,low,heuristic,-0.0009830361232162,stable,[],[]
2018-02-14T09:13:50,2018-02-14T09:13:40,2018-02-14T09:13:50,0.0014468354638665,0.9830410480499268,0,LOW,Exfiltration,medium,"[{'feature': 'Fwd_Bwd_Byte_Ratio', 'reason': 'High relative backward byte volume indicates data exfiltration.'}]",Impact,low,heuristic,-0.0004305292386562001,stable,[],[]
2018-02-14T09:14:00,2018-02-14T09:13:50,2018-02-14T09:14:00,0.001243402948603,0.9830410480499268,0,LOW,Exfiltration,medium,"[{'feature': 'Fwd_Bwd_Byte_Ratio', 'reason': 'High relative backward byte volume indicates data exfiltration.'}]",Impact,low,heuristic,-0.00020343251526349997,stable,[],[]
2018-02-14T09:14:10,2018-02-14T09:14:00,2018-02-14T09:14:10,0.001137871062383,0.9830410480499268,0,LOW,Exfiltration,medium,"[{'feature': 'Fwd_Bwd_Byte_Ratio', 'reason': 'High relative backward byte volume indicates data exfiltration.'}]",Impact,low,heuristic,-0.00010553188622000002,stable,[],[]
2018-02-14T09:14:20,2018-02-14T09:14:10,2018-02-14T09:14:20,0.0010791806271299,0.9830410480499268,0,LOW,Exfiltration,medium,"[{'feature': 'Fwd_Bwd_Byte_Ratio', 'reason': 'High relative backward byte volume indicates data exfiltration.'}]",Impact,low,heuristic,-5.869043525309997e-05,stable,[],[]
2018-02-14T09:14:30,2018-02-14T09:14:20,2018-02-14T09:14:30,0.0010449149413034,0.9830410480499268,0,LOW,Exfiltration,medium,"[{'feature': 'Fwd_Bwd_Byte_Ratio', 'reason': 'High relative backward byte volume indicates data exfiltration.'}]",Impact,low,heuristic,-3.4265685826500095e-05,stable,[],[]
2018-02-14T09:14:40,2018-02-14T09:14:30,2018-02-14T09:14:40,0.0010244444711133,0.9830410480499268,0,LOW,Exfiltration,medium,"[{'feature': 'Fwd_Bwd_Byte_Ratio', 'reason': 'High relative backward byte volume indicates data exfiltration.'}]",Impact,low,heuristic,-2.0470470190099826e-05,stable,[],[]
2018-02-14T09:14:50,2018-02-14T09:14:40,2018-02-14T09:14:50,0.0010120449587702,0.9830410480499268,0,LOW,Exfiltration,medium,"[{'feature': 'Fwd_Bwd_Byte_Ratio', 'reason': 'High relative backward byte volume indicates data exfiltration.'}]",Impact,low,heuristic,-1.239951234309998e-05,stable,[],[]
2018-02-14T09:15:00,2018-02-14T09:14:50,2018-02-14T09:15:00,0.0010043411748483,0.9830410480499268,0,LOW,Exfiltration,medium,"[{'feature': 'Fwd_Bwd_Byte_Ratio', 'reason': 'High relative backward byte volume indicates data exfiltration.'}]",Impact,low,heuristic,-7.703783921900013e-06,stable,[],[]
2018-02-14T09:15:10,2018-02-14T09:15:00,2018-02-14T09:15:10,0.0009995502186939,0.9830410480499268,0,LOW,Exfiltration,medium,"[{'feature': 'Fwd_Bwd_Byte_Ratio', 'reason': 'High relative backward byte volume indicates data exfiltration.'}]",Impact,low,heuristic,-4.790956154399973e-06,stable,[],[]
2018-02-14T09:15:20,2018-02-14T09:15:10,2018-02-14T09:15:20,0.0009966888464987,0.9830410480499268,0,LOW,Exfiltration,medium,"[{'feature': 'Fwd_Bwd_Byte_Ratio', 'reason': 'High relative backward byte volume indicates data exfiltration.'}]",Impact,low,heuristic,-2.86137219520006e-06,stable,[],[]
2018-02-14T09:15:30,2018-02-14T09:15:20,2018-02-14T09:15:30,0.0009949734667316,0.9830410480499268,0,LOW,Exfiltration,medium,"[{'feature': 'Fwd_Bwd_Byte_Ratio', 'reason': 'High relative backward byte volume indicates data exfiltration.'}]",Impact,low,heuristic,-1.7153797670999352e-06,stable,[],[]
2018-02-14T09:15:40,2018-02-14T09:15:30,2018-02-14T09:15:40,0.0009939157171174,0.9830410480499268,0,LOW,Exfiltration,medium,"[{'feature': 'Fwd_Bwd_Byte_Ratio', 'reason': 'High relative backward byte volume indicates data exfiltration.'}]",Impact,low,heuristic,-1.0577496142001944e-06,stable,[],[]
2018-02-14T09:15:50,2018-02-14T09:15:40,2018-02-14T09:15:50,0.0009934811387211,0.9830410480499268,0,LOW,Exfiltration,medium,"[{'feature': 'Fwd_Bwd_Byte_Ratio', 'reason': 'High relative backward byte volume indicates data exfiltration.'}]",Impact,low,heuristic,-4.3457839629993354e-07,stable,[],[]
2018-02-14T09:16:00,2018-02-14T09:15:50,2018-02-14T09:16:00,0.004749892745167,0.9830410480499268,0,LOW,Exfiltration,medium,"[{'feature': 'Fwd_Bwd_Byte_Ratio', 'reason': 'High relative backward byte volume indicates data exfiltration.'}]",Impact,low,heuristic,0.0037564116064459,stable,[],[]
2018-02-14T09:16:10,2018-02-14T09:16:00,2018-02-14T09:16:10,0.0047971471212804,0.9830410480499268,0,LOW,Exfiltration,medium,"[{'feature': 'Fwd_Bwd_Byte_Ratio', 'reason': 'High relative backward byte volume indicates data exfiltration.'}]",Impact,low,heuristic,4.725437611340002e-05,stable,[],[]
2018-02-14T09:16:20,2018-02-14T09:16:10,2018-02-14T09:16:20,0.0028604033868759,0.9830410480499268,0,LOW,Exfiltration,medium,"[{'feature': 'Fwd_Bwd_Byte_Ratio', 'reason': 'High relative backward byte volume indicates data exfiltration.'}]",Impact,low,heuristic,-0.0019367437344044998,stable,[],[]
2018-02-14T09:16:30,2018-02-14T09:16:20,2018-02-14T09:16:30,0.0018773690098896,0.9830410480499268,0,LOW,Exfiltration,medium,"[{'feature': 'Fwd_Bwd_Byte_Ratio', 'reason': 'High relative backward byte volume indicates data exfiltration.'}]",Impact,low,heuristic,-0.0009830343769862999,stable,[],[]
2018-02-14T09:16:40,2018-02-14T09:16:30,2018-02-14T09:16:40,0.001446837442927,0.9830410480499268,0,LOW,Exfiltration,medium,"[{'feature': 'Fwd_Bwd_Byte_Ratio', 'reason': 'High relative backward byte volume indicates data exfiltration.'}]",Impact,low,heuristic,-0.00043053156696259997,stable,[],[]
2018-02-14T09:16:50,2018-02-14T09:16:40,2018-02-14T09:16:50,0.0012434041127562,0.9830410480499268,0,LOW,Exfiltration,medium,"[{'feature': 'Fwd_Bwd_Byte_Ratio', 'reason': 'High relative backward byte volume indicates data exfiltration.'}]",Impact,low,heuristic,-0.00020343333017080003,stable,[],[]
2018-02-14T09:17:00,2018-02-14T09:16:50,2018-02-14T09:17:00,0.001137871062383,0.9830410480499268,0,LOW,Exfiltration,medium,"[{'feature': 'Fwd_Bwd_Byte_Ratio', 'reason': 'High relative backward byte volume indicates data exfiltration.'}]",Impact,low,heuristic,-0.00010553305037320007,stable,[],[]
2018-02-14T09:17:10,2018-02-14T09:17:00,2018-02-14T09:17:10,0.0010791806271299,0.9830410480499268,0,LOW,Exfiltration,medium,"[{'feature': 'Fwd_Bwd_Byte_Ratio', 'reason': 'High relative backward byte volume indicates data exfiltration.'}]",Impact,low,heuristic,-5.869043525309997e-05,stable,[],[]
2018-02-14T09:17:20,2018-02-14T09:17:10,2018-02-14T09:17:20,0.0010449144756421,0.9830410480499268,0,LOW,Exfiltration,medium,"[{'feature': 'Fwd_Bwd_Byte_Ratio', 'reason': 'High relative backward byte volume indicates data exfiltration.'}]",Impact,low,heuristic,-3.426615148779998e-05,stable,[],[]
2018-02-14T09:17:30,2018-02-14T09:17:20,2018-02-14T09:17:30,0.001024444005452,0.9830410480499268,0,LOW,Exfiltration,medium,"[{'feature': 'Fwd_Bwd_Byte_Ratio', 'reason': 'High relative backward byte volume indicates data exfiltration.'}]",Impact,low,heuristic,-2.0470470190100043e-05,stable,[],[]
2018-02-14T09:17:40,2018-02-14T09:17:30,2018-02-14T09:17:40,0.0010120449587702,0.9830410480499268,0,LOW,Exfiltration,medium,"[{'feature': 'Fwd_Bwd_Byte_Ratio', 'reason': 'High relative backward byte volume indicates data exfiltration.'}]",Impact,low,heuristic,-1.2399046681799879e-05,stable,[],[]
2018-02-14T09:17:50,2018-02-14T09:17:40,2018-02-14T09:17:50,0.0010043411748483,0.9830410480499268,0,LOW,Exfiltration,medium,"[{'feature': 'Fwd_Bwd_Byte_Ratio', 'reason': 'High relative backward byte volume indicates data exfiltration.'}]",Impact,low,heuristic,-7.703783921900013e-06,stable,[],[]
2018-02-14T09:18:00,2018-02-14T09:17:50,2018-02-14T09:18:00,0.0009995511500164,0.9830410480499268,0,LOW,Exfiltration,medium,"[{'feature': 'Fwd_Bwd_Byte_Ratio', 'reason': 'High relative backward byte volume indicates data exfiltration.'}]",Impact,low,heuristic,-4.790024831900167e-06,stable,[],[]
2018-02-14T09:18:10,2018-02-14T09:18:00,2018-02-14T09:18:10,0.0009966888464987,0.9830410480499268,0,LOW,Exfiltration,medium,"[{'feature': 'Fwd_Bwd_Byte_Ratio', 'reason': 'High relative backward byte volume indicates data exfiltration.'}]",Impact,low,heuristic,-2.8623035176998657e-06,stable,[],[]
2018-02-14T09:18:20,2018-02-14T09:18:10,2018-02-14T09:18:20,0.0009949734667316,0.9830410480499268,0,LOW,Exfiltration,medium,"[{'feature': 'Fwd_Bwd_Byte_Ratio', 'reason': 'High relative backward byte volume indicates data exfiltration.'}]",Impact,low,heuristic,-1.7153797670999352e-06,stable,[],[]
2018-02-14T09:18:30,2018-02-14T09:18:20,2018-02-14T09:18:30,0.0009939157171174,0.9830410480499268,0,LOW,Exfiltration,medium,"[{'feature': 'Fwd_Bwd_Byte_Ratio', 'reason': 'High relative backward byte volume indicates data exfiltration.'}]",Impact,low,heuristic,-1.0577496142001944e-06,stable,[],[]
2018-02-14T09:18:40,2018-02-14T09:18:30,2018-02-14T09:18:40,0.0009934811387211,0.9830410480499268,0,LOW,Exfiltration,medium,"[{'feature': 'Fwd_Bwd_Byte_Ratio', 'reason': 'High relative backward byte volume indicates data exfiltration.'}]",Impact,low,heuristic,-4.3457839629993354e-07,stable,[],[]
2018-02-14T09:18:50,2018-02-14T09:18:40,2018-02-14T09:18:50,0.004749892745167,0.9830410480499268,0,LOW,Exfiltration,medium,"[{'feature': 'Fwd_Bwd_Byte_Ratio', 'reason': 'High relative backward byte volume indicates data exfiltration.'}]",Impact,low,heuristic,0.0037564116064459,stable,[],[]
2018-02-14T09:19:00,2018-02-14T09:18:50,2018-02-14T09:19:00,0.0047971378080546,0.9830410480499268,0,LOW,Exfiltration,medium,"[{'feature': 'Fwd_Bwd_Byte_Ratio', 'reason': 'High relative backward byte volume indicates data exfiltration.'}]",Impact,low,heuristic,4.724506288760009e-05,stable,[],[]
2018-02-14T09:19:10,2018-02-14T09:19:00,2018-02-14T09:19:10,0.0140628404915332,0.9830410480499268,0,LOW,Command and Control,low,"[{'feature': 'Total_Bytes', 'reason': 'Low data volume consistent with C2 check-ins.'}]",Exfiltration / Impact,low,heuristic,0.0092657026834786,stable,"[{'feature': 'Idle Max', 'importance': -0.003386818803846836, 'direction': 'decreases_risk'}, {'feature': 'Idle Mean', 'importance': -0.0032907435670495033, 'direction': 'decreases_risk'}, {'feature': 'Flow IAT Min', 'importance': -0.002633313648402691, 'direction': 'decreases_risk'}, {'feature': 'RST_SYN_Ratio', 'importance': -0.0024235201999545097, 'direction': 'decreases_risk'}, {'feature': 'Fwd Seg Size Min', 'importance': 0.001663312315940857, 'direction': 'increases_risk'}]","[{'window_offset': -1, 'importance': -0.024432959966361523}, {'window_offset': -2, 'importance': 0.009635797701776028}, {'window_offset': 0, 'importance': 0.006461970042437315}]"
2018-02-14T09:19:20,2018-02-14T09:19:10,2018-02-14T09:19:20,0.0062851090915501,0.9830410480499268,0,LOW,Exfiltration,medium,"[{'feature': 'Fwd_Bwd_Byte_Ratio', 'reason': 'High relative backward byte volume indicates data exfiltration.'}]",Impact,low,heuristic,-0.0077777313999831,stable,[],[]
2018-02-14T09:19:30,2018-02-14T09:19:20,2018-02-14T09:19:30,0.0026843638624995,0.9830410480499268,0,LOW,Exfiltration,medium,"[{'feature': 'Fwd_Bwd_Byte_Ratio', 'reason': 'High relative backward byte volume indicates data exfiltration.'}]",Impact,low,heuristic,-0.0036007452290505995,stable,[],[]
2018-02-14T09:19:40,2018-02-14T09:19:30,2018-02-14T09:19:40,0.0016932832077145,0.9830410480499268,0,LOW,Exfiltration,medium,"[{'feature': 'Fwd_Bwd_Byte_Ratio', 'reason': 'High relative backward byte volume indicates data exfiltration.'}]",Impact,low,heuristic,-0.0009910806547850002,stable,[],[]
2018-02-14T09:19:50,2018-02-14T09:19:40,2018-02-14T09:19:50,0.0013382150791585,0.9830410480499268,0,LOW,Exfiltration,medium,"[{'feature': 'Fwd_Bwd_Byte_Ratio', 'reason': 'High relative backward byte volume indicates data exfiltration.'}]",Impact,low,heuristic,-0.0003550681285559999,stable,[],[]
2018-02-14T09:20:00,2018-02-14T09:19:50,2018-02-14T09:20:00,0.0011797671904787,0.9830410480499268,0,LOW,Exfiltration,medium,"[{'feature': 'Fwd_Bwd_Byte_Ratio', 'reason': 'High relative backward byte volume indicates data exfiltration.'}]",Impact,low,heuristic,-0.00015844788867980003,stable,[],[]
2018-02-14T09:20:10,2018-02-14T09:20:00,2018-02-14T09:20:10,0.0010991912567988,0.9830410480499268,0,LOW,Exfiltration,medium,"[{'feature': 'Fwd_Bwd_Byte_Ratio', 'reason': 'High relative backward byte volume indicates data exfiltration.'}]",Impact,low,heuristic,-8.057593367990015e-05,stable,[],[]
2018-02-14T09:20:20,2018-02-14T09:20:10,2018-02-14T09:20:20,0.0010547854471951,0.9830410480499268,0,LOW,Exfiltration,medium,"[{'feature': 'Fwd_Bwd_Byte_Ratio', 'reason': 'High relative backward byte volume indicates data exfiltration.'}]",Impact,low,heuristic,-4.44058096036998e-05,stable,[],[]
2018-02-14T09:20:30,2018-02-14T09:20:20,2018-02-14T09:20:30,0.0010291796643286,0.9830410480499268,0,LOW,Exfiltration,medium,"[{'feature': 'Fwd_Bwd_Byte_Ratio', 'reason': 'High relative backward byte volume indicates data exfiltration.'}]",Impact,low,heuristic,-2.5605782866500084e-05,stable,[],[]
2018-02-14T09:20:40,2018-02-14T09:20:30,2018-02-14T09:20:40,0.00101387524046,0.9830410480499268,0,LOW,Exfiltration,medium,"[{'feature': 'Fwd_Bwd_Byte_Ratio', 'reason': 'High relative backward byte volume indicates data exfiltration.'}]",Impact,low,heuristic,-1.5304423868599997e-05,stable,[],[]
2018-02-14T09:20:50,2018-02-14T09:20:40,2018-02-14T09:20:50,0.0010046637617051,0.9830410480499268,0,LOW,Exfiltration,medium,"[{'feature': 'Fwd_Bwd_Byte_Ratio', 'reason': 'High relative backward byte volume indicates data exfiltration.'}]",Impact,low,heuristic,-9.211478754899945e-06,stable,[],[]
2018-02-14T09:21:00,2018-02-14T09:20:50,2018-02-14T09:21:00,0.0009989365935325,0.9830410480499268,0,LOW,Exfiltration,medium,"[{'feature': 'Fwd_Bwd_Byte_Ratio', 'reason': 'High relative backward byte volume indicates data exfiltration.'}]",Impact,low,heuristic,-5.7271681726000535e-06,stable,[],[]
2018-02-14T09:21:10,2018-02-14T09:21:00,2018-02-14T09:21:10,0.0009955567074939,0.9830410480499268,0,LOW,Exfiltration,medium,"[{'feature': 'Fwd_Bwd_Byte_Ratio', 'reason': 'High relative backward byte volume indicates data exfiltration.'}]",Impact,low,heuristic,-3.3798860386000974e-06,stable,[],[]
2018-02-14T09:21:20,2018-02-14T09:21:10,2018-02-14T09:21:20,0.0009934452828019,0.9830410480499268,0,LOW,Exfiltration,medium,"[{'feature': 'Fwd_Bwd_Byte_Ratio', 'reason': 'High relative backward byte volume indicates data exfiltration.'}]",Impact,low,heuristic,-2.1114246919998365e-06,stable,[],[]
2018-02-14T09:21:30,2018-02-14T09:21:20,2018-02-14T09:21:30,0.0009922112803906,0.9830410480499268,0,LOW,Exfiltration,medium,"[{'feature': 'Fwd_Bwd_Byte_Ratio', 'reason': 'High relative backward byte volume indicates data exfiltration.'}]",Impact,low,heuristic,-1.2340024113000232e-06,stable,[],[]
2018-02-14T09:21:40,2018-02-14T09:21:30,2018-02-14T09:21:40,0.0047404528595507,0.9830410480499268,0,LOW,Exfiltration,medium,"[{'feature': 'Fwd_Bwd_Byte_Ratio', 'reason': 'High relative backward byte volume indicates data exfiltration.'}]",Impact,low,heuristic,0.0037482415791600995,stable,[],[]
2018-02-14T09:21:50,2018-02-14T09:21:40,2018-02-14T09:21:50,0.0047890995629131,0.9830410480499268,0,LOW,Exfiltration,medium,"[{'feature': 'Fwd_Bwd_Byte_Ratio', 'reason': 'High relative backward byte volume indicates data exfiltration.'}]",Impact,low,heuristic,4.864670336239985e-05,stable,[],[]
2018-02-14T09:22:00,2018-02-14T09:21:50,2018-02-14T09:22:00,0.0028562066145241,0.9830410480499268,0,LOW,Exfiltration,medium,"[{'feature': 'Fwd_Bwd_Byte_Ratio', 'reason': 'High relative backward byte volume indicates data exfiltration.'}]",Impact,low,heuristic,-0.0019328929483889996,stable,[],[]
2018-02-14T09:22:10,2018-02-14T09:22:00,2018-02-14T09:22:10,0.0018749323207885,0.9830410480499268,0,LOW,Exfiltration,medium,"[{'feature': 'Fwd_Bwd_Byte_Ratio', 'reason': 'High relative backward byte volume indicates data exfiltration.'}]",Impact,low,heuristic,-0.0009812742937356,stable,[],[]
2018-02-14T09:22:20,2018-02-14T09:22:10,2018-02-14T09:22:20,0.0014451630413532,0.9830410480499268,0,LOW,Exfiltration,medium,"[{'feature': 'Fwd_Bwd_Byte_Ratio', 'reason': 'High relative backward byte volume indicates data exfiltration.'}]",Impact,low,heuristic,-0.0004297692794353002,stable,[],[]
2018-02-14T09:22:30,2018-02-14T09:22:20,2018-02-14T09:22:30,0.001243402948603,0.9830410480499268,0,LOW,Exfiltration,medium,"[{'feature': 'Fwd_Bwd_Byte_Ratio', 'reason': 'High relative backward byte volume indicates data exfiltration.'}]",Impact,low,heuristic,-0.00020176009275019993,stable,[],[]
2018-02-14T09:22:40,2018-02-14T09:22:30,2018-02-14T09:22:40,0.001137871062383,0.9830410480499268,0,LOW,Exfiltration,medium,"[{'feature': 'Fwd_Bwd_Byte_Ratio', 'reason': 'High relative backward byte volume indicates data exfiltration.'}]",Impact,low,heuristic,-0.00010553188622000002,stable,[],[]
2018-02-14T09:22:50,2018-02-14T09:22:40,2018-02-14T09:22:50,0.0010791806271299,0.9830410480499268,0,LOW,Exfiltration,medium,"[{'feature': 'Fwd_Bwd_Byte_Ratio', 'reason': 'High relative backward byte volume indicates data exfiltration.'}]",Impact,low,heuristic,-5.869043525309997e-05,stable,[],[]
2018-02-14T09:23:00,2018-02-14T09:22:50,2018-02-14T09:23:00,0.0010449149413034,0.9830410480499268,0,LOW,Exfiltration,medium,"[{'feature': 'Fwd_Bwd_Byte_Ratio', 'reason': 'High relative backward byte volume indicates data exfiltration.'}]",Impact,low,heuristic,-3.4265685826500095e-05,stable,[],[]
2018-02-14T09:23:10,2018-02-14T09:23:00,2018-02-14T09:23:10,0.0010244444711133,0.9830410480499268,0,LOW,Exfiltration,medium,"[{'feature': 'Fwd_Bwd_Byte_Ratio', 'reason': 'High relative backward byte volume indicates data exfiltration.'}]",Impact,low,heuristic,-2.0470470190099826e-05,stable,[],[]
2018-02-14T09:23:20,2018-02-14T09:23:10,2018-02-14T09:23:20,0.0010120449587702,0.9830410480499268,0,LOW,Exfiltration,medium,"[{'feature': 'Fwd_Bwd_Byte_Ratio', 'reason': 'High relative backward byte volume indicates data exfiltration.'}]",Impact,low,heuristic,-1.239951234309998e-05,stable,[],[]
2018-02-14T09:23:30,2018-02-14T09:23:20,2018-02-14T09:23:30,0.0010043411748483,0.9830410480499268,0,LOW,Exfiltration,medium,"[{'feature': 'Fwd_Bwd_Byte_Ratio', 'reason': 'High relative backward byte volume indicates data exfiltration.'}]",Impact,low,heuristic,-7.703783921900013e-06,stable,[],[]
2018-02-14T09:23:40,2018-02-14T09:23:30,2018-02-14T09:23:40,0.0009995502186939,0.9830410480499268,0,LOW,Exfiltration,medium,"[{'feature': 'Fwd_Bwd_Byte_Ratio', 'reason': 'High relative backward byte volume indicates data exfiltration.'}]",Impact,low,heuristic,-4.790956154399973e-06,stable,[],[]
2018-02-14T09:23:50,2018-02-14T09:23:40,2018-02-14T09:23:50,0.0009966888464987,0.9830410480499268,0,LOW,Exfiltration,medium,"[{'feature': 'Fwd_Bwd_Byte_Ratio', 'reason': 'High relative backward byte volume indicates data exfiltration.'}]",Impact,low,heuristic,-2.86137219520006e-06,stable,[],[]
2018-02-14T09:24:00,2018-02-14T09:23:50,2018-02-14T09:24:00,0.0009949734667316,0.9830410480499268,0,LOW,Exfiltration,medium,"[{'feature': 'Fwd_Bwd_Byte_Ratio', 'reason': 'High relative backward byte volume indicates data exfiltration.'}]",Impact,low,heuristic,-1.7153797670999352e-06,stable,[],[]
2018-02-14T09:24:10,2018-02-14T09:24:00,2018-02-14T09:24:10,0.0009939157171174,0.9830410480499268,0,LOW,Exfiltration,medium,"[{'feature': 'Fwd_Bwd_Byte_Ratio', 'reason': 'High relative backward byte volume indicates data exfiltration.'}]",Impact,low,heuristic,-1.0577496142001944e-06,stable,[],[]
2018-02-14T09:24:20,2018-02-14T09:24:10,2018-02-14T09:24:20,0.0009934811387211,0.9830410480499268,0,LOW,Exfiltration,medium,"[{'feature': 'Fwd_Bwd_Byte_Ratio', 'reason': 'High relative backward byte volume indicates data exfiltration.'}]",Impact,low,heuristic,-4.3457839629993354e-07,stable,[],[]
2018-02-14T09:24:30,2018-02-14T09:24:20,2018-02-14T09:24:30,0.004749892745167,0.9830410480499268,0,LOW,Exfiltration,medium,"[{'feature': 'Fwd_Bwd_Byte_Ratio', 'reason': 'High relative backward byte volume indicates data exfiltration.'}]",Impact,low,heuristic,0.0037564116064459,stable,[],[]
2018-02-14T09:24:40,2018-02-14T09:24:30,2018-02-14T09:24:40,0.0047971378080546,0.9830410480499268,0,LOW,Exfiltration,medium,"[{'feature': 'Fwd_Bwd_Byte_Ratio', 'reason': 'High relative backward byte volume indicates data exfiltration.'}]",Impact,low,heuristic,4.724506288760009e-05,stable,[],[]
2018-02-14T09:24:50,2018-02-14T09:24:40,2018-02-14T09:24:50,0.0028604008257389,0.9830410480499268,0,LOW,Exfiltration,medium,"[{'feature': 'Fwd_Bwd_Byte_Ratio', 'reason': 'High relative backward byte volume indicates data exfiltration.'}]",Impact,low,heuristic,-0.0019367369823156998,stable,[],[]
2018-02-14T09:25:00,2018-02-14T09:24:50,2018-02-14T09:25:00,0.0078868446871638,0.9830410480499268,0,LOW,Command and Control,low,"[{'feature': 'Total_Bytes', 'reason': 'Low data volume consistent with C2 check-ins.'}]",Exfiltration / Impact,low,heuristic,0.0050264438614249,stable,[],[]
2018-02-14T09:25:10,2018-02-14T09:25:00,2018-02-14T09:25:10,0.0039160675369203,0.9830410480499268,0,LOW,Exfiltration,medium,"[{'feature': 'Fwd_Bwd_Byte_Ratio', 'reason': 'High relative backward byte volume indicates data exfiltration.'}]",Impact,low,heuristic,-0.0039707771502435,stable,[],[]
2018-02-14T09:25:20,2018-02-14T09:25:10,2018-02-14T09:25:20,0.0020337530877441,0.9830410480499268,0,LOW,Exfiltration,medium,"[{'feature': 'Fwd_Bwd_Byte_Ratio', 'reason': 'High relative backward byte volume indicates data exfiltration.'}]",Impact,low,heuristic,-0.0018823144491762005,stable,[],[]
2018-02-14T09:25:30,2018-02-14T09:25:20,2018-02-14T09:25:30,0.0014331541024148,0.9830410480499268,0,LOW,Exfiltration,medium,"[{'feature': 'Fwd_Bwd_Byte_Ratio', 'reason': 'High relative backward byte volume indicates data exfiltration.'}]",Impact,low,heuristic,-0.0006005989853292999,stable,[],[]
2018-02-14T09:25:40,2018-02-14T09:25:30,2018-02-14T09:25:40,0.0012039830908179,0.9830410480499268,0,LOW,Exfiltration,medium,"[{'feature': 'Fwd_Bwd_Byte_Ratio', 'reason': 'High relative backward byte volume indicates data exfiltration.'}]",Impact,low,heuristic,-0.0002291710115969001,stable,[],[]
2018-02-14T09:25:50,2018-02-14T09:25:40,2018-02-14T09:25:50,0.001098574604839,0.9830410480499268,0,LOW,Exfiltration,medium,"[{'feature': 'Fwd_Bwd_Byte_Ratio', 'reason': 'High relative backward byte volume indicates data exfiltration.'}]",Impact,low,heuristic,-0.0001054084859788999,stable,[],[]
2018-02-14T09:26:00,2018-02-14T09:25:50,2018-02-14T09:26:00,0.0010457304306328,0.9830410480499268,0,LOW,Exfiltration,medium,"[{'feature': 'Fwd_Bwd_Byte_Ratio', 'reason': 'High relative backward byte volume indicates data exfiltration.'}]",Impact,low,heuristic,-5.2844174206200054e-05,stable,[],[]
2018-02-14T09:26:10,2018-02-14T09:26:00,2018-02-14T09:26:10,0.0010183389531448,0.9830410480499268,0,LOW,Exfiltration,medium,"[{'feature': 'Fwd_Bwd_Byte_Ratio', 'reason': 'High relative backward byte volume indicates data exfiltration.'}]",Impact,low,heuristic,-2.7391477487999968e-05,stable,[],[]
2018-02-14T09:26:20,2018-02-14T09:26:10,2018-02-14T09:26:20,0.0010041317436844,0.9830410480499268,0,LOW,Exfiltration,medium,"[{'feature': 'Fwd_Bwd_Byte_Ratio', 'reason': 'High relative backward byte volume indicates data exfiltration.'}]",Impact,low,heuristic,-1.4207209460400001e-05,stable,[],[]
2018-02-14T09:26:30,2018-02-14T09:26:20,2018-02-14T09:26:30,0.0009966678917407,0.9830410480499268,0,LOW,Exfiltration,medium,"[{'feature': 'Fwd_Bwd_Byte_Ratio', 'reason': 'High relative backward byte volume indicates data exfiltration.'}]",Impact,low,heuristic,-7.463851943699919e-06,stable,[],[]
2018-02-14T09:26:40,2018-02-14T09:26:30,2018-02-14T09:26:40,0.0009928571525961,0.9830410480499268,0,LOW,Exfiltration,medium,"[{'feature': 'Fwd_Bwd_Byte_Ratio', 'reason': 'High relative backward byte volume indicates data exfiltration.'}]",Impact,low,heuristic,-3.810739144600051e-06,stable,[],[]
2018-02-14T09:26:50,2018-02-14T09:26:40,2018-02-14T09:26:50,0.0009911159286275,0.9830410480499268,0,LOW,Exfiltration,medium,"[{'feature': 'Fwd_Bwd_Byte_Ratio', 'reason': 'High relative backward byte volume indicates data exfiltration.'}]",Impact,low,heuristic,-1.7412239685999416e-06,stable,[],[]
2018-02-14T09:27:00,2018-02-14T09:26:50,2018-02-14T09:27:00,0.0009905187180265,0.9830410480499268,0,LOW,Exfiltration,medium,"[{'feature': 'Fwd_Bwd_Byte_Ratio', 'reason': 'High relative backward byte volume indicates data exfiltration.'}]",Impact,low,heuristic,-5.97210601000148e-07,stable,[],[]
2018-02-14T09:27:10,2018-02-14T09:27:00,2018-02-14T09:27:10,0.0009904616745188,0.9830410480499268,0,LOW,Exfiltration,medium,"[{'feature': 'Fwd_Bwd_Byte_Ratio', 'reason': 'High relative backward byte volume indicates data exfiltration.'}]",Impact,low,heuristic,-5.704350769996855e-08,stable,[],[]
2018-02-14T09:27:20,2018-02-14T09:27:10,2018-02-14T09:27:20,0.0047335196286439,0.9830410480499268,0,LOW,Exfiltration,medium,"[{'feature': 'Fwd_Bwd_Byte_Ratio', 'reason': 'High relative backward byte volume indicates data exfiltration.'}]",Impact,low,heuristic,0.0037430579541251003,stable,[],[]
2018-02-14T09:27:30,2018-02-14T09:27:20,2018-02-14T09:27:30,0.0047986814752221,0.9830410480499268,0,LOW,Exfiltration,medium,"[{'feature': 'Fwd_Bwd_Byte_Ratio', 'reason': 'High relative backward byte volume indicates data exfiltration.'}]",Impact,low,heuristic,6.516184657820012e-05,stable,[],[]
2018-02-14T09:27:40,2018-02-14T09:27:30,2018-02-14T09:27:40,0.0028667673468589,0.9830410480499268,0,LOW,Exfiltration,medium,"[{'feature': 'Fwd_Bwd_Byte_Ratio', 'reason': 'High relative backward byte volume indicates data exfiltration.'}]",Impact,low,heuristic,-0.0019319141283632001,stable,[],[]
2018-02-14T09:27:50,2018-02-14T09:27:40,2018-02-14T09:27:50,0.0018824198050424,0.9830410480499268,0,LOW,Exfiltration,medium,"[{'feature': 'Fwd_Bwd_Byte_Ratio', 'reason': 'High relative backward byte volume indicates data exfiltration.'}]",Impact,low,heuristic,-0.0009843475418165003,stable,[],[]
2018-02-14T09:28:00,2018-02-14T09:27:50,2018-02-14T09:28:00,0.0014498062664642,0.9830410480499268,0,LOW,Exfiltration,medium,"[{'feature': 'Fwd_Bwd_Byte_Ratio', 'reason': 'High relative backward byte volume indicates data exfiltration.'}]",Impact,low,heuristic,-0.00043261353857819993,stable,[],[]
2018-02-14T09:28:10,2018-02-14T09:28:00,2018-02-14T09:28:10,0.0012450146023184,0.9830410480499268,0,LOW,Exfiltration,medium,"[{'feature': 'Fwd_Bwd_Byte_Ratio', 'reason': 'High relative backward byte volume indicates data exfiltration.'}]",Impact,low,heuristic,-0.00020479166414579995,stable,[],[]
2018-02-14T09:28:20,2018-02-14T09:28:10,2018-02-14T09:28:20,0.001137871062383,0.9830410480499268,0,LOW,Exfiltration,medium,"[{'feature': 'Fwd_Bwd_Byte_Ratio', 'reason': 'High relative backward byte volume indicates data exfiltration.'}]",Impact,low,heuristic,-0.00010714353993540007,stable,[],[]
2018-02-14T09:28:30,2018-02-14T09:28:20,2018-02-14T09:28:30,0.0010791806271299,0.9830410480499268,0,LOW,Exfiltration,medium,"[{'feature': 'Fwd_Bwd_Byte_Ratio', 'reason': 'High relative backward byte volume indicates data exfiltration.'}]",Impact,low,heuristic,-5.869043525309997e-05,stable,[],[]
2018-02-14T09:28:40,2018-02-14T09:28:30,2018-02-14T09:28:40,0.0010449149413034,0.9830410480499268,0,LOW,Exfiltration,medium,"[{'feature': 'Fwd_Bwd_Byte_Ratio', 'reason': 'High relative backward byte volume indicates data exfiltration.'}]",Impact,low,heuristic,-3.4265685826500095e-05,stable,[],[]
2018-02-14T09:28:50,2018-02-14T09:28:40,2018-02-14T09:28:50,0.001024444005452,0.9830410480499268,0,LOW,Exfiltration,medium,"[{'feature': 'Fwd_Bwd_Byte_Ratio', 'reason': 'High relative backward byte volume indicates data exfiltration.'}]",Impact,low,heuristic,-2.0470935851399927e-05,stable,[],[]
2018-02-14T09:29:00,2018-02-14T09:28:50,2018-02-14T09:29:00,0.0010120449587702,0.9830410480499268,0,LOW,Exfiltration,medium,"[{'feature': 'Fwd_Bwd_Byte_Ratio', 'reason': 'High relative backward byte volume indicates data exfiltration.'}]",Impact,low,heuristic,-1.2399046681799879e-05,stable,[],[]
2018-02-14T09:29:10,2018-02-14T09:29:00,2018-02-14T09:29:10,0.0010043411748483,0.9830410480499268,0,LOW,Exfiltration,medium,"[{'feature': 'Fwd_Bwd_Byte_Ratio', 'reason': 'High relative backward byte volume indicates data exfiltration.'}]",Impact,low,heuristic,-7.703783921900013e-06,stable,[],[]
2018-02-14T09:29:20,2018-02-14T09:29:10,2018-02-14T09:29:20,0.0009995506843551,0.9830410480499268,0,LOW,Exfiltration,medium,"[{'feature': 'Fwd_Bwd_Byte_Ratio', 'reason': 'High relative backward byte volume indicates data exfiltration.'}]",Impact,low,heuristic,-4.790490493200052e-06,stable,[],[]
2018-02-14T09:29:30,2018-02-14T09:29:20,2018-02-14T09:29:30,0.0009966888464987,0.9830410480499268,0,LOW,Exfiltration,medium,"[{'feature': 'Fwd_Bwd_Byte_Ratio', 'reason': 'High relative backward byte volume indicates data exfiltration.'}]",Impact,low,heuristic,-2.861837856399981e-06,stable,[],[]
2018-02-14T09:29:40,2018-02-14T09:29:30,2018-02-14T09:29:40,0.0009949734667316,0.9830410480499268,0,LOW,Exfiltration,medium,"[{'feature': 'Fwd_Bwd_Byte_Ratio', 'reason': 'High relative backward byte volume indicates data exfiltration.'}]",Impact,low,heuristic,-1.7153797670999352e-06,stable,[],[]
2018-02-14T09:29:50,2018-02-14T09:29:40,2018-02-14T09:29:50,0.0009939157171174,0.9830410480499268,0,LOW,Exfiltration,medium,"[{'feature': 'Fwd_Bwd_Byte_Ratio', 'reason': 'High relative backward byte volume indicates data exfiltration.'}]",Impact,low,heuristic,-1.0577496142001944e-06,stable,[],[]
2018-02-14T09:30:00,2018-02-14T09:29:50,2018-02-14T09:30:00,0.0047782664187252,0.9830410480499268,0,LOW,Command and Control,high,"[{'feature': 'Flow IAT Mean', 'reason': 'High mean IAT may indicate periodic beaconing.'}, {'feature': 'Total_Bytes', 'reason': 'Low data volume consistent with C2 check-ins.'}]",Exfiltration / Impact,low,heuristic,0.0037843507016078,stable,[],[]
2018-02-14T09:30:10,2018-02-14T09:30:00,2018-02-14T09:30:10,0.0059969495050609,0.9830410480499268,0,LOW,Exfiltration,medium,"[{'feature': 'Fwd_Bwd_Byte_Ratio', 'reason': 'High relative backward byte volume indicates data exfiltration.'}]",Impact,low,heuristic,0.0012186830863356998,stable,[],[]
2018-02-14T09:30:20,2018-02-14T09:30:10,2018-02-14T09:30:20,0.0035270366352051,0.9830410480499268,0,LOW,Exfiltration,medium,"[{'feature': 'Fwd_Bwd_Byte_Ratio', 'reason': 'High relative backward byte volume indicates data exfiltration.'}]",Impact,low,heuristic,-0.0024699128698557997,stable,[],[]
2018-02-14T09:30:30,2018-02-14T09:30:20,2018-02-14T09:30:30,0.0021868359763175,0.9830410480499268,0,LOW,Exfiltration,medium,"[{'feature': 'Fwd_Bwd_Byte_Ratio', 'reason': 'High relative backward byte volume indicates data exfiltration.'}]",Impact,low,heuristic,-0.0013402006588876,stable,[],[]
2018-02-14T09:30:40,2018-02-14T09:30:30,2018-02-14T09:30:40,0.0016139961080625,0.9830410480499268,0,LOW,Exfiltration,medium,"[{'feature': 'Fwd_Bwd_Byte_Ratio', 'reason': 'High relative backward byte volume indicates data exfiltration.'}]",Impact,low,heuristic,-0.0005728398682550001,stable,[],[]
2018-02-14T09:30:50,2018-02-14T09:30:40,2018-02-14T09:30:50,0.0013448065146803,0.9830410480499268,0,LOW,Exfiltration,medium,"[{'feature': 'Fwd_Bwd_Byte_Ratio', 'reason': 'High relative backward byte volume indicates data exfiltration.'}]",Impact,low,heuristic,-0.0002691895933822001,stable,[],[]
2018-02-14T09:31:00,2018-02-14T09:30:50,2018-02-14T09:31:00,0.0012036028783768,0.9830410480499268,0,LOW,Exfiltration,medium,"[{'feature': 'Fwd_Bwd_Byte_Ratio', 'reason': 'High relative backward byte volume indicates data exfiltration.'}]",Impact,low,heuristic,-0.00014120363630350003,stable,[],[]
2018-02-14T09:31:10,2018-02-14T09:31:00,2018-02-14T09:31:10,0.001123649533838,0.9830410480499268,0,LOW,Exfiltration,medium,"[{'feature': 'Fwd_Bwd_Byte_Ratio', 'reason': 'High relative backward byte volume indicates data exfiltration.'}]",Impact,low,heuristic,-7.995334453879985e-05,stable,[],[]
2018-02-14T09:31:20,2018-02-14T09:31:10,2018-02-14T09:31:20,0.0010761055164039,0.9830410480499268,0,LOW,Exfiltration,medium,"[{'feature': 'Fwd_Bwd_Byte_Ratio', 'reason': 'High relative backward byte volume indicates data exfiltration.'}]",Impact,low,heuristic,-4.754401743410001e-05,stable,[],[]
2018-02-14T09:31:30,2018-02-14T09:31:20,2018-02-14T09:31:30,0.0010465941159054,0.9830410480499268,0,LOW,Exfiltration,medium,"[{'feature': 'Fwd_Bwd_Byte_Ratio', 'reason': 'High relative backward byte volume indicates data exfiltration.'}]",Impact,low,heuristic,-2.951140049850011e-05,stable,[],[]
2018-02-14T09:31:40,2018-02-14T09:31:30,2018-02-14T09:31:40,0.0010280243586748,0.9830410480499268,0,LOW,Exfiltration,medium,"[{'feature': 'Fwd_Bwd_Byte_Ratio', 'reason': 'High relative backward byte volume indicates data exfiltration.'}]",Impact,low,heuristic,-1.856975723060002e-05,stable,[],[]
2018-02-14T09:31:50,2018-02-14T09:31:40,2018-02-14T09:31:50,0.0010158679215237,0.9830410480499268,0,LOW,Exfiltration,medium,"[{'feature': 'Fwd_Bwd_Byte_Ratio', 'reason': 'High relative backward byte volume indicates data exfiltration.'}]",Impact,low,heuristic,-1.215643715109997e-05,stable,[],[]
2018-02-14T09:32:00,2018-02-14T09:31:50,2018-02-14T09:32:00,0.0010079871863126,0.9830410480499268,0,LOW,Exfiltration,medium,"[{'feature': 'Fwd_Bwd_Byte_Ratio', 'reason': 'High relative backward byte volume indicates data exfiltration.'}]",Impact,low,heuristic,-7.88073521109994e-06,stable,[],[]
2018-02-14T09:32:10,2018-02-14T09:32:00,2018-02-14T09:32:10,0.0010028639808297,0.9830410480499268,0,LOW,Exfiltration,medium,"[{'feature': 'Fwd_Bwd_Byte_Ratio', 'reason': 'High relative backward byte volume indicates data exfiltration.'}]",Impact,low,heuristic,-5.123205482900116e-06,stable,[],[]
2018-02-14T09:32:20,2018-02-14T09:32:10,2018-02-14T09:32:20,0.0009994464926421,0.9830410480499268,0,LOW,Exfiltration,medium,"[{'feature': 'Fwd_Bwd_Byte_Ratio', 'reason': 'High relative backward byte volume indicates data exfiltration.'}]",Impact,low,heuristic,-3.417488187599854e-06,stable,[],[]
2018-02-14T09:32:30,2018-02-14T09:32:20,2018-02-14T09:32:30,0.0009971999097615,0.9830410480499268,0,LOW,Exfiltration,medium,"[{'feature': 'Fwd_Bwd_Byte_Ratio', 'reason': 'High relative backward byte volume indicates data exfiltration.'}]",Impact,low,heuristic,-2.246582880600142e-06,stable,[],[]
2018-02-14T09:32:40,2018-02-14T09:32:30,2018-02-14T09:32:40,0.0009955794084817,0.9830410480499268,0,LOW,Exfiltration,medium,"[{'feature': 'Fwd_Bwd_Byte_Ratio', 'reason': 'High relative backward byte volume indicates data exfiltration.'}]",Impact,low,heuristic,-1.6205012797999244e-06,stable,[],[]
2018-02-14T09:32:50,2018-02-14T09:32:40,2018-02-14T09:32:50,0.0047567505389451,0.9830410480499268,0,LOW,Exfiltration,medium,"[{'feature': 'Fwd_Bwd_Byte_Ratio', 'reason': 'High relative backward byte volume indicates data exfiltration.'}]",Impact,low,heuristic,0.0037611711304634003,stable,[],[]
2018-02-14T09:33:00,2018-02-14T09:32:50,2018-02-14T09:33:00,0.0047999662347137,0.9830410480499268,0,LOW,Exfiltration,medium,"[{'feature': 'Fwd_Bwd_Byte_Ratio', 'reason': 'High relative backward byte volume indicates data exfiltration.'}]",Impact,low,heuristic,4.3215695768599946e-05,stable,[],[]
2018-02-14T09:33:10,2018-02-14T09:33:00,2018-02-14T09:33:10,0.0028607789427042,0.9830410480499268,0,LOW,Exfiltration,medium,"[{'feature': 'Fwd_Bwd_Byte_Ratio', 'reason': 'High relative backward byte volume indicates data exfiltration.'}]",Impact,low,heuristic,-0.0019391872920095001,stable,[],[]
2018-02-14T09:33:20,2018-02-14T09:33:10,2018-02-14T09:33:20,0.0018773690098896,0.9830410480499268,0,LOW,Exfiltration,medium,"[{'feature': 'Fwd_Bwd_Byte_Ratio', 'reason': 'High relative backward byte volume indicates data exfiltration.'}]",Impact,low,heuristic,-0.0009834099328145998,stable,[],[]
2018-02-14T09:33:30,2018-02-14T09:33:20,2018-02-14T09:33:30,0.001446837442927,0.9830410480499268,0,LOW,Exfiltration,medium,"[{'feature': 'Fwd_Bwd_Byte_Ratio', 'reason': 'High relative backward byte volume indicates data exfiltration.'}]",Impact,low,heuristic,-0.00043053156696259997,stable,[],[]
2018-02-14T09:33:40,2018-02-14T09:33:30,2018-02-14T09:33:40,0.0012434041127562,0.9830410480499268,0,LOW,Exfiltration,medium,"[{'feature': 'Fwd_Bwd_Byte_Ratio', 'reason': 'High relative backward byte volume indicates data exfiltration.'}]",Impact,low,heuristic,-0.00020343333017080003,stable,[],[]
2018-02-14T09:33:50,2018-02-14T09:33:40,2018-02-14T09:33:50,0.001137871062383,0.9830410480499268,0,LOW,Exfiltration,medium,"[{'feature': 'Fwd_Bwd_Byte_Ratio', 'reason': 'High relative backward byte volume indicates data exfiltration.'}]",Impact,low,heuristic,-0.00010553305037320007,stable,[],[]
2018-02-14T09:34:00,2018-02-14T09:33:50,2018-02-14T09:34:00,0.0010791806271299,0.9830410480499268,0,LOW,Exfiltration,medium,"[{'feature': 'Fwd_Bwd_Byte_Ratio', 'reason': 'High relative backward byte volume indicates data exfiltration.'}]",Impact,low,heuristic,-5.869043525309997e-05,stable,[],[]
2018-02-14T09:34:10,2018-02-14T09:34:00,2018-02-14T09:34:10,0.0010449144756421,0.9830410480499268,0,LOW,Exfiltration,medium,"[{'feature': 'Fwd_Bwd_Byte_Ratio', 'reason': 'High relative backward byte volume indicates data exfiltration.'}]",Impact,low,heuristic,-3.426615148779998e-05,stable,[],[]
2018-02-14T09:34:20,2018-02-14T09:34:10,2018-02-14T09:34:20,0.001024444005452,0.9830410480499268,0,LOW,Exfiltration,medium,"[{'feature': 'Fwd_Bwd_Byte_Ratio', 'reason': 'High relative backward byte volume indicates data exfiltration.'}]",Impact,low,heuristic,-2.0470470190100043e-05,stable,[],[]
2018-02-14T09:34:30,2018-02-14T09:34:20,2018-02-14T09:34:30,0.0010120449587702,0.9830410480499268,0,LOW,Exfiltration,medium,"[{'feature': 'Fwd_Bwd_Byte_Ratio', 'reason': 'High relative backward byte volume indicates data exfiltration.'}]",Impact,low,heuristic,-1.2399046681799879e-05,stable,[],[]
2018-02-14T09:34:40,2018-02-14T09:34:30,2018-02-14T09:34:40,0.0156235508620738,0.9830410480499268,0,LOW,Reconnaissance,low,"[{'feature': 'Avg_Pkt_Size', 'reason': 'Small packet sizes consistent with scanning probes.'}]",Initial Access,low,heuristic,0.014611505903303599,stable,"[{'feature': 'SYN_FIN_Ratio', 'importance': 0.01041486207395792, 'direction': 'increases_risk'}, {'feature': 'Bwd IAT Max', 'importance': -0.0031240787357091904, 'direction': 'decreases_risk'}, {'feature': 'Bwd Pkt Len Max', 'importance': -0.0027772989124059677, 'direction': 'decreases_risk'}, {'feature': 'Fwd_Pkt_Proportion', 'importance': -0.0025171954184770584, 'direction': 'decreases_risk'}, {'feature': 'Bwd IAT Std', 'importance': 0.002381988801062107, 'direction': 'increases_risk'}]","[{'window_offset': 0, 'importance': 0.01406700350344181}, {'window_offset': -1, 'importance': -0.010055340826511383}, {'window_offset': -2, 'importance': -0.009720241650938988}]"
2018-02-14T09:34:50,2018-02-14T09:34:40,2018-02-14T09:34:50,0.0141257606446743,0.9830410480499268,0,LOW,Exfiltration,medium,"[{'feature': 'Fwd_Bwd_Byte_Ratio', 'reason': 'High relative backward byte volume indicates data exfiltration.'}]",Impact,low,heuristic,-0.0014977902173995,stable,"[{'feature': 'SYN_FIN_Ratio', 'importance': 0.010169235989451408, 'direction': 'increases_risk'}, {'feature': 'Fwd_Bwd_Byte_Ratio', 'importance': -0.005977781489491463, 'direction': 'decreases_risk'}, {'feature': 'RST_SYN_Ratio', 'importance': -0.004233082756400108, 'direction': 'decreases_risk'}, {'feature': 'Bwd IAT Max', 'importance': -0.003483222797513008, 'direction': 'decreases_risk'}, {'feature': 'Init Fwd Win Byts', 'importance': -0.002993788570165634, 'direction': 'decreases_risk'}]","[{'window_offset': 0, 'importance': -0.027228450402617455}, {'window_offset': -1, 'importance': 0.012674476020038128}, {'window_offset': -2, 'importance': -0.009946087375283241}]"
2018-02-14T09:35:00,2018-02-14T09:34:50,2018-02-14T09:35:00,0.0056985155679285,0.9830410480499268,0,LOW,Exfiltration,medium,"[{'feature': 'Fwd_Bwd_Byte_Ratio', 'reason': 'High relative backward byte volume indicates data exfiltration.'}]",Impact,low,heuristic,-0.0084272450767458,stable,[],[]
2018-02-14T09:35:10,2018-02-14T09:35:00,2018-02-14T09:35:10,0.0028202340472489,0.9830410480499268,0,LOW,Exfiltration,medium,"[{'feature': 'Fwd_Bwd_Byte_Ratio', 'reason': 'High relative backward byte volume indicates data exfiltration.'}]",Impact,low,heuristic,-0.0028782815206795996,stable,[],[]
2018-02-14T09:35:20,2018-02-14T09:35:10,2018-02-14T09:35:20,0.0018962023314088,0.9830410480499268,0,LOW,Exfiltration,medium,"[{'feature': 'Fwd_Bwd_Byte_Ratio', 'reason': 'High relative backward byte volume indicates data exfiltration.'}]",Impact,low,heuristic,-0.0009240317158401002,stable,[],[]
2018-02-14T09:35:30,2018-02-14T09:35:20,2018-02-14T09:35:30,0.001503589330241,0.9830410480499268,0,LOW,Exfiltration,medium,"[{'feature': 'Fwd_Bwd_Byte_Ratio', 'reason': 'High relative backward byte volume indicates data exfiltration.'}]",Impact,low,heuristic,-0.0003926130011678,stable,[],[]
2018-02-14T09:35:40,2018-02-14T09:35:30,2018-02-14T09:35:40,0.006308440119028,0.9830410480499268,0,LOW,Exfiltration,medium,"[{'feature': 'Fwd_Bwd_Byte_Ratio', 'reason': 'High relative backward byte volume indicates data exfiltration.'}]",Impact,low,heuristic,0.004804850788787,stable,[],[]
2018-02-14T09:35:50,2018-02-14T09:35:40,2018-02-14T09:35:50,0.005557638593018,0.9830410480499268,0,LOW,Exfiltration,medium,"[{'feature': 'Fwd_Bwd_Byte_Ratio', 'reason': 'High relative backward byte volume indicates data exfiltration.'}]",Impact,low,heuristic,-0.00075080152601,stable,[],[]
2018-02-14T09:36:00,2018-02-14T09:35:50,2018-02-14T09:36:00,0.0030735325999557,0.9830410480499268,0,LOW,Exfiltration,medium,"[{'feature': 'Fwd_Bwd_Byte_Ratio', 'reason': 'High relative backward byte volume indicates data exfiltration.'}]",Impact,low,heuristic,-0.0024841059930623003,stable,[],[]
2018-02-14T09:36:10,2018-02-14T09:36:00,2018-02-14T09:36:10,0.011254739947617,0.9830410480499268,0,LOW,Command and Control,low,"[{'feature': 'Total_Bytes', 'reason': 'Low data volume consistent with C2 check-ins.'}]",Exfiltration / Impact,low,heuristic,0.0081812073476613,stable,"[{'feature': 'Idle Max', 'importance': -0.0023635877296328545, 'direction': 'decreases_risk'}, {'feature': 'Idle Mean', 'importance': -0.0022266320884227753, 'direction': 'decreases_risk'}, {'feature': 'RST_SYN_Ratio', 'importance': -0.00191495381295681, 'direction': 'decreases_risk'}, {'feature': 'Idle Min', 'importance': -0.0013553658500313759, 'direction': 'decreases_risk'}, {'feature': 'Flow IAT Min', 'importance': -0.0012430138885974884, 'direction': 'decreases_risk'}]","[{'window_offset': -1, 'importance': -0.014137113466858864}, {'window_offset': -2, 'importance': -0.011404218152165413}, {'window_offset': 0, 'importance': 0.00714656338095665}]"
2018-02-14T09:36:20,2018-02-14T09:36:10,2018-02-14T09:36:20,0.005659956485033,0.9830410480499268,0,LOW,Exfiltration,medium,"[{'feature': 'Fwd_Bwd_Byte_Ratio', 'reason': 'High relative backward byte volume indicates data exfiltration.'}]",Impact,low,heuristic,-0.0055947834625840005,stable,[],[]
2018-02-14T09:36:30,2018-02-14T09:36:20,2018-02-14T09:36:30,0.0025990202557295,0.9830410480499268,0,LOW,Exfiltration,medium,"[{'feature': 'Fwd_Bwd_Byte_Ratio', 'reason': 'High relative backward byte volume indicates data exfiltration.'}]",Impact,low,heuristic,-0.0030609362293034996,stable,[],[]
2018-02-14T09:36:40,2018-02-14T09:36:30,2018-02-14T09:36:40,0.0016828110674396,0.9830410480499268,0,LOW,Exfiltration,medium,"[{'feature': 'Fwd_Bwd_Byte_Ratio', 'reason': 'High relative backward byte volume indicates data exfiltration.'}]",Impact,low,heuristic,-0.0009162091882899002,stable,[],[]
2018-02-14T09:36:50,2018-02-14T09:36:40,2018-02-14T09:36:50,0.0013400516472756,0.9830410480499268,0,LOW,Exfiltration,medium,"[{'feature': 'Fwd_Bwd_Byte_Ratio', 'reason': 'High relative backward byte volume indicates data exfiltration.'}]",Impact,low,heuristic,-0.00034275942016399994,stable,[],[]
2018-02-14T09:37:00,2018-02-14T09:36:50,2018-02-14T09:37:00,0.0011833468452095,0.9830410480499268,0,LOW,Exfiltration,medium,"[{'feature': 'Fwd_Bwd_Byte_Ratio', 'reason': 'High relative backward byte volume indicates data exfiltration.'}]",Impact,low,heuristic,-0.00015670480206609987,stable,[],[]
2018-02-14T09:37:10,2018-02-14T09:37:00,2018-02-14T09:37:10,0.0011022357502952,0.9830410480499268,0,LOW,Exfiltration,medium,"[{'feature': 'Fwd_Bwd_Byte_Ratio', 'reason': 'High relative backward byte volume indicates data exfiltration.'}]",Impact,low,heuristic,-8.111109491430019e-05,stable,[],[]
2018-02-14T09:37:20,2018-02-14T09:37:10,2018-02-14T09:37:20,0.001057336339727,0.9830410480499268,0,LOW,Exfiltration,medium,"[{'feature': 'Fwd_Bwd_Byte_Ratio', 'reason': 'High relative backward byte volume indicates data exfiltration.'}]",Impact,low,heuristic,-4.489941056819982e-05,stable,[],[]
2018-02-14T09:37:30,2018-02-14T09:37:20,2018-02-14T09:37:30,0.0010310118086636,0.9830410480499268,0,LOW,Exfiltration,medium,"[{'feature': 'Fwd_Bwd_Byte_Ratio', 'reason': 'High relative backward byte volume indicates data exfiltration.'}]",Impact,low,heuristic,-2.6324531063400165e-05,stable,[],[]
2018-02-14T09:37:40,2018-02-14T09:37:30,2018-02-14T09:37:40,0.0010154800256714,0.9830410480499268,0,LOW,Exfiltration,medium,"[{'feature': 'Fwd_Bwd_Byte_Ratio', 'reason': 'High relative backward byte volume indicates data exfiltration.'}]",Impact,low,heuristic,-1.553178299219999e-05,stable,[],[]
2018-02-14T09:37:50,2018-02-14T09:37:40,2018-02-14T09:37:50,0.00100590265356,0.9830410480499268,0,LOW,Exfiltration,medium,"[{'feature': 'Fwd_Bwd_Byte_Ratio', 'reason': 'High relative backward byte volume indicates data exfiltration.'}]",Impact,low,heuristic,-9.577372111399833e-06,stable,[],[]
2018-02-14T09:38:00,2018-02-14T09:37:50,2018-02-14T09:38:00,0.00100066838786,0.9830410480499268,0,LOW,Exfiltration,medium,"[{'feature': 'Fwd_Bwd_Byte_Ratio', 'reason': 'High relative backward byte volume indicates data exfiltration.'}]",Impact,low,heuristic,-5.23426569999999e-06,stable,[],[]
2018-02-14T09:38:10,2018-02-14T09:38:00,2018-02-14T09:38:10,0.0009968398371711,0.9830410480499268,0,LOW,Exfiltration,medium,"[{'feature': 'Fwd_Bwd_Byte_Ratio', 'reason': 'High relative backward byte volume indicates data exfiltration.'}]",Impact,low,heuristic,-3.828550688900071e-06,stable,[],[]
2018-02-14T09:38:20,2018-02-14T09:38:10,2018-02-14T09:38:20,0.0009945291094481,0.9830410480499268,0,LOW,Exfiltration,medium,"[{'feature': 'Fwd_Bwd_Byte_Ratio', 'reason': 'High relative backward byte volume indicates data exfiltration.'}]",Impact,low,heuristic,-2.310727723000075e-06,stable,[],[]
2018-02-14T09:38:30,2018-02-14T09:38:20,2018-02-14T09:38:30,0.004749575164169,0.9830410480499268,0,LOW,Exfiltration,medium,"[{'feature': 'Fwd_Bwd_Byte_Ratio', 'reason': 'High relative backward byte volume indicates data exfiltration.'}]",Impact,low,heuristic,0.0037550460547209003,stable,[],[]
2018-02-14T09:38:40,2018-02-14T09:38:30,2018-02-14T09:38:40,0.0047958088107407,0.9830410480499268,0,LOW,Exfiltration,medium,"[{'feature': 'Fwd_Bwd_Byte_Ratio', 'reason': 'High relative backward byte volume indicates data exfiltration.'}]",Impact,low,heuristic,4.623364657169952e-05,stable,[],[]
2018-02-14T09:38:50,2018-02-14T09:38:40,2018-02-14T09:38:50,0.0126777170225977,0.9830410480499268,0,LOW,Exfiltration,medium,"[{'feature': 'Fwd_Bwd_Byte_Ratio', 'reason': 'High relative backward byte volume indicates data exfiltration.'}]",Impact,low,heuristic,0.007881908211857,stable,"[{'feature': 'Idle Max', 'importance': -0.0027849888429045677, 'direction': 'decreases_risk'}, {'feature': 'Idle Mean', 'importance': -0.002564242109656334, 'direction': 'decreases_risk'}, {'feature': 'Flow IAT Min', 'importance': -0.0017524510622024536, 'direction': 'decreases_risk'}, {'feature': 'RST_SYN_Ratio', 'importance': -0.0017415909096598625, 'direction': 'decreases_risk'}, {'feature': 'Fwd Pkt Len Std', 'importance': -0.0013312269002199173, 'direction': 'decreases_risk'}]","[{'window_offset': -1, 'importance': -0.019040601328015327}, {'window_offset': -2, 'importance': 0.00839364156126976}, {'window_offset': 0, 'importance': 0.0050931465812027454}]"
2018-02-14T09:39:00,2018-02-14T09:38:50,2018-02-14T09:39:00,0.0056305960752069,0.9830410480499268,0,LOW,Exfiltration,medium,"[{'feature': 'Fwd_Bwd_Byte_Ratio', 'reason': 'High relative backward byte volume indicates data exfiltration.'}]",Impact,low,heuristic,-0.0070471209473908,stable,[],[]
2018-02-14T09:39:10,2018-02-14T09:39:00,2018-02-14T09:39:10,0.0025521926581859,0.9830410480499268,0,LOW,Exfiltration,medium,"[{'feature': 'Fwd_Bwd_Byte_Ratio', 'reason': 'High relative backward byte volume indicates data exfiltration.'}]",Impact,low,heuristic,-0.0030784034170209997,stable,[],[]
2018-02-14T09:39:20,2018-02-14T09:39:10,2018-02-14T09:39:20,0.0016588333528488,0.9830410480499268,0,LOW,Exfiltration,medium,"[{'feature': 'Fwd_Bwd_Byte_Ratio', 'reason': 'High relative backward byte volume indicates data exfiltration.'}]",Impact,low,heuristic,-0.0008933593053370998,stable,[],[]
2018-02-14T09:39:30,2018-02-14T09:39:20,2018-02-14T09:39:30,0.0013263259315863,0.9830410480499268,0,LOW,Exfiltration,medium,"[{'feature': 'Fwd_Bwd_Byte_Ratio', 'reason': 'High relative backward byte volume indicates data exfiltration.'}]",Impact,low,heuristic,-0.00033250742126250004,stable,[],[]
2018-02-14T09:39:40,2018-02-14T09:39:30,2018-02-14T09:39:40,0.001173461205326,0.9830410480499268,0,LOW,Exfiltration,medium,"[{'feature': 'Fwd_Bwd_Byte_Ratio', 'reason': 'High relative backward byte volume indicates data exfiltration.'}]",Impact,low,heuristic,-0.00015286472626030011,stable,[],[]
2018-02-14T09:39:50,2018-02-14T09:39:40,2018-02-14T09:39:50,0.0010946352267637,0.9830410480499268,0,LOW,Exfiltration,medium,"[{'feature': 'Fwd_Bwd_Byte_Ratio', 'reason': 'High relative backward byte volume indicates data exfiltration.'}]",Impact,low,heuristic,-7.88259785622998e-05,stable,[],[]
2018-02-14T09:40:00,2018-02-14T09:39:50,2018-02-14T09:40:00,0.0010508267441764,0.9830410480499268,0,LOW,Exfiltration,medium,"[{'feature': 'Fwd_Bwd_Byte_Ratio', 'reason': 'High relative backward byte volume indicates data exfiltration.'}]",Impact,low,heuristic,-4.38084825873002e-05,stable,[],[]
2018-02-14T09:40:10,2018-02-14T09:40:00,2018-02-14T09:40:10,0.0010256656678393,0.9830410480499268,0,LOW,Exfiltration,medium,"[{'feature': 'Fwd_Bwd_Byte_Ratio', 'reason': 'High relative backward byte volume indicates data exfiltration.'}]",Impact,low,heuristic,-2.5161076337099943e-05,stable,[],[]
2018-02-14T09:40:20,2018-02-14T09:40:10,2018-02-14T09:40:20,0.0010107576381415,0.9830410480499268,0,LOW,Exfiltration,medium,"[{'feature': 'Fwd_Bwd_Byte_Ratio', 'reason': 'High relative backward byte volume indicates data exfiltration.'}]",Impact,low,heuristic,-1.4908029697799884e-05,stable,[],[]
2018-02-14T09:40:30,2018-02-14T09:40:20,2018-02-14T09:40:30,0.0010018106549978,0.9830410480499268,0,LOW,Exfiltration,medium,"[{'feature': 'Fwd_Bwd_Byte_Ratio', 'reason': 'High relative backward byte volume indicates data exfiltration.'}]",Impact,low,heuristic,-8.946983143700042e-06,stable,[],[]
2018-02-14T09:40:40,2018-02-14T09:40:30,2018-02-14T09:40:40,0.0009966337820515,0.9830410480499268,0,LOW,Exfiltration,medium,"[{'feature': 'Fwd_Bwd_Byte_Ratio', 'reason': 'High relative backward byte volume indicates data exfiltration.'}]",Impact,low,heuristic,-5.176872946300063e-06,stable,[],[]
2018-02-14T09:40:50,2018-02-14T09:40:40,2018-02-14T09:40:50,0.0009934731060639,0.9830410480499268,0,LOW,Exfiltration,medium,"[{'feature': 'Fwd_Bwd_Byte_Ratio', 'reason': 'High relative backward byte volume indicates data exfiltration.'}]",Impact,low,heuristic,-3.160675987599979e-06,stable,[],[]
2018-02-14T09:41:00,2018-02-14T09:40:50,2018-02-14T09:41:00,0.0009917344432324,0.9830410480499268,0,LOW,Exfiltration,medium,"[{'feature': 'Fwd_Bwd_Byte_Ratio', 'reason': 'High relative backward byte volume indicates data exfiltration.'}]",Impact,low,heuristic,-1.7386628315000166e-06,stable,[],[]
2018-02-14T09:41:10,2018-02-14T09:41:00,2018-02-14T09:41:10,0.0009908968349918,0.9830410480499268,0,LOW,Exfiltration,medium,"[{'feature': 'Fwd_Bwd_Byte_Ratio', 'reason': 'High relative backward byte volume indicates data exfiltration.'}]",Impact,low,heuristic,-8.376082405998735e-07,stable,[],[]
2018-02-14T09:41:20,2018-02-14T09:41:10,2018-02-14T09:41:20,0.0047340271994471,0.9830410480499268,0,LOW,Exfiltration,medium,"[{'feature': 'Fwd_Bwd_Byte_Ratio', 'reason': 'High relative backward byte volume indicates data exfiltration.'}]",Impact,low,heuristic,0.0037431303644553,stable,[],[]
2018-02-14T09:41:30,2018-02-14T09:41:20,2018-02-14T09:41:30,0.0047865593805909,0.9830410480499268,0,LOW,Exfiltration,medium,"[{'feature': 'Fwd_Bwd_Byte_Ratio', 'reason': 'High relative backward byte volume indicates data exfiltration.'}]",Impact,low,heuristic,5.253218114379971e-05,stable,[],[]
2018-02-14T09:41:40,2018-02-14T09:41:30,2018-02-14T09:41:40,0.0028560261707752,0.9830410480499268,0,LOW,Exfiltration,medium,"[{'feature': 'Fwd_Bwd_Byte_Ratio', 'reason': 'High relative backward byte volume indicates data exfiltration.'}]",Impact,low,heuristic,-0.0019305332098156999,stable,[],[]
2018-02-14T09:41:50,2018-02-14T09:41:40,2018-02-14T09:41:50,0.0018749848240986,0.9830410480499268,0,LOW,Exfiltration,medium,"[{'feature': 'Fwd_Bwd_Byte_Ratio', 'reason': 'High relative backward byte volume indicates data exfiltration.'}]",Impact,low,heuristic,-0.0009810413466766002,stable,[],[]
2018-02-14T09:42:00,2018-02-14T09:41:50,2018-02-14T09:42:00,0.0014450851595029,0.9830410480499268,0,LOW,Exfiltration,medium,"[{'feature': 'Fwd_Bwd_Byte_Ratio', 'reason': 'High relative backward byte volume indicates data exfiltration.'}]",Impact,low,heuristic,-0.00042989966459569995,stable,[],[]
2018-02-14T09:42:10,2018-02-14T09:42:00,2018-02-14T09:42:10,0.0012434041127562,0.9830410480499268,0,LOW,Exfiltration,medium,"[{'feature': 'Fwd_Bwd_Byte_Ratio', 'reason': 'High relative backward byte volume indicates data exfiltration.'}]",Impact,low,heuristic,-0.00020168104674670004,stable,[],[]
2018-02-14T09:42:20,2018-02-14T09:42:10,2018-02-14T09:42:20,0.0043345158919692,0.9830410480499268,0,LOW,Command and Control,high,"[{'feature': 'Flow IAT Mean', 'reason': 'High mean IAT may indicate periodic beaconing.'}, {'feature': 'Total_Bytes', 'reason': 'Low data volume consistent with C2 check-ins.'}]",Exfiltration / Impact,low,heuristic,0.0030911117792129994,stable,[],[]
2018-02-14T09:42:30,2018-02-14T09:42:20,2018-02-14T09:42:30,0.0029637010302394,0.9830410480499268,0,LOW,Exfiltration,medium,"[{'feature': 'Fwd_Bwd_Byte_Ratio', 'reason': 'High relative backward byte volume indicates data exfiltration.'}]",Impact,low,heuristic,-0.0013708148617297996,stable,[],[]
2018-02-14T09:42:40,2018-02-14T09:42:30,2018-02-14T09:42:40,0.0018823177088052,0.9830410480499268,0,LOW,Exfiltration,medium,"[{'feature': 'Fwd_Bwd_Byte_Ratio', 'reason': 'High relative backward byte volume indicates data exfiltration.'}]",Impact,low,heuristic,-0.0010813833214342,stable,[],[]
2018-02-14T09:42:50,2018-02-14T09:42:40,2018-02-14T09:42:50,0.0014385936083272,0.9830410480499268,0,LOW,Exfiltration,medium,"[{'feature': 'Fwd_Bwd_Byte_Ratio', 'reason': 'High relative backward byte volume indicates data exfiltration.'}]",Impact,low,heuristic,-0.000443724100478,stable,[],[]
2018-02-14T09:43:00,2018-02-14T09:42:50,2018-02-14T09:43:00,0.0012368141906335,0.9830410480499268,0,LOW,Exfiltration,medium,"[{'feature': 'Fwd_Bwd_Byte_Ratio', 'reason': 'High relative backward byte volume indicates data exfiltration.'}]",Impact,low,heuristic,-0.00020177941769369996,stable,[],[]
2018-02-14T09:43:10,2018-02-14T09:43:00,2018-02-14T09:43:10,0.0011339540360495,0.9830410480499268,0,LOW,Exfiltration,medium,"[{'feature': 'Fwd_Bwd_Byte_Ratio', 'reason': 'High relative backward byte volume indicates data exfiltration.'}]",Impact,low,heuristic,-0.00010286015458400009,stable,[],[]
2018-02-14T09:43:20,2018-02-14T09:43:10,2018-02-14T09:43:20,0.0010770977241918,0.9830410480499268,0,LOW,Exfiltration,medium,"[{'feature': 'Fwd_Bwd_Byte_Ratio', 'reason': 'High relative backward byte volume indicates data exfiltration.'}]",Impact,low,heuristic,-5.6856311857699914e-05,stable,[],[]
2018-02-14T09:43:30,2018-02-14T09:43:20,2018-02-14T09:43:30,0.0010440830374136,0.9830410480499268,0,LOW,Exfiltration,medium,"[{'feature': 'Fwd_Bwd_Byte_Ratio', 'reason': 'High relative backward byte volume indicates data exfiltration.'}]",Impact,low,heuristic,-3.301468677820011e-05,stable,[],[]
2018-02-14T09:43:40,2018-02-14T09:43:30,2018-02-14T09:43:40,0.0010241235140711,0.9830410480499268,0,LOW,Exfiltration,medium,"[{'feature': 'Fwd_Bwd_Byte_Ratio', 'reason': 'High relative backward byte volume indicates data exfiltration.'}]",Impact,low,heuristic,-1.9959523342499928e-05,stable,[],[]
2018-02-14T09:43:50,2018-02-14T09:43:40,2018-02-14T09:43:50,0.0010119066573679,0.9830410480499268,0,LOW,Exfiltration,medium,"[{'feature': 'Fwd_Bwd_Byte_Ratio', 'reason': 'High relative backward byte volume indicates data exfiltration.'}]",Impact,low,heuristic,-1.2216856703199924e-05,stable,[],[]
2018-02-14T09:44:00,2018-02-14T09:43:50,2018-02-14T09:44:00,0.0010042436188086,0.9830410480499268,0,LOW,Exfiltration,medium,"[{'feature': 'Fwd_Bwd_Byte_Ratio', 'reason': 'High relative backward byte volume indicates data exfiltration.'}]",Impact,low,heuristic,-7.663038559300051e-06,stable,[],[]
2018-02-14T09:44:10,2018-02-14T09:44:00,2018-02-14T09:44:10,0.0047949259169399,0.9830410480499268,0,LOW,Exfiltration,medium,"[{'feature': 'Fwd_Bwd_Byte_Ratio', 'reason': 'High relative backward byte volume indicates data exfiltration.'}]",Impact,low,heuristic,0.0037906822981313,stable,[],[]
2018-02-14T09:44:20,2018-02-14T09:44:10,2018-02-14T09:44:20,0.0048196939751505,0.9830410480499268,0,LOW,Exfiltration,medium,"[{'feature': 'Fwd_Bwd_Byte_Ratio', 'reason': 'High relative backward byte volume indicates data exfiltration.'}]",Impact,low,heuristic,2.4768058210600068e-05,stable,[],[]
2018-02-14T09:44:30,2018-02-14T09:44:20,2018-02-14T09:44:30,0.0028653731569647,0.9830410480499268,0,LOW,Exfiltration,medium,"[{'feature': 'Fwd_Bwd_Byte_Ratio', 'reason': 'High relative backward byte volume indicates data exfiltration.'}]",Impact,low,heuristic,-0.0019543208181858,stable,[],[]
2018-02-14T09:44:40,2018-02-14T09:44:30,2018-02-14T09:44:40,0.0018784838030114,0.9830410480499268,0,LOW,Exfiltration,medium,"[{'feature': 'Fwd_Bwd_Byte_Ratio', 'reason': 'High relative backward byte volume indicates data exfiltration.'}]",Impact,low,heuristic,-0.0009868893539533,stable,[],[]
2018-02-14T09:44:50,2018-02-14T09:44:40,2018-02-14T09:44:50,0.0014461466344073,0.9830410480499268,0,LOW,Exfiltration,medium,"[{'feature': 'Fwd_Bwd_Byte_Ratio', 'reason': 'High relative backward byte volume indicates data exfiltration.'}]",Impact,low,heuristic,-0.00043233716860409995,stable,[],[]
2018-02-14T09:45:00,2018-02-14T09:44:50,2018-02-14T09:45:00,0.001242120983079,0.9830410480499268,0,LOW,Exfiltration,medium,"[{'feature': 'Fwd_Bwd_Byte_Ratio', 'reason': 'High relative backward byte volume indicates data exfiltration.'}]",Impact,low,heuristic,-0.00020402565132830014,stable,[],[]
2018-02-14T09:45:10,2018-02-14T09:45:00,2018-02-14T09:45:10,0.0011362045770511,0.9830410480499268,0,LOW,Exfiltration,medium,"[{'feature': 'Fwd_Bwd_Byte_Ratio', 'reason': 'High relative backward byte volume indicates data exfiltration.'}]",Impact,low,heuristic,-0.00010591640602789984,stable,[],[]
2018-02-14T09:45:20,2018-02-14T09:45:10,2018-02-14T09:45:20,0.0010777977295219,0.9830410480499268,0,LOW,Exfiltration,medium,"[{'feature': 'Fwd_Bwd_Byte_Ratio', 'reason': 'High relative backward byte volume indicates data exfiltration.'}]",Impact,low,heuristic,-5.840684752920003e-05,stable,[],[]
2018-02-14T09:45:30,2018-02-14T09:45:20,2018-02-14T09:45:30,0.0010441819904372,0.9830410480499268,0,LOW,Exfiltration,medium,"[{'feature': 'Fwd_Bwd_Byte_Ratio', 'reason': 'High relative backward byte volume indicates data exfiltration.'}]",Impact,low,heuristic,-3.3615739084699985e-05,stable,[],[]
2018-02-14T09:45:40,2018-02-14T09:45:30,2018-02-14T09:45:40,0.001024444005452,0.9830410480499268,0,LOW,Exfiltration,medium,"[{'feature': 'Fwd_Bwd_Byte_Ratio', 'reason': 'High relative backward byte volume indicates data exfiltration.'}]",Impact,low,heuristic,-1.9737984985200097e-05,stable,[],[]
2018-02-14T09:45:50,2018-02-14T09:45:40,2018-02-14T09:45:50,0.0010120449587702,0.9830410480499268,0,LOW,Exfiltration,medium,"[{'feature': 'Fwd_Bwd_Byte_Ratio', 'reason': 'High relative backward byte volume indicates data exfiltration.'}]",Impact,low,heuristic,-1.2399046681799879e-05,stable,[],[]
2018-02-14T09:46:00,2018-02-14T09:45:50,2018-02-14T09:46:00,0.0010043411748483,0.9830410480499268,0,LOW,Exfiltration,medium,"[{'feature': 'Fwd_Bwd_Byte_Ratio', 'reason': 'High relative backward byte volume indicates data exfiltration.'}]",Impact,low,heuristic,-7.703783921900013e-06,stable,[],[]
2018-02-14T09:46:10,2018-02-14T09:46:00,2018-02-14T09:46:10,0.0009995511500164,0.9830410480499268,0,LOW,Exfiltration,medium,"[{'feature': 'Fwd_Bwd_Byte_Ratio', 'reason': 'High relative backward byte volume indicates data exfiltration.'}]",Impact,low,heuristic,-4.790024831900167e-06,stable,[],[]
2018-02-14T09:46:20,2018-02-14T09:46:10,2018-02-14T09:46:20,0.0009966888464987,0.9830410480499268,0,LOW,Exfiltration,medium,"[{'feature': 'Fwd_Bwd_Byte_Ratio', 'reason': 'High relative backward byte volume indicates data exfiltration.'}]",Impact,low,heuristic,-2.8623035176998657e-06,stable,[],[]
2018-02-14T09:46:30,2018-02-14T09:46:20,2018-02-14T09:46:30,0.0009949734667316,0.9830410480499268,0,LOW,Exfiltration,medium,"[{'feature': 'Fwd_Bwd_Byte_Ratio', 'reason': 'High relative backward byte volume indicates data exfiltration.'}]",Impact,low,heuristic,-1.7153797670999352e-06,stable,[],[]
2018-02-14T09:46:40,2018-02-14T09:46:30,2018-02-14T09:46:40,0.0009939157171174,0.9830410480499268,0,LOW,Exfiltration,medium,"[{'feature': 'Fwd_Bwd_Byte_Ratio', 'reason': 'High relative backward byte volume indicates data exfiltration.'}]",Impact,low,heuristic,-1.0577496142001944e-06,stable,[],[]
2018-02-14T09:46:50,2018-02-14T09:46:40,2018-02-14T09:46:50,0.0009934811387211,0.9830410480499268,0,LOW,Exfiltration,medium,"[{'feature': 'Fwd_Bwd_Byte_Ratio', 'reason': 'High relative backward byte volume indicates data exfiltration.'}]",Impact,low,heuristic,-4.3457839629993354e-07,stable,[],[]
2018-02-14T09:47:00,2018-02-14T09:46:50,2018-02-14T09:47:00,0.004749892745167,0.9830410480499268,0,LOW,Exfiltration,medium,"[{'feature': 'Fwd_Bwd_Byte_Ratio', 'reason': 'High relative backward byte volume indicates data exfiltration.'}]",Impact,low,heuristic,0.0037564116064459,stable,[],[]
2018-02-14T09:47:10,2018-02-14T09:47:00,2018-02-14T09:47:10,0.0047972290776669,0.9830410480499268,0,LOW,Exfiltration,medium,"[{'feature': 'Fwd_Bwd_Byte_Ratio', 'reason': 'High relative backward byte volume indicates data exfiltration.'}]",Impact,low,heuristic,4.733633249990026e-05,stable,[],[]
2018-02-14T09:47:20,2018-02-14T09:47:10,2018-02-14T09:47:20,0.0028604008257389,0.9830410480499268,0,LOW,Exfiltration,medium,"[{'feature': 'Fwd_Bwd_Byte_Ratio', 'reason': 'High relative backward byte volume indicates data exfiltration.'}]",Impact,low,heuristic,-0.001936828251928,stable,[],[]
2018-02-14T09:47:30,2018-02-14T09:47:20,2018-02-14T09:47:30,0.0018773647025227,0.9830410480499268,0,LOW,Exfiltration,medium,"[{'feature': 'Fwd_Bwd_Byte_Ratio', 'reason': 'High relative backward byte volume indicates data exfiltration.'}]",Impact,low,heuristic,-0.0009830361232162,stable,[],[]
2018-02-14T09:47:40,2018-02-14T09:47:30,2018-02-14T09:47:40,0.0014468354638665,0.9830410480499268,0,LOW,Exfiltration,medium,"[{'feature': 'Fwd_Bwd_Byte_Ratio', 'reason': 'High relative backward byte volume indicates data exfiltration.'}]",Impact,low,heuristic,-0.0004305292386562001,stable,[],[]
2018-02-14T09:47:50,2018-02-14T09:47:40,2018-02-14T09:47:50,0.001243402948603,0.9830410480499268,0,LOW,Exfiltration,medium,"[{'feature': 'Fwd_Bwd_Byte_Ratio', 'reason': 'High relative backward byte volume indicates data exfiltration.'}]",Impact,low,heuristic,-0.00020343251526349997,stable,[],[]
2018-02-14T09:48:00,2018-02-14T09:47:50,2018-02-14T09:48:00,0.001137871062383,0.9830410480499268,0,LOW,Exfiltration,medium,"[{'feature': 'Fwd_Bwd_Byte_Ratio', 'reason': 'High relative backward byte volume indicates data exfiltration.'}]",Impact,low,heuristic,-0.00010553188622000002,stable,[],[]
2018-02-14T09:48:10,2018-02-14T09:48:00,2018-02-14T09:48:10,0.0010791806271299,0.9830410480499268,0,LOW,Exfiltration,medium,"[{'feature': 'Fwd_Bwd_Byte_Ratio', 'reason': 'High relative backward byte volume indicates data exfiltration.'}]",Impact,low,heuristic,-5.869043525309997e-05,stable,[],[]
2018-02-14T09:48:20,2018-02-14T09:48:10,2018-02-14T09:48:20,0.0010449149413034,0.9830410480499268,0,LOW,Exfiltration,medium,"[{'feature': 'Fwd_Bwd_Byte_Ratio', 'reason': 'High relative backward byte volume indicates data exfiltration.'}]",Impact,low,heuristic,-3.4265685826500095e-05,stable,[],[]
2018-02-14T09:48:30,2018-02-14T09:48:20,2018-02-14T09:48:30,0.0010244444711133,0.9830410480499268,0,LOW,Exfiltration,medium,"[{'feature': 'Fwd_Bwd_Byte_Ratio', 'reason': 'High relative backward byte volume indicates data exfiltration.'}]",Impact,low,heuristic,-2.0470470190099826e-05,stable,[],[]
2018-02-14T09:48:40,2018-02-14T09:48:30,2018-02-14T09:48:40,0.0036131590604782,0.9830410480499268,0,LOW,Command and Control,low,"[{'feature': 'Total_Bytes', 'reason': 'Low data volume consistent with C2 check-ins.'}]",Exfiltration / Impact,low,heuristic,0.0025887145893649,stable,[],[]
2018-02-14T09:48:50,2018-02-14T09:48:40,2018-02-14T09:48:50,0.0024027398321777,0.9830410480499268,0,LOW,Exfiltration,medium,"[{'feature': 'Fwd_Bwd_Byte_Ratio', 'reason': 'High relative backward byte volume indicates data exfiltration.'}]",Impact,low,heuristic,-0.0012104192283005,stable,[],[]
2018-02-14T09:49:00,2018-02-14T09:48:50,2018-02-14T09:49:00,0.0015462244627997,0.9830410480499268,0,LOW,Exfiltration,medium,"[{'feature': 'Fwd_Bwd_Byte_Ratio', 'reason': 'High relative backward byte volume indicates data exfiltration.'}]",Impact,low,heuristic,-0.0008565153693780002,stable,[],[]
2018-02-14T09:49:10,2018-02-14T09:49:00,2018-02-14T09:49:10,0.0012184910010546,0.9830410480499268,0,LOW,Exfiltration,medium,"[{'feature': 'Fwd_Bwd_Byte_Ratio', 'reason': 'High relative backward byte volume indicates data exfiltration.'}]",Impact,low,heuristic,-0.00032773346174510003,stable,[],[]
2018-02-14T09:49:20,2018-02-14T09:49:10,2018-02-14T09:49:20,0.0010863101342692,0.9830410480499268,0,LOW,Exfiltration,medium,"[{'feature': 'Fwd_Bwd_Byte_Ratio', 'reason': 'High relative backward byte volume indicates data exfiltration.'}]",Impact,low,heuristic,-0.00013218086678539994,stable,[],[]
2018-02-14T09:49:30,2018-02-14T09:49:20,2018-02-14T09:49:30,0.0010265983873978,0.9830410480499268,0,LOW,Exfiltration,medium,"[{'feature': 'Fwd_Bwd_Byte_Ratio', 'reason': 'High relative backward byte volume indicates data exfiltration.'}]",Impact,low,heuristic,-5.9711746871400065e-05,stable,[],[]
2018-02-14T09:49:40,2018-02-14T09:49:30,2018-02-14T09:49:40,0.0009990655817091,0.9830410480499268,0,LOW,Exfiltration,medium,"[{'feature': 'Fwd_Bwd_Byte_Ratio', 'reason': 'High relative backward byte volume indicates data exfiltration.'}]",Impact,low,heuristic,-2.7532805688699818e-05,stable,[],[]
2018-02-14T09:49:50,2018-02-14T09:49:40,2018-02-14T09:49:50,0.0047853146679699,0.9830410480499268,0,LOW,Exfiltration,medium,"[{'feature': 'Fwd_Bwd_Byte_Ratio', 'reason': 'High relative backward byte volume indicates data exfiltration.'}]",Impact,low,heuristic,0.0037862490862607995,stable,[],[]
2018-02-14T09:50:00,2018-02-14T09:49:50,2018-02-14T09:50:00,0.004887209739536,0.9830410480499268,0,LOW,Exfiltration,medium,"[{'feature': 'Fwd_Bwd_Byte_Ratio', 'reason': 'High relative backward byte volume indicates data exfiltration.'}]",Impact,low,heuristic,0.00010189507156610055,stable,[],[]
2018-02-14T09:50:10,2018-02-14T09:50:00,2018-02-14T09:50:10,0.0029183572623878,0.9830410480499268,0,LOW,Exfiltration,medium,"[{'feature': 'Fwd_Bwd_Byte_Ratio', 'reason': 'High relative backward byte volume indicates data exfiltration.'}]",Impact,low,heuristic,-0.0019688524771482,stable,[],[]
2018-02-14T09:50:20,2018-02-14T09:50:10,2018-02-14T09:50:20,0.0019081942737102,0.9830410480499268,0,LOW,Exfiltration,medium,"[{'feature': 'Fwd_Bwd_Byte_Ratio', 'reason': 'High relative backward byte volume indicates data exfiltration.'}]",Impact,low,heuristic,-0.0010101629886776003,stable,[],[]
2018-02-14T09:50:30,2018-02-14T09:50:20,2018-02-14T09:50:30,0.0014642069581896,0.9830410480499268,0,LOW,Exfiltration,medium,"[{'feature': 'Fwd_Bwd_Byte_Ratio', 'reason': 'High relative backward byte volume indicates data exfiltration.'}]",Impact,low,heuristic,-0.00044398731552059995,stable,[],[]
2018-02-14T09:50:40,2018-02-14T09:50:30,2018-02-14T09:50:40,0.0012536011636257,0.9830410480499268,0,LOW,Exfiltration,medium,"[{'feature': 'Fwd_Bwd_Byte_Ratio', 'reason': 'High relative backward byte volume indicates data exfiltration.'}]",Impact,low,heuristic,-0.0002106057945638999,stable,[],[]
2018-02-14T09:50:50,2018-02-14T09:50:40,2018-02-14T09:50:50,0.0011443757684901,0.9830410480499268,0,LOW,Exfiltration,medium,"[{'feature': 'Fwd_Bwd_Byte_Ratio', 'reason': 'High relative backward byte volume indicates data exfiltration.'}]",Impact,low,heuristic,-0.00010922539513559992,stable,[],[]
2018-02-14T09:51:00,2018-02-14T09:50:50,2018-02-14T09:51:00,0.0010837343288585,0.9830410480499268,0,LOW,Exfiltration,medium,"[{'feature': 'Fwd_Bwd_Byte_Ratio', 'reason': 'High relative backward byte volume indicates data exfiltration.'}]",Impact,low,heuristic,-6.064143963160017e-05,stable,[],[]
2018-02-14T09:51:10,2018-02-14T09:51:00,2018-02-14T09:51:10,0.0010482840007171,0.9830410480499268,0,LOW,Exfiltration,medium,"[{'feature': 'Fwd_Bwd_Byte_Ratio', 'reason': 'High relative backward byte volume indicates data exfiltration.'}]",Impact,low,heuristic,-3.5450328141399924e-05,stable,[],[]
2018-02-14T09:51:20,2018-02-14T09:51:10,2018-02-14T09:51:20,0.0010271412320435,0.9830410480499268,0,LOW,Exfiltration,medium,"[{'feature': 'Fwd_Bwd_Byte_Ratio', 'reason': 'High relative backward byte volume indicates data exfiltration.'}]",Impact,low,heuristic,-2.1142768673600067e-05,stable,[],[]
2018-02-14T09:51:30,2018-02-14T09:51:20,2018-02-14T09:51:30,0.0010140327503904,0.9830410480499268,0,LOW,Exfiltration,medium,"[{'feature': 'Fwd_Bwd_Byte_Ratio', 'reason': 'High relative backward byte volume indicates data exfiltration.'}]",Impact,low,heuristic,-1.3108481653099956e-05,stable,[],[]
2018-02-14T09:51:40,2018-02-14T09:51:30,2018-02-14T09:51:40,0.0010057793697342,0.9830410480499268,0,LOW,Exfiltration,medium,"[{'feature': 'Fwd_Bwd_Byte_Ratio', 'reason': 'High relative backward byte volume indicates data exfiltration.'}]",Impact,low,heuristic,-8.253380656200087e-06,stable,[],[]
2018-02-14T09:51:50,2018-02-14T09:51:40,2018-02-14T09:51:50,0.0010004886426031,0.9830410480499268,0,LOW,Exfiltration,medium,"[{'feature': 'Fwd_Bwd_Byte_Ratio', 'reason': 'High relative backward byte volume indicates data exfiltration.'}]",Impact,low,heuristic,-5.2907271310999315e-06,stable,[],[]
2018-02-14T09:52:00,2018-02-14T09:51:50,2018-02-14T09:52:00,0.0009966888464987,0.9830410480499268,0,LOW,Exfiltration,medium,"[{'feature': 'Fwd_Bwd_Byte_Ratio', 'reason': 'High relative backward byte volume indicates data exfiltration.'}]",Impact,low,heuristic,-3.7997961043999273e-06,stable,[],[]
2018-02-14T09:52:10,2018-02-14T09:52:00,2018-02-14T09:52:10,0.0009949734667316,0.9830410480499268,0,LOW,Exfiltration,medium,"[{'feature': 'Fwd_Bwd_Byte_Ratio', 'reason': 'High relative backward byte volume indicates data exfiltration.'}]",Impact,low,heuristic,-1.7153797670999352e-06,stable,[],[]
2018-02-14T09:52:20,2018-02-14T09:52:10,2018-02-14T09:52:20,0.0009939157171174,0.9830410480499268,0,LOW,Exfiltration,medium,"[{'feature': 'Fwd_Bwd_Byte_Ratio', 'reason': 'High relative backward byte volume indicates data exfiltration.'}]",Impact,low,heuristic,-1.0577496142001944e-06,stable,[],[]
2018-02-14T09:52:30,2018-02-14T09:52:20,2018-02-14T09:52:30,0.0009934811387211,0.9830410480499268,0,LOW,Exfiltration,medium,"[{'feature': 'Fwd_Bwd_Byte_Ratio', 'reason': 'High relative backward byte volume indicates data exfiltration.'}]",Impact,low,heuristic,-4.3457839629993354e-07,stable,[],[]
2018-02-14T09:52:40,2018-02-14T09:52:30,2018-02-14T09:52:40,0.004749892745167,0.9830410480499268,0,LOW,Exfiltration,medium,"[{'feature': 'Fwd_Bwd_Byte_Ratio', 'reason': 'High relative backward byte volume indicates data exfiltration.'}]",Impact,low,heuristic,0.0037564116064459,stable,[],[]
2018-02-14T09:52:50,2018-02-14T09:52:40,2018-02-14T09:52:50,0.0047971378080546,0.9830410480499268,0,LOW,Exfiltration,medium,"[{'feature': 'Fwd_Bwd_Byte_Ratio', 'reason': 'High relative backward byte volume indicates data exfiltration.'}]",Impact,low,heuristic,4.724506288760009e-05,stable,[],[]
2018-02-14T09:53:00,2018-02-14T09:52:50,2018-02-14T09:53:00,0.0028604008257389,0.9830410480499268,0,LOW,Exfiltration,medium,"[{'feature': 'Fwd_Bwd_Byte_Ratio', 'reason': 'High relative backward byte volume indicates data exfiltration.'}]",Impact,low,heuristic,-0.0019367369823156998,stable,[],[]
2018-02-14T09:53:10,2018-02-14T09:53:00,2018-02-14T09:53:10,0.001877368078567,0.9830410480499268,0,LOW,Exfiltration,medium,"[{'feature': 'Fwd_Bwd_Byte_Ratio', 'reason': 'High relative backward byte volume indicates data exfiltration.'}]",Impact,low,heuristic,-0.0009830327471718999,stable,[],[]
2018-02-14T09:53:20,2018-02-14T09:53:10,2018-02-14T09:53:20,0.0014468381414189,0.9830410480499268,0,LOW,Exfiltration,medium,"[{'feature': 'Fwd_Bwd_Byte_Ratio', 'reason': 'High relative backward byte volume indicates data exfiltration.'}]",Impact,low,heuristic,-0.00043052993714810003,stable,[],[]
2018-02-14T09:53:30,2018-02-14T09:53:20,2018-02-14T09:53:30,0.0012434041127562,0.9830410480499268,0,LOW,Exfiltration,medium,"[{'feature': 'Fwd_Bwd_Byte_Ratio', 'reason': 'High relative backward byte volume indicates data exfiltration.'}]",Impact,low,heuristic,-0.00020343402866269998,stable,[],[]
2018-02-14T09:53:40,2018-02-14T09:53:30,2018-02-14T09:53:40,0.001137871062383,0.9830410480499268,0,LOW,Exfiltration,medium,"[{'feature': 'Fwd_Bwd_Byte_Ratio', 'reason': 'High relative backward byte volume indicates data exfiltration.'}]",Impact,low,heuristic,-0.00010553305037320007,stable,[],[]
2018-02-14T09:53:50,2018-02-14T09:53:40,2018-02-14T09:53:50,0.0010791806271299,0.9830410480499268,0,LOW,Exfiltration,medium,"[{'feature': 'Fwd_Bwd_Byte_Ratio', 'reason': 'High relative backward byte volume indicates data exfiltration.'}]",Impact,low,heuristic,-5.869043525309997e-05,stable,[],[]
2018-02-14T09:54:00,2018-02-14T09:53:50,2018-02-14T09:54:00,0.0010449149413034,0.9830410480499268,0,LOW,Exfiltration,medium,"[{'feature': 'Fwd_Bwd_Byte_Ratio', 'reason': 'High relative backward byte volume indicates data exfiltration.'}]",Impact,low,heuristic,-3.4265685826500095e-05,stable,[],[]
2018-02-14T09:54:10,2018-02-14T09:54:00,2018-02-14T09:54:10,0.001024444005452,0.9830410480499268,0,LOW,Exfiltration,medium,"[{'feature': 'Fwd_Bwd_Byte_Ratio', 'reason': 'High relative backward byte volume indicates data exfiltration.'}]",Impact,low,heuristic,-2.0470935851399927e-05,stable,[],[]
2018-02-14T09:54:20,2018-02-14T09:54:10,2018-02-14T09:54:20,0.0010120449587702,0.9830410480499268,0,LOW,Exfiltration,medium,"[{'feature': 'Fwd_Bwd_Byte_Ratio', 'reason': 'High relative backward byte volume indicates data exfiltration.'}]",Impact,low,heuristic,-1.2399046681799879e-05,stable,[],[]
2018-02-14T09:54:30,2018-02-14T09:54:20,2018-02-14T09:54:30,0.0010043411748483,0.9830410480499268,0,LOW,Exfiltration,medium,"[{'feature': 'Fwd_Bwd_Byte_Ratio', 'reason': 'High relative backward byte volume indicates data exfiltration.'}]",Impact,low,heuristic,-7.703783921900013e-06,stable,[],[]
2018-02-14T09:54:40,2018-02-14T09:54:30,2018-02-14T09:54:40,0.0009995506843551,0.9830410480499268,0,LOW,Exfiltration,medium,"[{'feature': 'Fwd_Bwd_Byte_Ratio', 'reason': 'High relative backward byte volume indicates data exfiltration.'}]",Impact,low,heuristic,-4.790490493200052e-06,stable,[],[]
2018-02-14T09:54:50,2018-02-14T09:54:40,2018-02-14T09:54:50,0.0009966888464987,0.9830410480499268,0,LOW,Exfiltration,medium,"[{'feature': 'Fwd_Bwd_Byte_Ratio', 'reason': 'High relative backward byte volume indicates data exfiltration.'}]",Impact,low,heuristic,-2.861837856399981e-06,stable,[],[]
2018-02-14T09:55:00,2018-02-14T09:54:50,2018-02-14T09:55:00,0.0009949734667316,0.9830410480499268,0,LOW,Exfiltration,medium,"[{'feature': 'Fwd_Bwd_Byte_Ratio', 'reason': 'High relative backward byte volume indicates data exfiltration.'}]",Impact,low,heuristic,-1.7153797670999352e-06,stable,[],[]
2018-02-14T09:55:10,2018-02-14T09:55:00,2018-02-14T09:55:10,0.0009939157171174,0.9830410480499268,0,LOW,Exfiltration,medium,"[{'feature': 'Fwd_Bwd_Byte_Ratio', 'reason': 'High relative backward byte volume indicates data exfiltration.'}]",Impact,low,heuristic,-1.0577496142001944e-06,stable,[],[]
2018-02-14T09:55:20,2018-02-14T09:55:10,2018-02-14T09:55:20,0.0009934811387211,0.9830410480499268,0,LOW,Exfiltration,medium,"[{'feature': 'Fwd_Bwd_Byte_Ratio', 'reason': 'High relative backward byte volume indicates data exfiltration.'}]",Impact,low,heuristic,-4.3457839629993354e-07,stable,[],[]
2018-02-14T09:55:30,2018-02-14T09:55:20,2018-02-14T09:55:30,0.004749892745167,0.9830410480499268,0,LOW,Exfiltration,medium,"[{'feature': 'Fwd_Bwd_Byte_Ratio', 'reason': 'High relative backward byte volume indicates data exfiltration.'}]",Impact,low,heuristic,0.0037564116064459,stable,[],[]
2018-02-14T09:55:40,2018-02-14T09:55:30,2018-02-14T09:55:40,0.0047971378080546,0.9830410480499268,0,LOW,Exfiltration,medium,"[{'feature': 'Fwd_Bwd_Byte_Ratio', 'reason': 'High relative backward byte volume indicates data exfiltration.'}]",Impact,low,heuristic,4.724506288760009e-05,stable,[],[]
2018-02-14T09:55:50,2018-02-14T09:55:40,2018-02-14T09:55:50,0.0028604008257389,0.9830410480499268,0,LOW,Exfiltration,medium,"[{'feature': 'Fwd_Bwd_Byte_Ratio', 'reason': 'High relative backward byte volume indicates data exfiltration.'}]",Impact,low,heuristic,-0.0019367369823156998,stable,[],[]
2018-02-14T09:56:00,2018-02-14T09:55:50,2018-02-14T09:56:00,0.001877368078567,0.9830410480499268,0,LOW,Exfiltration,medium,"[{'feature': 'Fwd_Bwd_Byte_Ratio', 'reason': 'High relative backward byte volume indicates data exfiltration.'}]",Impact,low,heuristic,-0.0009830327471718999,stable,[],[]
2018-02-14T09:56:10,2018-02-14T09:56:00,2018-02-14T09:56:10,0.0014468381414189,0.9830410480499268,0,LOW,Exfiltration,medium,"[{'feature': 'Fwd_Bwd_Byte_Ratio', 'reason': 'High relative backward byte volume indicates data exfiltration.'}]",Impact,low,heuristic,-0.00043052993714810003,stable,[],[]
2018-02-14T09:56:20,2018-02-14T09:56:10,2018-02-14T09:56:20,0.0012434041127562,0.9830410480499268,0,LOW,Exfiltration,medium,"[{'feature': 'Fwd_Bwd_Byte_Ratio', 'reason': 'High relative backward byte volume indicates data exfiltration.'}]",Impact,low,heuristic,-0.00020343402866269998,stable,[],[]
2018-02-14T09:56:30,2018-02-14T09:56:20,2018-02-14T09:56:30,0.001137871062383,0.9830410480499268,0,LOW,Exfiltration,medium,"[{'feature': 'Fwd_Bwd_Byte_Ratio', 'reason': 'High relative backward byte volume indicates data exfiltration.'}]",Impact,low,heuristic,-0.00010553305037320007,stable,[],[]
2018-02-14T09:56:40,2018-02-14T09:56:30,2018-02-14T09:56:40,0.0010791806271299,0.9830410480499268,0,LOW,Exfiltration,medium,"[{'feature': 'Fwd_Bwd_Byte_Ratio', 'reason': 'High relative backward byte volume indicates data exfiltration.'}]",Impact,low,heuristic,-5.869043525309997e-05,stable,[],[]
2018-02-14T09:56:50,2018-02-14T09:56:40,2018-02-14T09:56:50,0.0010449149413034,0.9830410480499268,0,LOW,Exfiltration,medium,"[{'feature': 'Fwd_Bwd_Byte_Ratio', 'reason': 'High relative backward byte volume indicates data exfiltration.'}]",Impact,low,heuristic,-3.4265685826500095e-05,stable,[],[]
2018-02-14T09:57:00,2018-02-14T09:56:50,2018-02-14T09:57:00,0.001024444005452,0.9830410480499268,0,LOW,Exfiltration,medium,"[{'feature': 'Fwd_Bwd_Byte_Ratio', 'reason': 'High relative backward byte volume indicates data exfiltration.'}]",Impact,low,heuristic,-2.0470935851399927e-05,stable,[],[]
2018-02-14T09:57:10,2018-02-14T09:57:00,2018-02-14T09:57:10,0.0010120449587702,0.9830410480499268,0,LOW,Exfiltration,medium,"[{'feature': 'Fwd_Bwd_Byte_Ratio', 'reason': 'High relative backward byte volume indicates data exfiltration.'}]",Impact,low,heuristic,-1.2399046681799879e-05,stable,[],[]
2018-02-14T09:57:20,2018-02-14T09:57:10,2018-02-14T09:57:20,0.0010043411748483,0.9830410480499268,0,LOW,Exfiltration,medium,"[{'feature': 'Fwd_Bwd_Byte_Ratio', 'reason': 'High relative backward byte volume indicates data exfiltration.'}]",Impact,low,heuristic,-7.703783921900013e-06,stable,[],[]
2018-02-14T09:57:30,2018-02-14T09:57:20,2018-02-14T09:57:30,0.0009995506843551,0.9830410480499268,0,LOW,Exfiltration,medium,"[{'feature': 'Fwd_Bwd_Byte_Ratio', 'reason': 'High relative backward byte volume indicates data exfiltration.'}]",Impact,low,heuristic,-4.790490493200052e-06,stable,[],[]
2018-02-14T09:57:40,2018-02-14T09:57:30,2018-02-14T09:57:40,0.0009966888464987,0.9830410480499268,0,LOW,Exfiltration,medium,"[{'feature': 'Fwd_Bwd_Byte_Ratio', 'reason': 'High relative backward byte volume indicates data exfiltration.'}]",Impact,low,heuristic,-2.861837856399981e-06,stable,[],[]
2018-02-14T09:57:50,2018-02-14T09:57:40,2018-02-14T09:57:50,0.0009949734667316,0.9830410480499268,0,LOW,Exfiltration,medium,"[{'feature': 'Fwd_Bwd_Byte_Ratio', 'reason': 'High relative backward byte volume indicates data exfiltration.'}]",Impact,low,heuristic,-1.7153797670999352e-06,stable,[],[]
2018-02-14T09:58:00,2018-02-14T09:57:50,2018-02-14T09:58:00,0.0009939157171174,0.9830410480499268,0,LOW,Exfiltration,medium,"[{'feature': 'Fwd_Bwd_Byte_Ratio', 'reason': 'High relative backward byte volume indicates data exfiltration.'}]",Impact,low,heuristic,-1.0577496142001944e-06,stable,[],[]
2018-02-14T09:58:10,2018-02-14T09:58:00,2018-02-14T09:58:10,0.0047520324587821,0.9830410480499268,0,LOW,Exfiltration,medium,"[{'feature': 'Fwd_Bwd_Byte_Ratio', 'reason': 'High relative backward byte volume indicates data exfiltration.'}]",Impact,low,heuristic,0.0037581167416647,stable,[],[]
2018-02-14T09:58:20,2018-02-14T09:58:10,2018-02-14T09:58:20,0.0047997524961829,0.9830410480499268,0,LOW,Exfiltration,medium,"[{'feature': 'Fwd_Bwd_Byte_Ratio', 'reason': 'High relative backward byte volume indicates data exfiltration.'}]",Impact,low,heuristic,4.7720037400800566e-05,stable,[],[]
2018-02-14T09:58:30,2018-02-14T09:58:20,2018-02-14T09:58:30,0.0028608755674213,0.9830410480499268,0,LOW,Exfiltration,medium,"[{'feature': 'Fwd_Bwd_Byte_Ratio', 'reason': 'High relative backward byte volume indicates data exfiltration.'}]",Impact,low,heuristic,-0.0019388769287616001,stable,[],[]
2018-02-14T09:58:40,2018-02-14T09:58:30,2018-02-14T09:58:40,0.0018781011458486,0.9830410480499268,0,LOW,Exfiltration,medium,"[{'feature': 'Fwd_Bwd_Byte_Ratio', 'reason': 'High relative backward byte volume indicates data exfiltration.'}]",Impact,low,heuristic,-0.0009827744215727002,stable,[],[]
2018-02-14T09:58:50,2018-02-14T09:58:40,2018-02-14T09:58:50,0.001446837442927,0.9830410480499268,0,LOW,Exfiltration,medium,"[{'feature': 'Fwd_Bwd_Byte_Ratio', 'reason': 'High relative backward byte volume indicates data exfiltration.'}]",Impact,low,heuristic,-0.0004312637029215999,stable,[],[]
2018-02-14T09:59:00,2018-02-14T09:58:50,2018-02-14T09:59:00,0.0012434041127562,0.9830410480499268,0,LOW,Exfiltration,medium,"[{'feature': 'Fwd_Bwd_Byte_Ratio', 'reason': 'High relative backward byte volume indicates data exfiltration.'}]",Impact,low,heuristic,-0.00020343333017080003,stable,[],[]
2018-02-14T09:59:10,2018-02-14T09:59:00,2018-02-14T09:59:10,0.001137871062383,0.9830410480499268,0,LOW,Exfiltration,medium,"[{'feature': 'Fwd_Bwd_Byte_Ratio', 'reason': 'High relative backward byte volume indicates data exfiltration.'}]",Impact,low,heuristic,-0.00010553305037320007,stable,[],[]
2018-02-14T09:59:20,2018-02-14T09:59:10,2018-02-14T09:59:20,0.0010791806271299,0.9830410480499268,0,LOW,Exfiltration,medium,"[{'feature': 'Fwd_Bwd_Byte_Ratio', 'reason': 'High relative backward byte volume indicates data exfiltration.'}]",Impact,low,heuristic,-5.869043525309997e-05,stable,[],[]
2018-02-14T09:59:30,2018-02-14T09:59:20,2018-02-14T09:59:30,0.0010449144756421,0.9830410480499268,0,LOW,Exfiltration,medium,"[{'feature': 'Fwd_Bwd_Byte_Ratio', 'reason': 'High relative backward byte volume indicates data exfiltration.'}]",Impact,low,heuristic,-3.426615148779998e-05,stable,[],[]
2018-02-14T09:59:40,2018-02-14T09:59:30,2018-02-14T09:59:40,0.001024444005452,0.9830410480499268,0,LOW,Exfiltration,medium,"[{'feature': 'Fwd_Bwd_Byte_Ratio', 'reason': 'High relative backward byte volume indicates data exfiltration.'}]",Impact,low,heuristic,-2.0470470190100043e-05,stable,[],[]
2018-02-14T09:59:50,2018-02-14T09:59:40,2018-02-14T09:59:50,0.0010120449587702,0.9830410480499268,0,LOW,Exfiltration,medium,"[{'feature': 'Fwd_Bwd_Byte_Ratio', 'reason': 'High relative backward byte volume indicates data exfiltration.'}]",Impact,low,heuristic,-1.2399046681799879e-05,stable,[],[]
2018-02-14T10:00:00,2018-02-14T09:59:50,2018-02-14T10:00:00,0.0010043411748483,0.9830410480499268,0,LOW,Exfiltration,medium,"[{'feature': 'Fwd_Bwd_Byte_Ratio', 'reason': 'High relative backward byte volume indicates data exfiltration.'}]",Impact,low,heuristic,-7.703783921900013e-06,stable,[],[]
2018-02-14T10:00:10,2018-02-14T10:00:00,2018-02-14T10:00:10,0.0009995511500164,0.9830410480499268,0,LOW,Exfiltration,medium,"[{'feature': 'Fwd_Bwd_Byte_Ratio', 'reason': 'High relative backward byte volume indicates data exfiltration.'}]",Impact,low,heuristic,-4.790024831900167e-06,stable,[],[]
2018-02-14T10:00:20,2018-02-14T10:00:10,2018-02-14T10:00:20,0.0009966888464987,0.9830410480499268,0,LOW,Exfiltration,medium,"[{'feature': 'Fwd_Bwd_Byte_Ratio', 'reason': 'High relative backward byte volume indicates data exfiltration.'}]",Impact,low,heuristic,-2.8623035176998657e-06,stable,[],[]
2018-02-14T10:00:30,2018-02-14T10:00:20,2018-02-14T10:00:30,0.0009949734667316,0.9830410480499268,0,LOW,Exfiltration,medium,"[{'feature': 'Fwd_Bwd_Byte_Ratio', 'reason': 'High relative backward byte volume indicates data exfiltration.'}]",Impact,low,heuristic,-1.7153797670999352e-06,stable,[],[]
2018-02-14T10:00:40,2018-02-14T10:00:30,2018-02-14T10:00:40,0.0009939157171174,0.9830410480499268,0,LOW,Exfiltration,medium,"[{'feature': 'Fwd_Bwd_Byte_Ratio', 'reason': 'High relative backward byte volume indicates data exfiltration.'}]",Impact,low,heuristic,-1.0577496142001944e-06,stable,[],[]
2018-02-14T10:00:50,2018-02-14T10:00:40,2018-02-14T10:00:50,0.0009934811387211,0.9830410480499268,0,LOW,Exfiltration,medium,"[{'feature': 'Fwd_Bwd_Byte_Ratio', 'reason': 'High relative backward byte volume indicates data exfiltration.'}]",Impact,low,heuristic,-4.3457839629993354e-07,stable,[],[]
2018-02-14T10:01:00,2018-02-14T10:00:50,2018-02-14T10:01:00,0.0047498908825218,0.9830410480499268,0,LOW,Exfiltration,medium,"[{'feature': 'Fwd_Bwd_Byte_Ratio', 'reason': 'High relative backward byte volume indicates data exfiltration.'}]",Impact,low,heuristic,0.0037564097438007003,stable,[],[]
2018-02-14T10:01:10,2018-02-14T10:01:00,2018-02-14T10:01:10,0.0047971378080546,0.9830410480499268,0,LOW,Exfiltration,medium,"[{'feature': 'Fwd_Bwd_Byte_Ratio', 'reason': 'High relative backward byte volume indicates data exfiltration.'}]",Impact,low,heuristic,4.7246925532799626e-05,stable,[],[]
2018-02-14T10:01:20,2018-02-14T10:01:10,2018-02-14T10:01:20,0.0028604033868759,0.9830410480499268,0,LOW,Exfiltration,medium,"[{'feature': 'Fwd_Bwd_Byte_Ratio', 'reason': 'High relative backward byte volume indicates data exfiltration.'}]",Impact,low,heuristic,-0.0019367344211786998,stable,[],[]
2018-02-14T10:01:30,2018-02-14T10:01:20,2018-02-14T10:01:30,0.0018773690098896,0.9830410480499268,0,LOW,Exfiltration,medium,"[{'feature': 'Fwd_Bwd_Byte_Ratio', 'reason': 'High relative backward byte volume indicates data exfiltration.'}]",Impact,low,heuristic,-0.0009830343769862999,stable,[],[]
2018-02-14T10:01:40,2018-02-14T10:01:30,2018-02-14T10:01:40,0.001446837442927,0.9830410480499268,0,LOW,Exfiltration,medium,"[{'feature': 'Fwd_Bwd_Byte_Ratio', 'reason': 'High relative backward byte volume indicates data exfiltration.'}]",Impact,low,heuristic,-0.00043053156696259997,stable,[],[]
2018-02-14T10:01:50,2018-02-14T10:01:40,2018-02-14T10:01:50,0.0012434041127562,0.9830410480499268,0,LOW,Exfiltration,medium,"[{'feature': 'Fwd_Bwd_Byte_Ratio', 'reason': 'High relative backward byte volume indicates data exfiltration.'}]",Impact,low,heuristic,-0.00020343333017080003,stable,[],[]
2018-02-14T10:02:00,2018-02-14T10:01:50,2018-02-14T10:02:00,0.001137871062383,0.9830410480499268,0,LOW,Exfiltration,medium,"[{'feature': 'Fwd_Bwd_Byte_Ratio', 'reason': 'High relative backward byte volume indicates data exfiltration.'}]",Impact,low,heuristic,-0.00010553305037320007,stable,[],[]
2018-02-14T10:02:10,2018-02-14T10:02:00,2018-02-14T10:02:10,0.0010791806271299,0.9830410480499268,0,LOW,Exfiltration,medium,"[{'feature': 'Fwd_Bwd_Byte_Ratio', 'reason': 'High relative backward byte volume indicates data exfiltration.'}]",Impact,low,heuristic,-5.869043525309997e-05,stable,[],[]
2018-02-14T10:02:20,2018-02-14T10:02:10,2018-02-14T10:02:20,0.0010449149413034,0.9830410480499268,0,LOW,Exfiltration,medium,"[{'feature': 'Fwd_Bwd_Byte_Ratio', 'reason': 'High relative backward byte volume indicates data exfiltration.'}]",Impact,low,heuristic,-3.4265685826500095e-05,stable,[],[]
2018-02-14T10:02:30,2018-02-14T10:02:20,2018-02-14T10:02:30,0.001024444005452,0.9830410480499268,0,LOW,Exfiltration,medium,"[{'feature': 'Fwd_Bwd_Byte_Ratio', 'reason': 'High relative backward byte volume indicates data exfiltration.'}]",Impact,low,heuristic,-2.0470935851399927e-05,stable,[],[]
2018-02-14T10:02:40,2018-02-14T10:02:30,2018-02-14T10:02:40,0.0010120449587702,0.9830410480499268,0,LOW,Exfiltration,medium,"[{'feature': 'Fwd_Bwd_Byte_Ratio', 'reason': 'High relative backward byte volume indicates data exfiltration.'}]",Impact,low,heuristic,-1.2399046681799879e-05,stable,[],[]
2018-02-14T10:02:50,2018-02-14T10:02:40,2018-02-14T10:02:50,0.0010043411748483,0.9830410480499268,0,LOW,Exfiltration,medium,"[{'feature': 'Fwd_Bwd_Byte_Ratio', 'reason': 'High relative backward byte volume indicates data exfiltration.'}]",Impact,low,heuristic,-7.703783921900013e-06,stable,[],[]
2018-02-14T10:03:00,2018-02-14T10:02:50,2018-02-14T10:03:00,0.0009995502186939,0.9830410480499268,0,LOW,Exfiltration,medium,"[{'feature': 'Fwd_Bwd_Byte_Ratio', 'reason': 'High relative backward byte volume indicates data exfiltration.'}]",Impact,low,heuristic,-4.790956154399973e-06,stable,[],[]
2018-02-14T10:03:10,2018-02-14T10:03:00,2018-02-14T10:03:10,0.0009966888464987,0.9830410480499268,0,LOW,Exfiltration,medium,"[{'feature': 'Fwd_Bwd_Byte_Ratio', 'reason': 'High relative backward byte volume indicates data exfiltration.'}]",Impact,low,heuristic,-2.86137219520006e-06,stable,[],[]
2018-02-14T10:03:20,2018-02-14T10:03:10,2018-02-14T10:03:20,0.0009949734667316,0.9830410480499268,0,LOW,Exfiltration,medium,"[{'feature': 'Fwd_Bwd_Byte_Ratio', 'reason': 'High relative backward byte volume indicates data exfiltration.'}]",Impact,low,heuristic,-1.7153797670999352e-06,stable,[],[]
2018-02-14T10:03:30,2018-02-14T10:03:20,2018-02-14T10:03:30,0.0009939157171174,0.9830410480499268,0,LOW,Exfiltration,medium,"[{'feature': 'Fwd_Bwd_Byte_Ratio', 'reason': 'High relative backward byte volume indicates data exfiltration.'}]",Impact,low,heuristic,-1.0577496142001944e-06,stable,[],[]
2018-02-14T10:03:40,2018-02-14T10:03:30,2018-02-14T10:03:40,0.0009934811387211,0.9830410480499268,0,LOW,Exfiltration,medium,"[{'feature': 'Fwd_Bwd_Byte_Ratio', 'reason': 'High relative backward byte volume indicates data exfiltration.'}]",Impact,low,heuristic,-4.3457839629993354e-07,stable,[],[]
2018-02-14T10:03:50,2018-02-14T10:03:40,2018-02-14T10:03:50,0.0047498908825218,0.9830410480499268,0,LOW,Exfiltration,medium,"[{'feature': 'Fwd_Bwd_Byte_Ratio', 'reason': 'High relative backward byte volume indicates data exfiltration.'}]",Impact,low,heuristic,0.0037564097438007003,stable,[],[]
2018-02-14T10:04:00,2018-02-14T10:03:50,2018-02-14T10:04:00,0.0047971471212804,0.9830410480499268,0,LOW,Exfiltration,medium,"[{'feature': 'Fwd_Bwd_Byte_Ratio', 'reason': 'High relative backward byte volume indicates data exfiltration.'}]",Impact,low,heuristic,4.725623875859956e-05,stable,[],[]
2018-02-14T10:04:10,2018-02-14T10:04:00,2018-02-14T10:04:10,0.0028604033868759,0.9830410480499268,0,LOW,Exfiltration,medium,"[{'feature': 'Fwd_Bwd_Byte_Ratio', 'reason': 'High relative backward byte volume indicates data exfiltration.'}]",Impact,low,heuristic,-0.0019367437344044998,stable,[],[]
2018-02-14T10:04:20,2018-02-14T10:04:10,2018-02-14T10:04:20,0.0018773690098896,0.9830410480499268,0,LOW,Exfiltration,medium,"[{'feature': 'Fwd_Bwd_Byte_Ratio', 'reason': 'High relative backward byte volume indicates data exfiltration.'}]",Impact,low,heuristic,-0.0009830343769862999,stable,[],[]
2018-02-14T10:04:30,2018-02-14T10:04:20,2018-02-14T10:04:30,0.001446837442927,0.9830410480499268,0,LOW,Exfiltration,medium,"[{'feature': 'Fwd_Bwd_Byte_Ratio', 'reason': 'High relative backward byte volume indicates data exfiltration.'}]",Impact,low,heuristic,-0.00043053156696259997,stable,[],[]
2018-02-14T10:04:40,2018-02-14T10:04:30,2018-02-14T10:04:40,0.0012434041127562,0.9830410480499268,0,LOW,Exfiltration,medium,"[{'feature': 'Fwd_Bwd_Byte_Ratio', 'reason': 'High relative backward byte volume indicates data exfiltration.'}]",Impact,low,heuristic,-0.00020343333017080003,stable,[],[]
2018-02-14T10:04:50,2018-02-14T10:04:40,2018-02-14T10:04:50,0.001137871062383,0.9830410480499268,0,LOW,Exfiltration,medium,"[{'feature': 'Fwd_Bwd_Byte_Ratio', 'reason': 'High relative backward byte volume indicates data exfiltration.'}]",Impact,low,heuristic,-0.00010553305037320007,stable,[],[]
2018-02-14T10:05:00,2018-02-14T10:04:50,2018-02-14T10:05:00,0.0010791806271299,0.9830410480499268,0,LOW,Exfiltration,medium,"[{'feature': 'Fwd_Bwd_Byte_Ratio', 'reason': 'High relative backward byte volume indicates data exfiltration.'}]",Impact,low,heuristic,-5.869043525309997e-05,stable,[],[]
2018-02-14T10:05:10,2018-02-14T10:05:00,2018-02-14T10:05:10,0.0010449144756421,0.9830410480499268,0,LOW,Exfiltration,medium,"[{'feature': 'Fwd_Bwd_Byte_Ratio', 'reason': 'High relative backward byte volume indicates data exfiltration.'}]",Impact,low,heuristic,-3.426615148779998e-05,stable,[],[]
2018-02-14T10:05:20,2018-02-14T10:05:10,2018-02-14T10:05:20,0.001024444005452,0.9830410480499268,0,LOW,Exfiltration,medium,"[{'feature': 'Fwd_Bwd_Byte_Ratio', 'reason': 'High relative backward byte volume indicates data exfiltration.'}]",Impact,low,heuristic,-2.0470470190100043e-05,stable,[],[]
2018-02-14T10:05:30,2018-02-14T10:05:20,2018-02-14T10:05:30,0.0010120449587702,0.9830410480499268,0,LOW,Exfiltration,medium,"[{'feature': 'Fwd_Bwd_Byte_Ratio', 'reason': 'High relative backward byte volume indicates data exfiltration.'}]",Impact,low,heuristic,-1.2399046681799879e-05,stable,[],[]
2018-02-14T10:05:40,2018-02-14T10:05:30,2018-02-14T10:05:40,0.0010043411748483,0.9830410480499268,0,LOW,Exfiltration,medium,"[{'feature': 'Fwd_Bwd_Byte_Ratio', 'reason': 'High relative backward byte volume indicates data exfiltration.'}]",Impact,low,heuristic,-7.703783921900013e-06,stable,[],[]
2018-02-14T10:05:50,2018-02-14T10:05:40,2018-02-14T10:05:50,0.0009995511500164,0.9830410480499268,0,LOW,Exfiltration,medium,"[{'feature': 'Fwd_Bwd_Byte_Ratio', 'reason': 'High relative backward byte volume indicates data exfiltration.'}]",Impact,low,heuristic,-4.790024831900167e-06,stable,[],[]
2018-02-14T10:06:00,2018-02-14T10:05:50,2018-02-14T10:06:00,0.0009966888464987,0.9830410480499268,0,LOW,Exfiltration,medium,"[{'feature': 'Fwd_Bwd_Byte_Ratio', 'reason': 'High relative backward byte volume indicates data exfiltration.'}]",Impact,low,heuristic,-2.8623035176998657e-06,stable,[],[]
2018-02-14T10:06:10,2018-02-14T10:06:00,2018-02-14T10:06:10,0.0009949734667316,0.9830410480499268,0,LOW,Exfiltration,medium,"[{'feature': 'Fwd_Bwd_Byte_Ratio', 'reason': 'High relative backward byte volume indicates data exfiltration.'}]",Impact,low,heuristic,-1.7153797670999352e-06,stable,[],[]
2018-02-14T10:06:20,2018-02-14T10:06:10,2018-02-14T10:06:20,0.0009939157171174,0.9830410480499268,0,LOW,Exfiltration,medium,"[{'feature': 'Fwd_Bwd_Byte_Ratio', 'reason': 'High relative backward byte volume indicates data exfiltration.'}]",Impact,low,heuristic,-1.0577496142001944e-06,stable,[],[]
2018-02-14T10:06:30,2018-02-14T10:06:20,2018-02-14T10:06:30,0.0009934811387211,0.9830410480499268,0,LOW,Exfiltration,medium,"[{'feature': 'Fwd_Bwd_Byte_Ratio', 'reason': 'High relative backward byte volume indicates data exfiltration.'}]",Impact,low,heuristic,-4.3457839629993354e-07,stable,[],[]
2018-02-14T10:06:40,2018-02-14T10:06:30,2018-02-14T10:06:40,0.004749892745167,0.9830410480499268,0,LOW,Exfiltration,medium,"[{'feature': 'Fwd_Bwd_Byte_Ratio', 'reason': 'High relative backward byte volume indicates data exfiltration.'}]",Impact,low,heuristic,0.0037564116064459,stable,[],[]
2018-02-14T10:06:50,2018-02-14T10:06:40,2018-02-14T10:06:50,0.0047971378080546,0.9830410480499268,0,LOW,Exfiltration,medium,"[{'feature': 'Fwd_Bwd_Byte_Ratio', 'reason': 'High relative backward byte volume indicates data exfiltration.'}]",Impact,low,heuristic,4.724506288760009e-05,stable,[],[]
2018-02-14T10:07:00,2018-02-14T10:06:50,2018-02-14T10:07:00,0.0028604008257389,0.9830410480499268,0,LOW,Exfiltration,medium,"[{'feature': 'Fwd_Bwd_Byte_Ratio', 'reason': 'High relative backward byte volume indicates data exfiltration.'}]",Impact,low,heuristic,-0.0019367369823156998,stable,[],[]
2018-02-14T10:07:10,2018-02-14T10:07:00,2018-02-14T10:07:10,0.001877368078567,0.9830410480499268,0,LOW,Exfiltration,medium,"[{'feature': 'Fwd_Bwd_Byte_Ratio', 'reason': 'High relative backward byte volume indicates data exfiltration.'}]",Impact,low,heuristic,-0.0009830327471718999,stable,[],[]
2018-02-14T10:07:20,2018-02-14T10:07:10,2018-02-14T10:07:20,0.0014468381414189,0.9830410480499268,0,LOW,Exfiltration,medium,"[{'feature': 'Fwd_Bwd_Byte_Ratio', 'reason': 'High relative backward byte volume indicates data exfiltration.'}]",Impact,low,heuristic,-0.00043052993714810003,stable,[],[]
2018-02-14T10:07:30,2018-02-14T10:07:20,2018-02-14T10:07:30,0.0012434041127562,0.9830410480499268,0,LOW,Exfiltration,medium,"[{'feature': 'Fwd_Bwd_Byte_Ratio', 'reason': 'High relative backward byte volume indicates data exfiltration.'}]",Impact,low,heuristic,-0.00020343402866269998,stable,[],[]
2018-02-14T10:07:40,2018-02-14T10:07:30,2018-02-14T10:07:40,0.001137871062383,0.9830410480499268,0,LOW,Exfiltration,medium,"[{'feature': 'Fwd_Bwd_Byte_Ratio', 'reason': 'High relative backward byte volume indicates data exfiltration.'}]",Impact,low,heuristic,-0.00010553305037320007,stable,[],[]
2018-02-14T10:07:50,2018-02-14T10:07:40,2018-02-14T10:07:50,0.0010791806271299,0.9830410480499268,0,LOW,Exfiltration,medium,"[{'feature': 'Fwd_Bwd_Byte_Ratio', 'reason': 'High relative backward byte volume indicates data exfiltration.'}]",Impact,low,heuristic,-5.869043525309997e-05,stable,[],[]
2018-02-14T10:08:00,2018-02-14T10:07:50,2018-02-14T10:08:00,0.0010449149413034,0.9830410480499268,0,LOW,Exfiltration,medium,"[{'feature': 'Fwd_Bwd_Byte_Ratio', 'reason': 'High relative backward byte volume indicates data exfiltration.'}]",Impact,low,heuristic,-3.4265685826500095e-05,stable,[],[]
2018-02-14T10:08:10,2018-02-14T10:08:00,2018-02-14T10:08:10,0.001024444005452,0.9830410480499268,0,LOW,Exfiltration,medium,"[{'feature': 'Fwd_Bwd_Byte_Ratio', 'reason': 'High relative backward byte volume indicates data exfiltration.'}]",Impact,low,heuristic,-2.0470935851399927e-05,stable,[],[]
2018-02-14T10:08:20,2018-02-14T10:08:10,2018-02-14T10:08:20,0.0010120449587702,0.9830410480499268,0,LOW,Exfiltration,medium,"[{'feature': 'Fwd_Bwd_Byte_Ratio', 'reason': 'High relative backward byte volume indicates data exfiltration.'}]",Impact,low,heuristic,-1.2399046681799879e-05,stable,[],[]
2018-02-14T10:08:30,2018-02-14T10:08:20,2018-02-14T10:08:30,0.0010043411748483,0.9830410480499268,0,LOW,Exfiltration,medium,"[{'feature': 'Fwd_Bwd_Byte_Ratio', 'reason': 'High relative backward byte volume indicates data exfiltration.'}]",Impact,low,heuristic,-7.703783921900013e-06,stable,[],[]
2018-02-14T10:08:40,2018-02-14T10:08:30,2018-02-14T10:08:40,0.0009995506843551,0.9830410480499268,0,LOW,Exfiltration,medium,"[{'feature': 'Fwd_Bwd_Byte_Ratio', 'reason': 'High relative backward byte volume indicates data exfiltration.'}]",Impact,low,heuristic,-4.790490493200052e-06,stable,[],[]
2018-02-14T10:08:50,2018-02-14T10:08:40,2018-02-14T10:08:50,0.0009966888464987,0.9830410480499268,0,LOW,Exfiltration,medium,"[{'feature': 'Fwd_Bwd_Byte_Ratio', 'reason': 'High relative backward byte volume indicates data exfiltration.'}]",Impact,low,heuristic,-2.861837856399981e-06,stable,[],[]
2018-02-14T10:09:00,2018-02-14T10:08:50,2018-02-14T10:09:00,0.0009949734667316,0.9830410480499268,0,LOW,Exfiltration,medium,"[{'feature': 'Fwd_Bwd_Byte_Ratio', 'reason': 'High relative backward byte volume indicates data exfiltration.'}]",Impact,low,heuristic,-1.7153797670999352e-06,stable,[],[]
2018-02-14T10:09:10,2018-02-14T10:09:00,2018-02-14T10:09:10,0.0009939157171174,0.9830410480499268,0,LOW,Exfiltration,medium,"[{'feature': 'Fwd_Bwd_Byte_Ratio', 'reason': 'High relative backward byte volume indicates data exfiltration.'}]",Impact,low,heuristic,-1.0577496142001944e-06,stable,[],[]
2018-02-14T10:09:20,2018-02-14T10:09:10,2018-02-14T10:09:20,0.0009934811387211,0.9830410480499268,0,LOW,Exfiltration,medium,"[{'feature': 'Fwd_Bwd_Byte_Ratio', 'reason': 'High relative backward byte volume indicates data exfiltration.'}]",Impact,low,heuristic,-4.3457839629993354e-07,stable,[],[]
2018-02-14T10:09:30,2018-02-14T10:09:20,2018-02-14T10:09:30,0.004749892745167,0.9830410480499268,0,LOW,Exfiltration,medium,"[{'feature': 'Fwd_Bwd_Byte_Ratio', 'reason': 'High relative backward byte volume indicates data exfiltration.'}]",Impact,low,heuristic,0.0037564116064459,stable,[],[]
2018-02-14T10:09:40,2018-02-14T10:09:30,2018-02-14T10:09:40,0.0047971378080546,0.9830410480499268,0,LOW,Exfiltration,medium,"[{'feature': 'Fwd_Bwd_Byte_Ratio', 'reason': 'High relative backward byte volume indicates data exfiltration.'}]",Impact,low,heuristic,4.724506288760009e-05,stable,[],[]
2018-02-14T10:09:50,2018-02-14T10:09:40,2018-02-14T10:09:50,0.0028604033868759,0.9830410480499268,0,LOW,Exfiltration,medium,"[{'feature': 'Fwd_Bwd_Byte_Ratio', 'reason': 'High relative backward byte volume indicates data exfiltration.'}]",Impact,low,heuristic,-0.0019367344211786998,stable,[],[]
2018-02-14T10:10:00,2018-02-14T10:09:50,2018-02-14T10:10:00,0.0018773690098896,0.9830410480499268,0,LOW,Exfiltration,medium,"[{'feature': 'Fwd_Bwd_Byte_Ratio', 'reason': 'High relative backward byte volume indicates data exfiltration.'}]",Impact,low,heuristic,-0.0009830343769862999,stable,[],[]
2018-02-14T10:10:10,2018-02-14T10:10:00,2018-02-14T10:10:10,0.001446837442927,0.9830410480499268,0,LOW,Exfiltration,medium,"[{'feature': 'Fwd_Bwd_Byte_Ratio', 'reason': 'High relative backward byte volume indicates data exfiltration.'}]",Impact,low,heuristic,-0.00043053156696259997,stable,[],[]
2018-02-14T10:10:20,2018-02-14T10:10:10,2018-02-14T10:10:20,0.0012434041127562,0.9830410480499268,0,LOW,Exfiltration,medium,"[{'feature': 'Fwd_Bwd_Byte_Ratio', 'reason': 'High relative backward byte volume indicates data exfiltration.'}]",Impact,low,heuristic,-0.00020343333017080003,stable,[],[]
2018-02-14T10:10:30,2018-02-14T10:10:20,2018-02-14T10:10:30,0.001137871062383,0.9830410480499268,0,LOW,Exfiltration,medium,"[{'feature': 'Fwd_Bwd_Byte_Ratio', 'reason': 'High relative backward byte volume indicates data exfiltration.'}]",Impact,low,heuristic,-0.00010553305037320007,stable,[],[]
2018-02-14T10:10:40,2018-02-14T10:10:30,2018-02-14T10:10:40,0.0010791806271299,0.9830410480499268,0,LOW,Exfiltration,medium,"[{'feature': 'Fwd_Bwd_Byte_Ratio', 'reason': 'High relative backward byte volume indicates data exfiltration.'}]",Impact,low,heuristic,-5.869043525309997e-05,stable,[],[]
2018-02-14T10:10:50,2018-02-14T10:10:40,2018-02-14T10:10:50,0.0010449149413034,0.9830410480499268,0,LOW,Exfiltration,medium,"[{'feature': 'Fwd_Bwd_Byte_Ratio', 'reason': 'High relative backward byte volume indicates data exfiltration.'}]",Impact,low,heuristic,-3.4265685826500095e-05,stable,[],[]
2018-02-14T10:11:00,2018-02-14T10:10:50,2018-02-14T10:11:00,0.001024444005452,0.9830410480499268,0,LOW,Exfiltration,medium,"[{'feature': 'Fwd_Bwd_Byte_Ratio', 'reason': 'High relative backward byte volume indicates data exfiltration.'}]",Impact,low,heuristic,-2.0470935851399927e-05,stable,[],[]
2018-02-14T10:11:10,2018-02-14T10:11:00,2018-02-14T10:11:10,0.0010120449587702,0.9830410480499268,0,LOW,Exfiltration,medium,"[{'feature': 'Fwd_Bwd_Byte_Ratio', 'reason': 'High relative backward byte volume indicates data exfiltration.'}]",Impact,low,heuristic,-1.2399046681799879e-05,stable,[],[]
2018-02-14T10:11:20,2018-02-14T10:11:10,2018-02-14T10:11:20,0.0035906822886317,0.9830410480499268,0,LOW,Command and Control,low,"[{'feature': 'Total_Bytes', 'reason': 'Low data volume consistent with C2 check-ins.'}]",Exfiltration / Impact,low,heuristic,0.0025786373298615,stable,[],[]
2018-02-14T10:11:30,2018-02-14T10:11:20,2018-02-14T10:11:30,0.0023935532663017,0.9830410480499268,0,LOW,Exfiltration,medium,"[{'feature': 'Fwd_Bwd_Byte_Ratio', 'reason': 'High relative backward byte volume indicates data exfiltration.'}]",Impact,low,heuristic,-0.0011971290223300002,stable,[],[]
2018-02-14T10:11:40,2018-02-14T10:11:30,2018-02-14T10:11:40,0.001543472171761,0.9830410480499268,0,LOW,Exfiltration,medium,"[{'feature': 'Fwd_Bwd_Byte_Ratio', 'reason': 'High relative backward byte volume indicates data exfiltration.'}]",Impact,low,heuristic,-0.0008500810945407001,stable,[],[]
2018-02-14T10:11:50,2018-02-14T10:11:40,2018-02-14T10:11:50,0.0012173118302598,0.9830410480499268,0,LOW,Exfiltration,medium,"[{'feature': 'Fwd_Bwd_Byte_Ratio', 'reason': 'High relative backward byte volume indicates data exfiltration.'}]",Impact,low,heuristic,-0.00032616034150119997,stable,[],[]
2018-02-14T10:12:00,2018-02-14T10:11:50,2018-02-14T10:12:00,0.0010856842854991,0.9830410480499268,0,LOW,Exfiltration,medium,"[{'feature': 'Fwd_Bwd_Byte_Ratio', 'reason': 'High relative backward byte volume indicates data exfiltration.'}]",Impact,low,heuristic,-0.00013162754476069992,stable,[],[]
2018-02-14T10:12:10,2018-02-14T10:12:00,2018-02-14T10:12:10,0.0010263661388307,0.9830410480499268,0,LOW,Exfiltration,medium,"[{'feature': 'Fwd_Bwd_Byte_Ratio', 'reason': 'High relative backward byte volume indicates data exfiltration.'}]",Impact,low,heuristic,-5.931814666839991e-05,stable,[],[]
2018-02-14T10:12:20,2018-02-14T10:12:10,2018-02-14T10:12:20,0.0049142562784254,0.9830410480499268,0,LOW,Exfiltration,medium,"[{'feature': 'Fwd_Bwd_Byte_Ratio', 'reason': 'High relative backward byte volume indicates data exfiltration.'}]",Impact,low,heuristic,0.0038878901395946993,stable,[],[]
2018-02-14T10:12:30,2018-02-14T10:12:20,2018-02-14T10:12:30,0.0049754120409488,0.9830410480499268,0,LOW,Exfiltration,medium,"[{'feature': 'Fwd_Bwd_Byte_Ratio', 'reason': 'High relative backward byte volume indicates data exfiltration.'}]",Impact,low,heuristic,6.115576252340056e-05,stable,[],[]
2018-02-14T10:12:40,2018-02-14T10:12:30,2018-02-14T10:12:40,0.0029493032488971,0.9830410480499268,0,LOW,Exfiltration,medium,"[{'feature': 'Fwd_Bwd_Byte_Ratio', 'reason': 'High relative backward byte volume indicates data exfiltration.'}]",Impact,low,heuristic,-0.0020261087920517003,stable,[],[]
2018-02-14T10:12:50,2018-02-14T10:12:40,2018-02-14T10:12:50,0.0019201566465198,0.9830410480499268,0,LOW,Exfiltration,medium,"[{'feature': 'Fwd_Bwd_Byte_Ratio', 'reason': 'High relative backward byte volume indicates data exfiltration.'}]",Impact,low,heuristic,-0.0010291466023772998,stable,[],[]
2018-02-14T10:13:00,2018-02-14T10:12:50,2018-02-14T10:13:00,0.0014698039740324,0.9830410480499268,0,LOW,Exfiltration,medium,"[{'feature': 'Fwd_Bwd_Byte_Ratio', 'reason': 'High relative backward byte volume indicates data exfiltration.'}]",Impact,low,heuristic,-0.00045035267248739997,stable,[],[]
2018-02-14T10:13:10,2018-02-14T10:13:00,2018-02-14T10:13:10,0.0012566508958116,0.9830410480499268,0,LOW,Exfiltration,medium,"[{'feature': 'Fwd_Bwd_Byte_Ratio', 'reason': 'High relative backward byte volume indicates data exfiltration.'}]",Impact,low,heuristic,-0.00021315307822080006,stable,[],[]
2018-02-14T10:13:20,2018-02-14T10:13:10,2018-02-14T10:13:20,0.0011459733359515,0.9830410480499268,0,LOW,Exfiltration,medium,"[{'feature': 'Fwd_Bwd_Byte_Ratio', 'reason': 'High relative backward byte volume indicates data exfiltration.'}]",Impact,low,heuristic,-0.00011067755986010012,stable,[],[]
2018-02-14T10:13:30,2018-02-14T10:13:20,2018-02-14T10:13:30,0.0010846917284652,0.9830410480499268,0,LOW,Exfiltration,medium,"[{'feature': 'Fwd_Bwd_Byte_Ratio', 'reason': 'High relative backward byte volume indicates data exfiltration.'}]",Impact,low,heuristic,-6.128160748629981e-05,stable,[],[]
2018-02-14T10:13:40,2018-02-14T10:13:30,2018-02-14T10:13:40,0.0010490358108654,0.9830410480499268,0,LOW,Exfiltration,medium,"[{'feature': 'Fwd_Bwd_Byte_Ratio', 'reason': 'High relative backward byte volume indicates data exfiltration.'}]",Impact,low,heuristic,-3.565591759980007e-05,stable,[],[]
2018-02-14T10:13:50,2018-02-14T10:13:40,2018-02-14T10:13:50,0.0010276492685079,0.9830410480499268,0,LOW,Exfiltration,medium,"[{'feature': 'Fwd_Bwd_Byte_Ratio', 'reason': 'High relative backward byte volume indicates data exfiltration.'}]",Impact,low,heuristic,-2.138654235750003e-05,stable,[],[]
2018-02-14T10:14:00,2018-02-14T10:13:50,2018-02-14T10:14:00,0.0010144424159079,0.9830410480499268,0,LOW,Exfiltration,medium,"[{'feature': 'Fwd_Bwd_Byte_Ratio', 'reason': 'High relative backward byte volume indicates data exfiltration.'}]",Impact,low,heuristic,-1.3206852599999914e-05,stable,[],[]
2018-02-14T10:14:10,2018-02-14T10:14:00,2018-02-14T10:14:10,0.001006310340017,0.9830410480499268,0,LOW,Exfiltration,medium,"[{'feature': 'Fwd_Bwd_Byte_Ratio', 'reason': 'High relative backward byte volume indicates data exfiltration.'}]",Impact,low,heuristic,-8.132075890900006e-06,stable,[],[]
2018-02-14T10:14:20,2018-02-14T10:14:10,2018-02-14T10:14:20,0.0010009520919993,0.9830410480499268,0,LOW,Exfiltration,medium,"[{'feature': 'Fwd_Bwd_Byte_Ratio', 'reason': 'High relative backward byte volume indicates data exfiltration.'}]",Impact,low,heuristic,-5.3582480177001394e-06,stable,[],[]
2018-02-14T10:14:30,2018-02-14T10:14:20,2018-02-14T10:14:30,0.0009975547436624,0.9830410480499268,0,LOW,Exfiltration,medium,"[{'feature': 'Fwd_Bwd_Byte_Ratio', 'reason': 'High relative backward byte volume indicates data exfiltration.'}]",Impact,low,heuristic,-3.3973483368999417e-06,stable,[],[]
2018-02-14T10:14:40,2018-02-14T10:14:30,2018-02-14T10:14:40,0.0009949734667316,0.9830410480499268,0,LOW,Exfiltration,medium,"[{'feature': 'Fwd_Bwd_Byte_Ratio', 'reason': 'High relative backward byte volume indicates data exfiltration.'}]",Impact,low,heuristic,-2.5812769307998872e-06,stable,[],[]
2018-02-14T10:14:50,2018-02-14T10:14:40,2018-02-14T10:14:50,0.0009939157171174,0.9830410480499268,0,LOW,Exfiltration,medium,"[{'feature': 'Fwd_Bwd_Byte_Ratio', 'reason': 'High relative backward byte volume indicates data exfiltration.'}]",Impact,low,heuristic,-1.0577496142001944e-06,stable,[],[]
2018-02-14T10:15:00,2018-02-14T10:14:50,2018-02-14T10:15:00,0.0009934811387211,0.9830410480499268,0,LOW,Exfiltration,medium,"[{'feature': 'Fwd_Bwd_Byte_Ratio', 'reason': 'High relative backward byte volume indicates data exfiltration.'}]",Impact,low,heuristic,-4.3457839629993354e-07,stable,[],[]
2018-02-14T10:15:10,2018-02-14T10:15:00,2018-02-14T10:15:10,0.0047498908825218,0.9830410480499268,0,LOW,Exfiltration,medium,"[{'feature': 'Fwd_Bwd_Byte_Ratio', 'reason': 'High relative backward byte volume indicates data exfiltration.'}]",Impact,low,heuristic,0.0037564097438007003,stable,[],[]
2018-02-14T10:15:20,2018-02-14T10:15:10,2018-02-14T10:15:20,0.0047971471212804,0.9830410480499268,0,LOW,Exfiltration,medium,"[{'feature': 'Fwd_Bwd_Byte_Ratio', 'reason': 'High relative backward byte volume indicates data exfiltration.'}]",Impact,low,heuristic,4.725623875859956e-05,stable,[],[]
2018-02-14T10:15:30,2018-02-14T10:15:20,2018-02-14T10:15:30,0.0028604033868759,0.9830410480499268,0,LOW,Exfiltration,medium,"[{'feature': 'Fwd_Bwd_Byte_Ratio', 'reason': 'High relative backward byte volume indicates data exfiltration.'}]",Impact,low,heuristic,-0.0019367437344044998,stable,[],[]
2018-02-14T10:15:40,2018-02-14T10:15:30,2018-02-14T10:15:40,0.0018773690098896,0.9830410480499268,0,LOW,Exfiltration,medium,"[{'feature': 'Fwd_Bwd_Byte_Ratio', 'reason': 'High relative backward byte volume indicates data exfiltration.'}]",Impact,low,heuristic,-0.0009830343769862999,stable,[],[]
2018-02-14T10:15:50,2018-02-14T10:15:40,2018-02-14T10:15:50,0.001446837442927,0.9830410480499268,0,LOW,Exfiltration,medium,"[{'feature': 'Fwd_Bwd_Byte_Ratio', 'reason': 'High relative backward byte volume indicates data exfiltration.'}]",Impact,low,heuristic,-0.00043053156696259997,stable,[],[]
2018-02-14T10:16:00,2018-02-14T10:15:50,2018-02-14T10:16:00,0.0012434041127562,0.9830410480499268,0,LOW,Exfiltration,medium,"[{'feature': 'Fwd_Bwd_Byte_Ratio', 'reason': 'High relative backward byte volume indicates data exfiltration.'}]",Impact,low,heuristic,-0.00020343333017080003,stable,[],[]
2018-02-14T10:16:10,2018-02-14T10:16:00,2018-02-14T10:16:10,0.001137871062383,0.9830410480499268,0,LOW,Exfiltration,medium,"[{'feature': 'Fwd_Bwd_Byte_Ratio', 'reason': 'High relative backward byte volume indicates data exfiltration.'}]",Impact,low,heuristic,-0.00010553305037320007,stable,[],[]
2018-02-14T10:16:20,2018-02-14T10:16:10,2018-02-14T10:16:20,0.0010791806271299,0.9830410480499268,0,LOW,Exfiltration,medium,"[{'feature': 'Fwd_Bwd_Byte_Ratio', 'reason': 'High relative backward byte volume indicates data exfiltration.'}]",Impact,low,heuristic,-5.869043525309997e-05,stable,[],[]
2018-02-14T10:16:30,2018-02-14T10:16:20,2018-02-14T10:16:30,0.0010449144756421,0.9830410480499268,0,LOW,Exfiltration,medium,"[{'feature': 'Fwd_Bwd_Byte_Ratio', 'reason': 'High relative backward byte volume indicates data exfiltration.'}]",Impact,low,heuristic,-3.426615148779998e-05,stable,[],[]
2018-02-14T10:16:40,2018-02-14T10:16:30,2018-02-14T10:16:40,0.001024444005452,0.9830410480499268,0,LOW,Exfiltration,medium,"[{'feature': 'Fwd_Bwd_Byte_Ratio', 'reason': 'High relative backward byte volume indicates data exfiltration.'}]",Impact,low,heuristic,-2.0470470190100043e-05,stable,[],[]
2018-02-14T10:16:50,2018-02-14T10:16:40,2018-02-14T10:16:50,0.0010120449587702,0.9830410480499268,0,LOW,Exfiltration,medium,"[{'feature': 'Fwd_Bwd_Byte_Ratio', 'reason': 'High relative backward byte volume indicates data exfiltration.'}]",Impact,low,heuristic,-1.2399046681799879e-05,stable,[],[]
2018-02-14T10:17:00,2018-02-14T10:16:50,2018-02-14T10:17:00,0.0010043411748483,0.9830410480499268,0,LOW,Exfiltration,medium,"[{'feature': 'Fwd_Bwd_Byte_Ratio', 'reason': 'High relative backward byte volume indicates data exfiltration.'}]",Impact,low,heuristic,-7.703783921900013e-06,stable,[],[]
2018-02-14T10:17:10,2018-02-14T10:17:00,2018-02-14T10:17:10,0.0009995511500164,0.9830410480499268,0,LOW,Exfiltration,medium,"[{'feature': 'Fwd_Bwd_Byte_Ratio', 'reason': 'High relative backward byte volume indicates data exfiltration.'}]",Impact,low,heuristic,-4.790024831900167e-06,stable,[],[]
2018-02-14T10:17:20,2018-02-14T10:17:10,2018-02-14T10:17:20,0.0009966888464987,0.9830410480499268,0,LOW,Exfiltration,medium,"[{'feature': 'Fwd_Bwd_Byte_Ratio', 'reason': 'High relative backward byte volume indicates data exfiltration.'}]",Impact,low,heuristic,-2.8623035176998657e-06,stable,[],[]
2018-02-14T10:17:30,2018-02-14T10:17:20,2018-02-14T10:17:30,0.0009949734667316,0.9830410480499268,0,LOW,Exfiltration,medium,"[{'feature': 'Fwd_Bwd_Byte_Ratio', 'reason': 'High relative backward byte volume indicates data exfiltration.'}]",Impact,low,heuristic,-1.7153797670999352e-06,stable,[],[]
2018-02-14T10:17:40,2018-02-14T10:17:30,2018-02-14T10:17:40,0.0009939157171174,0.9830410480499268,0,LOW,Exfiltration,medium,"[{'feature': 'Fwd_Bwd_Byte_Ratio', 'reason': 'High relative backward byte volume indicates data exfiltration.'}]",Impact,low,heuristic,-1.0577496142001944e-06,stable,[],[]
2018-02-14T10:17:50,2018-02-14T10:17:40,2018-02-14T10:17:50,0.0009934811387211,0.9830410480499268,0,LOW,Exfiltration,medium,"[{'feature': 'Fwd_Bwd_Byte_Ratio', 'reason': 'High relative backward byte volume indicates data exfiltration.'}]",Impact,low,heuristic,-4.3457839629993354e-07,stable,[],[]
2018-02-14T10:18:00,2018-02-14T10:17:50,2018-02-14T10:18:00,0.0047498908825218,0.9830410480499268,0,LOW,Exfiltration,medium,"[{'feature': 'Fwd_Bwd_Byte_Ratio', 'reason': 'High relative backward byte volume indicates data exfiltration.'}]",Impact,low,heuristic,0.0037564097438007003,stable,[],[]
2018-02-14T10:18:10,2018-02-14T10:18:00,2018-02-14T10:18:10,0.0047971471212804,0.9830410480499268,0,LOW,Exfiltration,medium,"[{'feature': 'Fwd_Bwd_Byte_Ratio', 'reason': 'High relative backward byte volume indicates data exfiltration.'}]",Impact,low,heuristic,4.725623875859956e-05,stable,[],[]
2018-02-14T10:18:20,2018-02-14T10:18:10,2018-02-14T10:18:20,0.0028604033868759,0.9830410480499268,0,LOW,Exfiltration,medium,"[{'feature': 'Fwd_Bwd_Byte_Ratio', 'reason': 'High relative backward byte volume indicates data exfiltration.'}]",Impact,low,heuristic,-0.0019367437344044998,stable,[],[]
2018-02-14T10:18:30,2018-02-14T10:18:20,2018-02-14T10:18:30,0.0018773690098896,0.9830410480499268,0,LOW,Exfiltration,medium,"[{'feature': 'Fwd_Bwd_Byte_Ratio', 'reason': 'High relative backward byte volume indicates data exfiltration.'}]",Impact,low,heuristic,-0.0009830343769862999,stable,[],[]
2018-02-14T10:18:40,2018-02-14T10:18:30,2018-02-14T10:18:40,0.001446837442927,0.9830410480499268,0,LOW,Exfiltration,medium,"[{'feature': 'Fwd_Bwd_Byte_Ratio', 'reason': 'High relative backward byte volume indicates data exfiltration.'}]",Impact,low,heuristic,-0.00043053156696259997,stable,[],[]
2018-02-14T10:18:50,2018-02-14T10:18:40,2018-02-14T10:18:50,0.0012434041127562,0.9830410480499268,0,LOW,Exfiltration,medium,"[{'feature': 'Fwd_Bwd_Byte_Ratio', 'reason': 'High relative backward byte volume indicates data exfiltration.'}]",Impact,low,heuristic,-0.00020343333017080003,stable,[],[]
2018-02-14T10:19:00,2018-02-14T10:18:50,2018-02-14T10:19:00,0.001137871062383,0.9830410480499268,0,LOW,Exfiltration,medium,"[{'feature': 'Fwd_Bwd_Byte_Ratio', 'reason': 'High relative backward byte volume indicates data exfiltration.'}]",Impact,low,heuristic,-0.00010553305037320007,stable,[],[]
2018-02-14T10:19:10,2018-02-14T10:19:00,2018-02-14T10:19:10,0.0010791806271299,0.9830410480499268,0,LOW,Exfiltration,medium,"[{'feature': 'Fwd_Bwd_Byte_Ratio', 'reason': 'High relative backward byte volume indicates data exfiltration.'}]",Impact,low,heuristic,-5.869043525309997e-05,stable,[],[]
2018-02-14T10:19:20,2018-02-14T10:19:10,2018-02-14T10:19:20,0.0010449144756421,0.9830410480499268,0,LOW,Exfiltration,medium,"[{'feature': 'Fwd_Bwd_Byte_Ratio', 'reason': 'High relative backward byte volume indicates data exfiltration.'}]",Impact,low,heuristic,-3.426615148779998e-05,stable,[],[]
2018-02-14T10:19:30,2018-02-14T10:19:20,2018-02-14T10:19:30,0.001024444005452,0.9830410480499268,0,LOW,Exfiltration,medium,"[{'feature': 'Fwd_Bwd_Byte_Ratio', 'reason': 'High relative backward byte volume indicates data exfiltration.'}]",Impact,low,heuristic,-2.0470470190100043e-05,stable,[],[]
2018-02-14T10:19:40,2018-02-14T10:19:30,2018-02-14T10:19:40,0.0010120449587702,0.9830410480499268,0,LOW,Exfiltration,medium,"[{'feature': 'Fwd_Bwd_Byte_Ratio', 'reason': 'High relative backward byte volume indicates data exfiltration.'}]",Impact,low,heuristic,-1.2399046681799879e-05,stable,[],[]
2018-02-14T10:19:50,2018-02-14T10:19:40,2018-02-14T10:19:50,0.0010043411748483,0.9830410480499268,0,LOW,Exfiltration,medium,"[{'feature': 'Fwd_Bwd_Byte_Ratio', 'reason': 'High relative backward byte volume indicates data exfiltration.'}]",Impact,low,heuristic,-7.703783921900013e-06,stable,[],[]
2018-02-14T10:20:00,2018-02-14T10:19:50,2018-02-14T10:20:00,0.0009995511500164,0.9830410480499268,0,LOW,Exfiltration,medium,"[{'feature': 'Fwd_Bwd_Byte_Ratio', 'reason': 'High relative backward byte volume indicates data exfiltration.'}]",Impact,low,heuristic,-4.790024831900167e-06,stable,[],[]
2018-02-14T10:20:10,2018-02-14T10:20:00,2018-02-14T10:20:10,0.0009966888464987,0.9830410480499268,0,LOW,Exfiltration,medium,"[{'feature': 'Fwd_Bwd_Byte_Ratio', 'reason': 'High relative backward byte volume indicates data exfiltration.'}]",Impact,low,heuristic,-2.8623035176998657e-06,stable,[],[]
2018-02-14T10:20:20,2018-02-14T10:20:10,2018-02-14T10:20:20,0.0009949734667316,0.9830410480499268,0,LOW,Exfiltration,medium,"[{'feature': 'Fwd_Bwd_Byte_Ratio', 'reason': 'High relative backward byte volume indicates data exfiltration.'}]",Impact,low,heuristic,-1.7153797670999352e-06,stable,[],[]
2018-02-14T10:20:30,2018-02-14T10:20:20,2018-02-14T10:20:30,0.0009939157171174,0.9830410480499268,0,LOW,Exfiltration,medium,"[{'feature': 'Fwd_Bwd_Byte_Ratio', 'reason': 'High relative backward byte volume indicates data exfiltration.'}]",Impact,low,heuristic,-1.0577496142001944e-06,stable,[],[]
2018-02-14T10:20:40,2018-02-14T10:20:30,2018-02-14T10:20:40,0.0009934811387211,0.9830410480499268,0,LOW,Exfiltration,medium,"[{'feature': 'Fwd_Bwd_Byte_Ratio', 'reason': 'High relative backward byte volume indicates data exfiltration.'}]",Impact,low,heuristic,-4.3457839629993354e-07,stable,[],[]
2018-02-14T10:20:50,2018-02-14T10:20:40,2018-02-14T10:20:50,0.0047498908825218,0.9830410480499268,0,LOW,Exfiltration,medium,"[{'feature': 'Fwd_Bwd_Byte_Ratio', 'reason': 'High relative backward byte volume indicates data exfiltration.'}]",Impact,low,heuristic,0.0037564097438007003,stable,[],[]
2018-02-14T10:21:00,2018-02-14T10:20:50,2018-02-14T10:21:00,0.0047971471212804,0.9830410480499268,0,LOW,Exfiltration,medium,"[{'feature': 'Fwd_Bwd_Byte_Ratio', 'reason': 'High relative backward byte volume indicates data exfiltration.'}]",Impact,low,heuristic,4.725623875859956e-05,stable,[],[]
2018-02-14T10:21:10,2018-02-14T10:21:00,2018-02-14T10:21:10,0.0028604033868759,0.9830410480499268,0,LOW,Exfiltration,medium,"[{'feature': 'Fwd_Bwd_Byte_Ratio', 'reason': 'High relative backward byte volume indicates data exfiltration.'}]",Impact,low,heuristic,-0.0019367437344044998,stable,[],[]
2018-02-14T10:21:20,2018-02-14T10:21:10,2018-02-14T10:21:20,0.0018773690098896,0.9830410480499268,0,LOW,Exfiltration,medium,"[{'feature': 'Fwd_Bwd_Byte_Ratio', 'reason': 'High relative backward byte volume indicates data exfiltration.'}]",Impact,low,heuristic,-0.0009830343769862999,stable,[],[]
2018-02-14T10:21:30,2018-02-14T10:21:20,2018-02-14T10:21:30,0.001446837442927,0.9830410480499268,0,LOW,Exfiltration,medium,"[{'feature': 'Fwd_Bwd_Byte_Ratio', 'reason': 'High relative backward byte volume indicates data exfiltration.'}]",Impact,low,heuristic,-0.00043053156696259997,stable,[],[]
2018-02-14T10:21:40,2018-02-14T10:21:30,2018-02-14T10:21:40,0.0012434041127562,0.9830410480499268,0,LOW,Exfiltration,medium,"[{'feature': 'Fwd_Bwd_Byte_Ratio', 'reason': 'High relative backward byte volume indicates data exfiltration.'}]",Impact,low,heuristic,-0.00020343333017080003,stable,[],[]
2018-02-14T10:21:50,2018-02-14T10:21:40,2018-02-14T10:21:50,0.001137871062383,0.9830410480499268,0,LOW,Exfiltration,medium,"[{'feature': 'Fwd_Bwd_Byte_Ratio', 'reason': 'High relative backward byte volume indicates data exfiltration.'}]",Impact,low,heuristic,-0.00010553305037320007,stable,[],[]
2018-02-14T10:22:00,2018-02-14T10:21:50,2018-02-14T10:22:00,0.0010791806271299,0.9830410480499268,0,LOW,Exfiltration,medium,"[{'feature': 'Fwd_Bwd_Byte_Ratio', 'reason': 'High relative backward byte volume indicates data exfiltration.'}]",Impact,low,heuristic,-5.869043525309997e-05,stable,[],[]
2018-02-14T10:22:10,2018-02-14T10:22:00,2018-02-14T10:22:10,0.0010449144756421,0.9830410480499268,0,LOW,Exfiltration,medium,"[{'feature': 'Fwd_Bwd_Byte_Ratio', 'reason': 'High relative backward byte volume indicates data exfiltration.'}]",Impact,low,heuristic,-3.426615148779998e-05,stable,[],[]
2018-02-14T10:22:20,2018-02-14T10:22:10,2018-02-14T10:22:20,0.001024444005452,0.9830410480499268,0,LOW,Exfiltration,medium,"[{'feature': 'Fwd_Bwd_Byte_Ratio', 'reason': 'High relative backward byte volume indicates data exfiltration.'}]",Impact,low,heuristic,-2.0470470190100043e-05,stable,[],[]
2018-02-14T10:22:30,2018-02-14T10:22:20,2018-02-14T10:22:30,0.0010120449587702,0.9830410480499268,0,LOW,Exfiltration,medium,"[{'feature': 'Fwd_Bwd_Byte_Ratio', 'reason': 'High relative backward byte volume indicates data exfiltration.'}]",Impact,low,heuristic,-1.2399046681799879e-05,stable,[],[]
2018-02-14T10:22:40,2018-02-14T10:22:30,2018-02-14T10:22:40,0.0010043411748483,0.9830410480499268,0,LOW,Exfiltration,medium,"[{'feature': 'Fwd_Bwd_Byte_Ratio', 'reason': 'High relative backward byte volume indicates data exfiltration.'}]",Impact,low,heuristic,-7.703783921900013e-06,stable,[],[]
2018-02-14T10:22:50,2018-02-14T10:22:40,2018-02-14T10:22:50,0.0009995511500164,0.9830410480499268,0,LOW,Exfiltration,medium,"[{'feature': 'Fwd_Bwd_Byte_Ratio', 'reason': 'High relative backward byte volume indicates data exfiltration.'}]",Impact,low,heuristic,-4.790024831900167e-06,stable,[],[]
2018-02-14T10:23:00,2018-02-14T10:22:50,2018-02-14T10:23:00,0.0009966888464987,0.9830410480499268,0,LOW,Exfiltration,medium,"[{'feature': 'Fwd_Bwd_Byte_Ratio', 'reason': 'High relative backward byte volume indicates data exfiltration.'}]",Impact,low,heuristic,-2.8623035176998657e-06,stable,[],[]
2018-02-14T10:23:10,2018-02-14T10:23:00,2018-02-14T10:23:10,0.0009949734667316,0.9830410480499268,0,LOW,Exfiltration,medium,"[{'feature': 'Fwd_Bwd_Byte_Ratio', 'reason': 'High relative backward byte volume indicates data exfiltration.'}]",Impact,low,heuristic,-1.7153797670999352e-06,stable,[],[]
2018-02-14T10:23:20,2018-02-14T10:23:10,2018-02-14T10:23:20,0.0009939157171174,0.9830410480499268,0,LOW,Exfiltration,medium,"[{'feature': 'Fwd_Bwd_Byte_Ratio', 'reason': 'High relative backward byte volume indicates data exfiltration.'}]",Impact,low,heuristic,-1.0577496142001944e-06,stable,[],[]
2018-02-14T10:23:30,2018-02-14T10:23:20,2018-02-14T10:23:30,0.0047520664520561,0.9830410480499268,0,LOW,Exfiltration,medium,"[{'feature': 'Fwd_Bwd_Byte_Ratio', 'reason': 'High relative backward byte volume indicates data exfiltration.'}]",Impact,low,heuristic,0.0037581507349387,stable,[],[]
2018-02-14T10:23:40,2018-02-14T10:23:30,2018-02-14T10:23:40,0.0047997524961829,0.9830410480499268,0,LOW,Exfiltration,medium,"[{'feature': 'Fwd_Bwd_Byte_Ratio', 'reason': 'High relative backward byte volume indicates data exfiltration.'}]",Impact,low,heuristic,4.768604412680021e-05,stable,[],[]
2018-02-14T10:23:50,2018-02-14T10:23:40,2018-02-14T10:23:50,0.0028608634602278,0.9830410480499268,0,LOW,Exfiltration,medium,"[{'feature': 'Fwd_Bwd_Byte_Ratio', 'reason': 'High relative backward byte volume indicates data exfiltration.'}]",Impact,low,heuristic,-0.0019388890359551005,stable,[],[]
2018-02-14T10:24:00,2018-02-14T10:23:50,2018-02-14T10:24:00,0.0018781260587275,0.9830410480499268,0,LOW,Exfiltration,medium,"[{'feature': 'Fwd_Bwd_Byte_Ratio', 'reason': 'High relative backward byte volume indicates data exfiltration.'}]",Impact,low,heuristic,-0.0009827374015002998,stable,[],[]
2018-02-14T10:24:10,2018-02-14T10:24:00,2018-02-14T10:24:10,0.0014468381414189,0.9830410480499268,0,LOW,Exfiltration,medium,"[{'feature': 'Fwd_Bwd_Byte_Ratio', 'reason': 'High relative backward byte volume indicates data exfiltration.'}]",Impact,low,heuristic,-0.0004312879173086,stable,[],[]
2018-02-14T10:24:20,2018-02-14T10:24:10,2018-02-14T10:24:20,0.0012434041127562,0.9830410480499268,0,LOW,Exfiltration,medium,"[{'feature': 'Fwd_Bwd_Byte_Ratio', 'reason': 'High relative backward byte volume indicates data exfiltration.'}]",Impact,low,heuristic,-0.00020343402866269998,stable,[],[]
2018-02-14T10:24:30,2018-02-14T10:24:20,2018-02-14T10:24:30,0.001137871062383,0.9830410480499268,0,LOW,Exfiltration,medium,"[{'feature': 'Fwd_Bwd_Byte_Ratio', 'reason': 'High relative backward byte volume indicates data exfiltration.'}]",Impact,low,heuristic,-0.00010553305037320007,stable,[],[]
2018-02-14T10:24:40,2018-02-14T10:24:30,2018-02-14T10:24:40,0.0010791806271299,0.9830410480499268,0,LOW,Exfiltration,medium,"[{'feature': 'Fwd_Bwd_Byte_Ratio', 'reason': 'High relative backward byte volume indicates data exfiltration.'}]",Impact,low,heuristic,-5.869043525309997e-05,stable,[],[]
2018-02-14T10:24:50,2018-02-14T10:24:40,2018-02-14T10:24:50,0.0010449149413034,0.9830410480499268,0,LOW,Exfiltration,medium,"[{'feature': 'Fwd_Bwd_Byte_Ratio', 'reason': 'High relative backward byte volume indicates data exfiltration.'}]",Impact,low,heuristic,-3.4265685826500095e-05,stable,[],[]
2018-02-14T10:25:00,2018-02-14T10:24:50,2018-02-14T10:25:00,0.001024444005452,0.9830410480499268,0,LOW,Exfiltration,medium,"[{'feature': 'Fwd_Bwd_Byte_Ratio', 'reason': 'High relative backward byte volume indicates data exfiltration.'}]",Impact,low,heuristic,-2.0470935851399927e-05,stable,[],[]
2018-02-14T10:25:10,2018-02-14T10:25:00,2018-02-14T10:25:10,0.0010120449587702,0.9830410480499268,0,LOW,Exfiltration,medium,"[{'feature': 'Fwd_Bwd_Byte_Ratio', 'reason': 'High relative backward byte volume indicates data exfiltration.'}]",Impact,low,heuristic,-1.2399046681799879e-05,stable,[],[]
2018-02-14T10:25:20,2018-02-14T10:25:10,2018-02-14T10:25:20,0.0010043411748483,0.9830410480499268,0,LOW,Exfiltration,medium,"[{'feature': 'Fwd_Bwd_Byte_Ratio', 'reason': 'High relative backward byte volume indicates data exfiltration.'}]",Impact,low,heuristic,-7.703783921900013e-06,stable,[],[]
2018-02-14T10:25:30,2018-02-14T10:25:20,2018-02-14T10:25:30,0.0009995506843551,0.9830410480499268,0,LOW,Exfiltration,medium,"[{'feature': 'Fwd_Bwd_Byte_Ratio', 'reason': 'High relative backward byte volume indicates data exfiltration.'}]",Impact,low,heuristic,-4.790490493200052e-06,stable,[],[]
2018-02-14T10:25:40,2018-02-14T10:25:30,2018-02-14T10:25:40,0.0009966888464987,0.9830410480499268,0,LOW,Exfiltration,medium,"[{'feature': 'Fwd_Bwd_Byte_Ratio', 'reason': 'High relative backward byte volume indicates data exfiltration.'}]",Impact,low,heuristic,-2.861837856399981e-06,stable,[],[]
2018-02-14T10:25:50,2018-02-14T10:25:40,2018-02-14T10:25:50,0.0009949734667316,0.9830410480499268,0,LOW,Exfiltration,medium,"[{'feature': 'Fwd_Bwd_Byte_Ratio', 'reason': 'High relative backward byte volume indicates data exfiltration.'}]",Impact,low,heuristic,-1.7153797670999352e-06,stable,[],[]
2018-02-14T10:26:00,2018-02-14T10:25:50,2018-02-14T10:26:00,0.0009939157171174,0.9830410480499268,0,LOW,Exfiltration,medium,"[{'feature': 'Fwd_Bwd_Byte_Ratio', 'reason': 'High relative backward byte volume indicates data exfiltration.'}]",Impact,low,heuristic,-1.0577496142001944e-06,stable,[],[]
2018-02-14T10:26:10,2018-02-14T10:26:00,2018-02-14T10:26:10,0.0009934811387211,0.9830410480499268,0,LOW,Exfiltration,medium,"[{'feature': 'Fwd_Bwd_Byte_Ratio', 'reason': 'High relative backward byte volume indicates data exfiltration.'}]",Impact,low,heuristic,-4.3457839629993354e-07,stable,[],[]
2018-02-14T10:26:20,2018-02-14T10:26:10,2018-02-14T10:26:20,0.004749892745167,0.9830410480499268,0,LOW,Exfiltration,medium,"[{'feature': 'Fwd_Bwd_Byte_Ratio', 'reason': 'High relative backward byte volume indicates data exfiltration.'}]",Impact,low,heuristic,0.0037564116064459,stable,[],[]
2018-02-14T10:26:30,2018-02-14T10:26:20,2018-02-14T10:26:30,0.0047971447929739,0.9830410480499268,0,LOW,Exfiltration,medium,"[{'feature': 'Fwd_Bwd_Byte_Ratio', 'reason': 'High relative backward byte volume indicates data exfiltration.'}]",Impact,low,heuristic,4.725204780690016e-05,stable,[],[]
2018-02-14T10:26:40,2018-02-14T10:26:30,2018-02-14T10:26:40,0.0028604033868759,0.9830410480499268,0,LOW,Exfiltration,medium,"[{'feature': 'Fwd_Bwd_Byte_Ratio', 'reason': 'High relative backward byte volume indicates data exfiltration.'}]",Impact,low,heuristic,-0.001936741406098,stable,[],[]
2018-02-14T10:26:50,2018-02-14T10:26:40,2018-02-14T10:26:50,0.0018773690098896,0.9830410480499268,0,LOW,Exfiltration,medium,"[{'feature': 'Fwd_Bwd_Byte_Ratio', 'reason': 'High relative backward byte volume indicates data exfiltration.'}]",Impact,low,heuristic,-0.0009830343769862999,stable,[],[]
2018-02-14T10:27:00,2018-02-14T10:26:50,2018-02-14T10:27:00,0.001446837442927,0.9830410480499268,0,LOW,Exfiltration,medium,"[{'feature': 'Fwd_Bwd_Byte_Ratio', 'reason': 'High relative backward byte volume indicates data exfiltration.'}]",Impact,low,heuristic,-0.00043053156696259997,stable,[],[]
2018-02-14T10:27:10,2018-02-14T10:27:00,2018-02-14T10:27:10,0.0012434041127562,0.9830410480499268,0,LOW,Exfiltration,medium,"[{'feature': 'Fwd_Bwd_Byte_Ratio', 'reason': 'High relative backward byte volume indicates data exfiltration.'}]",Impact,low,heuristic,-0.00020343333017080003,stable,[],[]
2018-02-14T10:27:20,2018-02-14T10:27:10,2018-02-14T10:27:20,0.001137871062383,0.9830410480499268,0,LOW,Exfiltration,medium,"[{'feature': 'Fwd_Bwd_Byte_Ratio', 'reason': 'High relative backward byte volume indicates data exfiltration.'}]",Impact,low,heuristic,-0.00010553305037320007,stable,[],[]
2018-02-14T10:27:30,2018-02-14T10:27:20,2018-02-14T10:27:30,0.0010791806271299,0.9830410480499268,0,LOW,Exfiltration,medium,"[{'feature': 'Fwd_Bwd_Byte_Ratio', 'reason': 'High relative backward byte volume indicates data exfiltration.'}]",Impact,low,heuristic,-5.869043525309997e-05,stable,[],[]
2018-02-14T10:27:40,2018-02-14T10:27:30,2018-02-14T10:27:40,0.0010449144756421,0.9830410480499268,0,LOW,Exfiltration,medium,"[{'feature': 'Fwd_Bwd_Byte_Ratio', 'reason': 'High relative backward byte volume indicates data exfiltration.'}]",Impact,low,heuristic,-3.426615148779998e-05,stable,[],[]
2018-02-14T10:27:50,2018-02-14T10:27:40,2018-02-14T10:27:50,0.001024444005452,0.9830410480499268,0,LOW,Exfiltration,medium,"[{'feature': 'Fwd_Bwd_Byte_Ratio', 'reason': 'High relative backward byte volume indicates data exfiltration.'}]",Impact,low,heuristic,-2.0470470190100043e-05,stable,[],[]
2018-02-14T10:28:00,2018-02-14T10:27:50,2018-02-14T10:28:00,0.0010120449587702,0.9830410480499268,0,LOW,Exfiltration,medium,"[{'feature': 'Fwd_Bwd_Byte_Ratio', 'reason': 'High relative backward byte volume indicates data exfiltration.'}]",Impact,low,heuristic,-1.2399046681799879e-05,stable,[],[]
2018-02-14T10:28:10,2018-02-14T10:28:00,2018-02-14T10:28:10,0.0010043411748483,0.9830410480499268,0,LOW,Exfiltration,medium,"[{'feature': 'Fwd_Bwd_Byte_Ratio', 'reason': 'High relative backward byte volume indicates data exfiltration.'}]",Impact,low,heuristic,-7.703783921900013e-06,stable,[],[]
2018-02-14T10:28:20,2018-02-14T10:28:10,2018-02-14T10:28:20,0.0009995511500164,0.9830410480499268,0,LOW,Exfiltration,medium,"[{'feature': 'Fwd_Bwd_Byte_Ratio', 'reason': 'High relative backward byte volume indicates data exfiltration.'}]",Impact,low,heuristic,-4.790024831900167e-06,stable,[],[]
2018-02-14T10:28:30,2018-02-14T10:28:20,2018-02-14T10:28:30,0.0009966888464987,0.9830410480499268,0,LOW,Exfiltration,medium,"[{'feature': 'Fwd_Bwd_Byte_Ratio', 'reason': 'High relative backward byte volume indicates data exfiltration.'}]",Impact,low,heuristic,-2.8623035176998657e-06,stable,[],[]
2018-02-14T10:28:40,2018-02-14T10:28:30,2018-02-14T10:28:40,0.0009949734667316,0.9830410480499268,0,LOW,Exfiltration,medium,"[{'feature': 'Fwd_Bwd_Byte_Ratio', 'reason': 'High relative backward byte volume indicates data exfiltration.'}]",Impact,low,heuristic,-1.7153797670999352e-06,stable,[],[]
2018-02-14T10:28:50,2018-02-14T10:28:40,2018-02-14T10:28:50,0.0009939157171174,0.9830410480499268,0,LOW,Exfiltration,medium,"[{'feature': 'Fwd_Bwd_Byte_Ratio', 'reason': 'High relative backward byte volume indicates data exfiltration.'}]",Impact,low,heuristic,-1.0577496142001944e-06,stable,[],[]
2018-02-14T10:29:00,2018-02-14T10:28:50,2018-02-14T10:29:00,0.0009934811387211,0.9830410480499268,0,LOW,Exfiltration,medium,"[{'feature': 'Fwd_Bwd_Byte_Ratio', 'reason': 'High relative backward byte volume indicates data exfiltration.'}]",Impact,low,heuristic,-4.3457839629993354e-07,stable,[],[]
2018-02-14T10:29:10,2018-02-14T10:29:00,2018-02-14T10:29:10,0.0047498908825218,0.9830410480499268,0,LOW,Exfiltration,medium,"[{'feature': 'Fwd_Bwd_Byte_Ratio', 'reason': 'High relative backward byte volume indicates data exfiltration.'}]",Impact,low,heuristic,0.0037564097438007003,stable,[],[]
2018-02-14T10:29:20,2018-02-14T10:29:10,2018-02-14T10:29:20,0.0047971471212804,0.9830410480499268,0,LOW,Exfiltration,medium,"[{'feature': 'Fwd_Bwd_Byte_Ratio', 'reason': 'High relative backward byte volume indicates data exfiltration.'}]",Impact,low,heuristic,4.725623875859956e-05,stable,[],[]
2018-02-14T10:29:30,2018-02-14T10:29:20,2018-02-14T10:29:30,0.0028604033868759,0.9830410480499268,0,LOW,Exfiltration,medium,"[{'feature': 'Fwd_Bwd_Byte_Ratio', 'reason': 'High relative backward byte volume indicates data exfiltration.'}]",Impact,low,heuristic,-0.0019367437344044998,stable,[],[]
2018-02-14T10:29:40,2018-02-14T10:29:30,2018-02-14T10:29:40,0.0018773690098896,0.9830410480499268,0,LOW,Exfiltration,medium,"[{'feature': 'Fwd_Bwd_Byte_Ratio', 'reason': 'High relative backward byte volume indicates data exfiltration.'}]",Impact,low,heuristic,-0.0009830343769862999,stable,[],[]
2018-02-14T10:29:50,2018-02-14T10:29:40,2018-02-14T10:29:50,0.001446837442927,0.9830410480499268,0,LOW,Exfiltration,medium,"[{'feature': 'Fwd_Bwd_Byte_Ratio', 'reason': 'High relative backward byte volume indicates data exfiltration.'}]",Impact,low,heuristic,-0.00043053156696259997,stable,[],[]
2018-02-14T10:30:00,2018-02-14T10:29:50,2018-02-14T10:30:00,0.0121083343401551,0.9830410480499268,0,LOW,Command and Control,low,"[{'feature': 'Total_Bytes', 'reason': 'Low data volume consistent with C2 check-ins.'}]",Exfiltration / Impact,low,heuristic,0.0106614968972281,stable,"[{'feature': 'Fwd Pkt Len Max', 'importance': -0.004593838006258011, 'direction': 'decreases_risk'}, {'feature': 'SYN_FIN_Ratio', 'importance': 0.004250561818480492, 'direction': 'increases_risk'}, {'feature': 'Pkt Len Std', 'importance': -0.002628249116241932, 'direction': 'decreases_risk'}, {'feature': 'RST_SYN_Ratio', 'importance': -0.0020382795482873917, 'direction': 'decreases_risk'}, {'feature': 'Fwd_Pkt_Proportion', 'importance': -0.001535056158900261, 'direction': 'decreases_risk'}]","[{'window_offset': 0, 'importance': 0.009963040240108967}, {'window_offset': -2, 'importance': -0.006312195211648941}, {'window_offset': -1, 'importance': -0.005150210112333298}]"
2018-02-14T10:30:10,2018-02-14T10:30:00,2018-02-14T10:30:10,0.0117008974775671,0.9830410480499268,0,LOW,Exfiltration,medium,"[{'feature': 'Fwd_Bwd_Byte_Ratio', 'reason': 'High relative backward byte volume indicates data exfiltration.'}]",Impact,low,heuristic,-0.0004074368625879999,stable,"[{'feature': 'SYN_FIN_Ratio', 'importance': 0.005315182730555534, 'direction': 'increases_risk'}, {'feature': 'Fwd Pkt Len Max', 'importance': -0.0042791059240698814, 'direction': 'decreases_risk'}, {'feature': 'RST_SYN_Ratio', 'importance': -0.0034313350915908813, 'direction': 'decreases_risk'}, {'feature': 'Fwd Pkt Len Mean', 'importance': 0.0024898359552025795, 'direction': 'increases_risk'}, {'feature': 'Pkt Len Std', 'importance': -0.0022565610706806183, 'direction': 'decreases_risk'}]","[{'window_offset': 0, 'importance': -0.018695740960538387}, {'window_offset': -1, 'importance': 0.009919096366502345}, {'window_offset': -3, 'importance': -0.004086521454155445}]"
2018-02-14T10:30:20,2018-02-14T10:30:10,2018-02-14T10:30:20,0.0050181131809949,0.9830410480499268,0,LOW,Exfiltration,medium,"[{'feature': 'Fwd_Bwd_Byte_Ratio', 'reason': 'High relative backward byte volume indicates data exfiltration.'}]",Impact,low,heuristic,-0.006682784296572201,stable,[],[]
2018-02-14T10:30:30,2018-02-14T10:30:20,2018-02-14T10:30:30,0.0026522078551352,0.9830410480499268,0,LOW,Exfiltration,medium,"[{'feature': 'Fwd_Bwd_Byte_Ratio', 'reason': 'High relative backward byte volume indicates data exfiltration.'}]",Impact,low,heuristic,-0.0023659053258597,stable,[],[]
2018-02-14T10:30:40,2018-02-14T10:30:30,2018-02-14T10:30:40,0.0018517589196562,0.9830410480499268,0,LOW,Exfiltration,medium,"[{'feature': 'Fwd_Bwd_Byte_Ratio', 'reason': 'High relative backward byte volume indicates data exfiltration.'}]",Impact,low,heuristic,-0.0008004489354789999,stable,[],[]
2018-02-14T10:30:50,2018-02-14T10:30:40,2018-02-14T10:30:50,0.0014957250095903,0.9830410480499268,0,LOW,Exfiltration,medium,"[{'feature': 'Fwd_Bwd_Byte_Ratio', 'reason': 'High relative backward byte volume indicates data exfiltration.'}]",Impact,low,heuristic,-0.0003560339100659,stable,[],[]
2018-02-14T10:31:00,2018-02-14T10:30:50,2018-02-14T10:31:00,0.0013070716522634,0.9830410480499268,0,LOW,Exfiltration,medium,"[{'feature': 'Fwd_Bwd_Byte_Ratio', 'reason': 'High relative backward byte volume indicates data exfiltration.'}]",Impact,low,heuristic,-0.00018865335732690005,stable,[],[]
2018-02-14T10:31:10,2018-02-14T10:31:00,2018-02-14T10:31:10,0.0011970498599112,0.9830410480499268,0,LOW,Exfiltration,medium,"[{'feature': 'Fwd_Bwd_Byte_Ratio', 'reason': 'High relative backward byte volume indicates data exfiltration.'}]",Impact,low,heuristic,-0.00011002179235219999,stable,[],[]
2018-02-14T10:31:20,2018-02-14T10:31:10,2018-02-14T10:31:20,0.0011291787959635,0.9830410480499268,0,LOW,Exfiltration,medium,"[{'feature': 'Fwd_Bwd_Byte_Ratio', 'reason': 'High relative backward byte volume indicates data exfiltration.'}]",Impact,low,heuristic,-6.787106394769995e-05,stable,[],[]
2018-02-14T10:31:30,2018-02-14T10:31:20,2018-02-14T10:31:30,0.0010856572771444,0.9830410480499268,0,LOW,Exfiltration,medium,"[{'feature': 'Fwd_Bwd_Byte_Ratio', 'reason': 'High relative backward byte volume indicates data exfiltration.'}]",Impact,low,heuristic,-4.352151881910002e-05,stable,[],[]
2018-02-14T10:31:40,2018-02-14T10:31:30,2018-02-14T10:31:40,0.0010568131692707,0.9830410480499268,0,LOW,Exfiltration,medium,"[{'feature': 'Fwd_Bwd_Byte_Ratio', 'reason': 'High relative backward byte volume indicates data exfiltration.'}]",Impact,low,heuristic,-2.8844107873699865e-05,stable,[],[]
2018-02-14T10:31:50,2018-02-14T10:31:40,2018-02-14T10:31:50,0.0010376780992373,0.9830410480499268,0,LOW,Exfiltration,medium,"[{'feature': 'Fwd_Bwd_Byte_Ratio', 'reason': 'High relative backward byte volume indicates data exfiltration.'}]",Impact,low,heuristic,-1.913507003340007e-05,stable,[],[]
2018-02-14T10:32:00,2018-02-14T10:31:50,2018-02-14T10:32:00,0.0049210204742848,0.9830410480499268,0,LOW,Exfiltration,medium,"[{'feature': 'Fwd_Bwd_Byte_Ratio', 'reason': 'High relative backward byte volume indicates data exfiltration.'}]",Impact,low,heuristic,0.0038833423750474997,stable,[],[]
2018-02-14T10:32:10,2018-02-14T10:32:00,2018-02-14T10:32:10,0.0048961457796394,0.9830410480499268,0,LOW,Exfiltration,medium,"[{'feature': 'Fwd_Bwd_Byte_Ratio', 'reason': 'High relative backward byte volume indicates data exfiltration.'}]",Impact,low,heuristic,-2.487469464539961e-05,stable,[],[]
2018-02-14T10:32:20,2018-02-14T10:32:10,2018-02-14T10:32:20,0.0140634756535291,0.9830410480499268,0,LOW,Command and Control,low,"[{'feature': 'Total_Bytes', 'reason': 'Low data volume consistent with C2 check-ins.'}]",Exfiltration / Impact,low,heuristic,0.009167329873889699,stable,"[{'feature': 'Idle Mean', 'importance': -0.003414873033761978, 'direction': 'decreases_risk'}, {'feature': 'Idle Max', 'importance': -0.0034018289297819138, 'direction': 'decreases_risk'}, {'feature': 'Flow IAT Min', 'importance': -0.0026063714176416397, 'direction': 'decreases_risk'}, {'feature': 'RST_SYN_Ratio', 'importance': -0.002556249499320984, 'direction': 'decreases_risk'}, {'feature': 'Fwd Seg Size Min', 'importance': 0.0017513521015644073, 'direction': 'increases_risk'}]","[{'window_offset': -1, 'importance': -0.025110242888331413}, {'window_offset': -2, 'importance': 0.009571318048983812}, {'window_offset': 0, 'importance': 0.0064054871909320354}]"
2018-02-14T10:32:30,2018-02-14T10:32:20,2018-02-14T10:32:30,0.0062300632707774,0.9830410480499268,0,LOW,Exfiltration,medium,"[{'feature': 'Fwd_Bwd_Byte_Ratio', 'reason': 'High relative backward byte volume indicates data exfiltration.'}]",Impact,low,heuristic,-0.0078334123827517,stable,[],[]
2018-02-14T10:32:40,2018-02-14T10:32:30,2018-02-14T10:32:40,0.0026661113370209,0.9830410480499268,0,LOW,Exfiltration,medium,"[{'feature': 'Fwd_Bwd_Byte_Ratio', 'reason': 'High relative backward byte volume indicates data exfiltration.'}]",Impact,low,heuristic,-0.0035639519337564997,stable,[],[]
2018-02-14T10:32:50,2018-02-14T10:32:40,2018-02-14T10:32:50,0.0016863089986145,0.9830410480499268,0,LOW,Exfiltration,medium,"[{'feature': 'Fwd_Bwd_Byte_Ratio', 'reason': 'High relative backward byte volume indicates data exfiltration.'}]",Impact,low,heuristic,-0.0009798023384064,stable,[],[]
2018-02-14T10:33:00,2018-02-14T10:32:50,2018-02-14T10:33:00,0.0013349646469578,0.9830410480499268,0,LOW,Exfiltration,medium,"[{'feature': 'Fwd_Bwd_Byte_Ratio', 'reason': 'High relative backward byte volume indicates data exfiltration.'}]",Impact,low,heuristic,-0.00035134435165670003,stable,[],[]
2018-02-14T10:33:10,2018-02-14T10:33:00,2018-02-14T10:33:10,0.0011779766064137,0.9830410480499268,0,LOW,Exfiltration,medium,"[{'feature': 'Fwd_Bwd_Byte_Ratio', 'reason': 'High relative backward byte volume indicates data exfiltration.'}]",Impact,low,heuristic,-0.00015698804054410003,stable,[],[]
2018-02-14T10:33:20,2018-02-14T10:33:10,2018-02-14T10:33:20,0.055542342364788,0.9830410480499268,0,LOW,Exfiltration,medium,"[{'feature': 'Fwd_Bwd_Byte_Ratio', 'reason': 'High relative backward byte volume indicates data exfiltration.'}]",Impact,medium,heuristic,0.0543643657583743,escalating,"[{'feature': 'Bwd Pkts/s', 'importance': 0.05043396260589361, 'direction': 'increases_risk'}, {'feature': 'Flow Pkts/s', 'importance': 0.03282557800412178, 'direction': 'increases_risk'}, {'feature': 'Pkts_Per_Sec', 'importance': 0.03265649452805519, 'direction': 'increases_risk'}, {'feature': 'Fwd Pkts/s', 'importance': 0.01916661486029625, 'direction': 'increases_risk'}, {'feature': 'Fwd Pkt Len Max', 'importance': -0.015523973852396011, 'direction': 'decreases_risk'}]","[{'window_offset': -1, 'importance': -0.14065377041697502}, {'window_offset': -2, 'importance': -0.10225320979952812}, {'window_offset': -3, 'importance': -0.05884528532624245}]"
2018-02-14T10:33:30,2018-02-14T10:33:20,2018-02-14T10:33:30,0.8280028700828552,0.9830410480499268,0,CRITICAL,Exfiltration,medium,"[{'feature': 'Fwd_Bwd_Byte_Ratio', 'reason': 'High relative backward byte volume indicates data exfiltration.'}]",Impact,medium,heuristic,0.7724605277180672,escalating,"[{'feature': 'Bwd Pkts/s', 'importance': 0.7990959752351046, 'direction': 'increases_risk'}, {'feature': 'Pkts_Per_Sec', 'importance': 0.2323564887046814, 'direction': 'increases_risk'}, {'feature': 'Flow Pkts/s', 'importance': 0.1619424819946289, 'direction': 'increases_risk'}, {'feature': 'Fwd Pkts/s', 'importance': 0.06523418426513672, 'direction': 'increases_risk'}, {'feature': 'Idle Mean', 'importance': -0.030280888080596924, 'direction': 'decreases_risk'}]","[{'window_offset': -1, 'importance': 0.6545563340187073}, {'window_offset': 0, 'importance': 0.5926189124584198}, {'window_offset': -2, 'importance': -0.10806918144226074}]"
2018-02-14T10:33:40,2018-02-14T10:33:30,2018-02-14T10:33:40,0.9858923554420472,0.9830410480499268,1,CRITICAL,Exfiltration,medium,"[{'feature': 'Fwd_Bwd_Byte_Ratio', 'reason': 'High relative backward byte volume indicates data exfiltration.'}]",Impact,medium,heuristic,0.157889485359192,escalating,"[{'feature': 'Bwd Pkts/s', 'importance': 0.8345899879932404, 'direction': 'increases_risk'}, {'feature': 'Pkts_Per_Sec', 'importance': 0.01765960454940796, 'direction': 'increases_risk'}, {'feature': 'Flow Pkts/s', 'importance': 0.009079158306121826, 'direction': 'increases_risk'}, {'feature': 'Fwd Pkts/s', 'importance': 0.0022107958793640137, 'direction': 'increases_risk'}, {'feature': 'Idle Mean', 'importance': -0.0014851689338684082, 'direction': 'decreases_risk'}]","[{'window_offset': -2, 'importance': 0.056578218936920166}, {'window_offset': -1, 'importance': 0.04292643070220947}, {'window_offset': 0, 'importance': 0.031901419162750244}]"
2018-02-14T10:33:50,2018-02-14T10:33:40,2018-02-14T10:33:50,0.995373785495758,0.9830410480499268,1,CRITICAL,Exfiltration,medium,"[{'feature': 'Fwd_Bwd_Byte_Ratio', 'reason': 'High relative backward byte volume indicates data exfiltration.'}]",Impact,low,heuristic,0.009481430053710715,stable,"[{'feature': 'Bwd Pkts/s', 'importance': 0.5018457174301147, 'direction': 'increases_risk'}, {'feature': 'Pkts_Per_Sec', 'importance': 0.0026187896728515625, 'direction': 'increases_risk'}, {'feature': 'Flow Pkts/s', 'importance': 0.001591324806213379, 'direction': 'increases_risk'}, {'feature': 'RST_SYN_Ratio', 'importance': -0.00017148256301879883, 'direction': 'decreases_risk'}, {'feature': 'Fwd Pkt Len Max', 'importance': -0.00015980005264282227, 'direction': 'decreases_risk'}]","[{'window_offset': -3, 'importance': 0.004537403583526611}, {'window_offset': -2, 'importance': 0.0033056139945983887}, {'window_offset': 0, 'importance': 0.0028610825538635254}]"
2018-02-14T10:34:00,2018-02-14T10:33:50,2018-02-14T10:34:00,0.9968565702438354,0.9830410480499268,1,CRITICAL,Exfiltration,medium,"[{'feature': 'Fwd_Bwd_Byte_Ratio', 'reason': 'High relative backward byte volume indicates data exfiltration.'}]",Impact,low,heuristic,0.0014827847480775036,stable,"[{'feature': 'Bwd Pkts/s', 'importance': 0.1750783920288086, 'direction': 'increases_risk'}, {'feature': 'Pkts_Per_Sec', 'importance': 0.0009942054748535156, 'direction': 'increases_risk'}, {'feature': 'Flow Pkts/s', 'importance': 0.0005664825439453125, 'direction': 'increases_risk'}, {'feature': 'Init Fwd Win Byts', 'importance': 7.742643356323242e-05, 'direction': 'increases_risk'}, {'feature': 'Fwd Pkts/s', 'importance': 6.902217864990234e-05, 'direction': 'increases_risk'}]","[{'window_offset': -1, 'importance': 0.0011026859283447266}, {'window_offset': 0, 'importance': 0.0008764266967773438}, {'window_offset': -4, 'importance': 0.0008675456047058105}]"
2018-02-14T10:34:10,2018-02-14T10:34:00,2018-02-14T10:34:10,0.9972819089889526,0.9830410480499268,1,CRITICAL,Exfiltration,medium,"[{'feature': 'Fwd_Bwd_Byte_Ratio', 'reason': 'High relative backward byte volume indicates data exfiltration.'}]",Impact,low,heuristic,0.0004253387451171875,stable,"[{'feature': 'Bwd Pkts/s', 'importance': 0.051361143589019775, 'direction': 'increases_risk'}, {'feature': 'Pkts_Per_Sec', 'importance': 0.0007007718086242676, 'direction': 'increases_risk'}, {'feature': 'Flow Pkts/s', 'importance': 0.00034499168395996094, 'direction': 'increases_risk'}, {'feature': 'Fwd Pkts/s', 'importance': 0.00019747018814086914, 'direction': 'increases_risk'}, {'feature': 'Init Fwd Win Byts', 'importance': 5.525350570678711e-05, 'direction': 'increases_risk'}]","[{'window_offset': -1, 'importance': 0.0008835792541503906}, {'window_offset': 0, 'importance': 0.0005040764808654785}, {'window_offset': -5, 'importance': 0.00030803680419921875}]"
2018-02-14T10:34:20,2018-02-14T10:34:10,2018-02-14T10:34:20,0.9974663257598876,0.9830410480499268,1,CRITICAL,Exfiltration,medium,"[{'feature': 'Fwd_Bwd_Byte_Ratio', 'reason': 'High relative backward byte volume indicates data exfiltration.'}]",Impact,low,heuristic,0.00018441677093494757,stable,"[{'feature': 'Bwd Pkts/s', 'importance': 0.01619398593902588, 'direction': 'increases_risk'}, {'feature': 'Pkts_Per_Sec', 'importance': 0.0006508231163024902, 'direction': 'increases_risk'}, {'feature': 'Fwd Pkts/s', 'importance': 0.0003406405448913574, 'direction': 'increases_risk'}, {'feature': 'Flow Pkts/s', 'importance': 0.00026535987854003906, 'direction': 'increases_risk'}, {'feature': 'Init Fwd Win Byts', 'importance': 4.374980926513672e-05, 'direction': 'increases_risk'}]","[{'window_offset': -1, 'importance': 0.0007703304290771484}, {'window_offset': 0, 'importance': 0.0003553628921508789}, {'window_offset': -6, 'importance': 0.00015783309936523438}]"
2018-02-14T10:34:30,2018-02-14T10:34:20,2018-02-14T10:34:30,0.9975638389587402,0.9830410480499268,1,CRITICAL,Exfiltration,medium,"[{'feature': 'Fwd_Bwd_Byte_Ratio', 'reason': 'High relative backward byte volume indicates data exfiltration.'}]",Impact,low,heuristic,9.751319885265008e-05,stable,"[{'feature': 'Bwd Pkts/s', 'importance': 0.006652772426605225, 'direction': 'increases_risk'}, {'feature': 'Pkts_Per_Sec', 'importance': 0.0006603598594665527, 'direction': 'increases_risk'}, {'feature': 'Fwd Pkts/s', 'importance': 0.0004379153251647949, 'direction': 'increases_risk'}, {'feature': 'Flow Pkts/s', 'importance': 0.00022739171981811523, 'direction': 'increases_risk'}, {'feature': 'Fwd Seg Size Min', 'importance': 4.309415817260742e-05, 'direction': 'increases_risk'}]","[{'window_offset': -1, 'importance': 0.0006992220878601074}, {'window_offset': 0, 'importance': 0.0002785921096801758}, {'window_offset': -7, 'importance': 9.691715240478516e-05}]"
2018-02-14T10:34:40,2018-02-14T10:34:30,2018-02-14T10:34:40,0.9976229071617126,0.9830410480499268,1,CRITICAL,Exfiltration,medium,"[{'feature': 'Fwd_Bwd_Byte_Ratio', 'reason': 'High relative backward byte volume indicates data exfiltration.'}]",Impact,low,heuristic,5.906820297241211e-05,stable,"[{'feature': 'Bwd Pkts/s', 'importance': 0.0041602253913879395, 'direction': 'increases_risk'}, {'feature': 'Pkts_Per_Sec', 'importance': 0.0006786584854125977, 'direction': 'increases_risk'}, {'feature': 'Fwd Pkts/s', 'importance': 0.0004890561103820801, 'direction': 'increases_risk'}, {'feature': 'Flow Pkts/s', 'importance': 0.00020676851272583008, 'direction': 'increases_risk'}, {'feature': 'Fwd Seg Size Min', 'importance': 4.4465065002441406e-05, 'direction': 'increases_risk'}]","[{'window_offset': -1, 'importance': 0.0006543397903442383}, {'window_offset': 0, 'importance': 0.00023484230041503906}, {'window_offset': -8, 'importance': 6.866455078125e-05}]"
2018-02-14T10:34:50,2018-02-14T10:34:40,2018-02-14T10:34:50,0.9976632595062256,0.9830410480499268,1,CRITICAL,Exfiltration,medium,"[{'feature': 'Fwd_Bwd_Byte_Ratio', 'reason': 'High relative backward byte volume indicates data exfiltration.'}]",Impact,low,heuristic,4.035234451293945e-05,stable,"[{'feature': 'Bwd Pkts/s', 'importance': 0.0033584237098693848, 'direction': 'increases_risk'}, {'feature': 'Pkts_Per_Sec', 'importance': 0.0006920099258422852, 'direction': 'increases_risk'}, {'feature': 'Fwd Pkts/s', 'importance': 0.0005145668983459473, 'direction': 'increases_risk'}, {'feature': 'Flow Pkts/s', 'importance': 0.00019550323486328125, 'direction': 'increases_risk'}, {'feature': 'Fwd Seg Size Min', 'importance': 4.649162292480469e-05, 'direction': 'increases_risk'}]","[{'window_offset': -1, 'importance': 0.0006217360496520996}, {'window_offset': 0, 'importance': 0.00020653009414672852}, {'window_offset': -6, 'importance': -7.87973403930664e-05}]"
2018-02-14T10:35:00,2018-02-14T10:34:50,2018-02-14T10:35:00,0.9976925849914552,0.9830410480499268,1,CRITICAL,Exfiltration,medium,"[{'feature': 'Fwd_Bwd_Byte_Ratio', 'reason': 'High relative backward byte volume indicates data exfiltration.'}]",Impact,low,heuristic,2.932548522960321e-05,stable,"[{'feature': 'Bwd Pkts/s', 'importance': 0.0030320286750793457, 'direction': 'increases_risk'}, {'feature': 'Pkts_Per_Sec', 'importance': 0.0006933212280273438, 'direction': 'increases_risk'}, {'feature': 'Fwd Pkts/s', 'importance': 0.0005268454551696777, 'direction': 'increases_risk'}, {'feature': 'Flow Pkts/s', 'importance': 0.00019031763076782227, 'direction': 'increases_risk'}, {'feature': 'Fwd Seg Size Min', 'importance': 4.857778549194336e-05, 'direction': 'increases_risk'}]","[{'window_offset': -1, 'importance': 0.0006005764007568359}, {'window_offset': 0, 'importance': 0.00018864870071411133}, {'window_offset': -7, 'importance': -9.065866470336914e-05}]"
2018-02-14T10:35:10,2018-02-14T10:35:00,2018-02-14T10:35:10,0.9977185726165771,0.9830410480499268,1,CRITICAL,Exfiltration,medium,"[{'feature': 'Fwd_Bwd_Byte_Ratio', 'reason': 'High relative backward byte volume indicates data exfiltration.'}]",Impact,low,heuristic,2.598762512195929e-05,stable,"[{'feature': 'Bwd Pkts/s', 'importance': 0.0028585195541381836, 'direction': 'increases_risk'}, {'feature': 'Pkts_Per_Sec', 'importance': 0.0006921887397766113, 'direction': 'increases_risk'}, {'feature': 'Fwd Pkts/s', 'importance': 0.0005362033843994141, 'direction': 'increases_risk'}, {'feature': 'Flow Pkts/s', 'importance': 0.00018781423568725586, 'direction': 'increases_risk'}, {'feature': 'Fwd Seg Size Min', 'importance': 5.0961971282958984e-05, 'direction': 'increases_risk'}]","[{'window_offset': -1, 'importance': 0.0005853176116943359}, {'window_offset': 0, 'importance': 0.00017654895782470703}, {'window_offset': -8, 'importance': -9.691715240478516e-05}]"
2018-02-14T10:35:20,2018-02-14T10:35:10,2018-02-14T10:35:20,0.9977729916572572,0.9830410480499268,1,CRITICAL,Exfiltration,medium,"[{'feature': 'Fwd_Bwd_Byte_Ratio', 'reason': 'High relative backward byte volume indicates data exfiltration.'}]",Impact,low,heuristic,5.441904068004266e-05,stable,"[{'feature': 'Bwd Pkts/s', 'importance': 0.002879798412322998, 'direction': 'increases_risk'}, {'feature': 'Pkts_Per_Sec', 'importance': 0.0006687641143798828, 'direction': 'increases_risk'}, {'feature': 'Fwd Pkts/s', 'importance': 0.0005477070808410645, 'direction': 'increases_risk'}, {'feature': 'Flow Pkts/s', 'importance': 0.00018912553787231445, 'direction': 'increases_risk'}, {'feature': 'Fwd Seg Size Min', 'importance': 5.65648078918457e-05, 'direction': 'increases_risk'}]","[{'window_offset': -1, 'importance': 0.0005830526351928711}, {'window_offset': 0, 'importance': 0.00018578767776489258}, {'window_offset': -9, 'importance': -9.191036224365234e-05}]"
2018-02-14T10:35:30,2018-02-14T10:35:20,2018-02-14T10:35:30,0.9978184700012208,0.9830410480499268,1,CRITICAL,Exfiltration,medium,"[{'feature': 'Fwd_Bwd_Byte_Ratio', 'reason': 'High relative backward byte volume indicates data exfiltration.'}]",Impact,low,heuristic,4.547834396362305e-05,stable,"[{'feature': 'Bwd Pkts/s', 'importance': 0.0028731226921081543, 'direction': 'increases_risk'}, {'feature': 'Pkts_Per_Sec', 'importance': 0.0006896853446960449, 'direction': 'increases_risk'}, {'feature': 'Fwd Pkts/s', 'importance': 0.0005832314491271973, 'direction': 'increases_risk'}, {'feature': 'Flow Pkts/s', 'importance': 0.00020396709442138672, 'direction': 'increases_risk'}, {'feature': 'Fwd Seg Size Min', 'importance': 6.109476089477539e-05, 'direction': 'increases_risk'}]","[{'window_offset': -1, 'importance': 0.0005801916122436523}, {'window_offset': 0, 'importance': 0.00017690658569335938}, {'window_offset': -10, 'importance': -7.623434066772461e-05}]"
2018-02-14T10:35:40,2018-02-14T10:35:30,2018-02-14T10:35:40,0.9977845549583436,0.9830410480499268,1,CRITICAL,Exfiltration,medium,"[{'feature': 'Fwd_Bwd_Byte_Ratio', 'reason': 'High relative backward byte volume indicates data exfiltration.'}]",Impact,low,heuristic,-3.3915042877197266e-05,stable,"[{'feature': 'Bwd Pkts/s', 'importance': 0.002638578414916992, 'direction': 'increases_risk'}, {'feature': 'Pkts_Per_Sec', 'importance': 0.0006958246231079102, 'direction': 'increases_risk'}, {'feature': 'Fwd Pkts/s', 'importance': 0.0005663037300109863, 'direction': 'increases_risk'}, {'feature': 'Flow Pkts/s', 'importance': 0.0001875162124633789, 'direction': 'increases_risk'}, {'feature': 'Fwd Seg Size Min', 'importance': 5.424022674560547e-05, 'direction': 'increases_risk'}]","[{'window_offset': -1, 'importance': 0.0005640387535095215}, {'window_offset': 0, 'importance': 0.00016307830810546875}, {'window_offset': -10, 'importance': -9.506940841674805e-05}]"
2018-02-14T10:35:50,2018-02-14T10:35:40,2018-02-14T10:35:50,0.9978437423706056,0.9830410480499268,1,CRITICAL,Exfiltration,medium,"[{'feature': 'Fwd_Bwd_Byte_Ratio', 'reason': 'High relative backward byte volume indicates data exfiltration.'}]",Impact,low,heuristic,5.918741226196289e-05,stable,"[{'feature': 'Bwd Pkts/s', 'importance': 0.00270766019821167, 'direction': 'increases_risk'}, {'feature': 'Pkts_Per_Sec', 'importance': 0.0007107257843017578, 'direction': 'increases_risk'}, {'feature': 'Fwd Pkts/s', 'importance': 0.0006048679351806641, 'direction': 'increases_risk'}, {'feature': 'Flow Pkts/s', 'importance': 0.00020056962966918945, 'direction': 'increases_risk'}, {'feature': 'Fwd Seg Size Min', 'importance': 5.7220458984375e-05, 'direction': 'increases_risk'}]","[{'window_offset': -1, 'importance': 0.0005699992179870605}, {'window_offset': 0, 'importance': 0.00017762184143066406}, {'window_offset': -12, 'importance': -6.979703903198242e-05}]"
2018-02-14T10:36:00,2018-02-14T10:35:50,2018-02-14T10:36:00,0.9978989362716676,0.9830410480499268,1,CRITICAL,Exfiltration,medium,"[{'feature': 'Fwd_Bwd_Byte_Ratio', 'reason': 'High relative backward byte volume indicates data exfiltration.'}]",Impact,low,heuristic,5.519390106201172e-05,stable,"[{'feature': 'Bwd Pkts/s', 'importance': 0.0027469396591186523, 'direction': 'increases_risk'}, {'feature': 'Pkts_Per_Sec', 'importance': 0.000732719898223877, 'direction': 'increases_risk'}, {'feature': 'Fwd Pkts/s', 'importance': 0.0006464123725891113, 'direction': 'increases_risk'}, {'feature': 'Flow Pkts/s', 'importance': 0.00021564960479736328, 'direction': 'increases_risk'}, {'feature': 'Fwd Seg Size Min', 'importance': 5.7697296142578125e-05, 'direction': 'increases_risk'}]","[{'window_offset': -1, 'importance': 0.0005804896354675293}, {'window_offset': 0, 'importance': 0.00018930435180664062}, {'window_offset': -16, 'importance': 6.920099258422852e-05}]"
2018-02-14T10:36:10,2018-02-14T10:36:00,2018-02-14T10:36:10,0.9979372024536132,0.9830410480499268,1,CRITICAL,Exfiltration,medium,"[{'feature': 'Fwd_Bwd_Byte_Ratio', 'reason': 'High relative backward byte volume indicates data exfiltration.'}]",Impact,low,heuristic,3.826618194557874e-05,stable,"[{'feature': 'Bwd Pkts/s', 'importance': 0.002702653408050537, 'direction': 'increases_risk'}, {'feature': 'Pkts_Per_Sec', 'importance': 0.0007436275482177734, 'direction': 'increases_risk'}, {'feature': 'Fwd Pkts/s', 'importance': 0.0006746053695678711, 'direction': 'increases_risk'}, {'feature': 'Flow Pkts/s', 'importance': 0.0002193450927734375, 'direction': 'increases_risk'}, {'feature': 'Fwd Seg Size Min', 'importance': 5.710124969482422e-05, 'direction': 'increases_risk'}]","[{'window_offset': -1, 'importance': 0.0005873441696166992}, {'window_offset': 0, 'importance': 0.0001976490020751953}, {'window_offset': -2, 'importance': 7.134675979614258e-05}]"
2018-02-14T10:36:20,2018-02-14T10:36:10,2018-02-14T10:36:20,0.997938334941864,0.9830410480499268,1,CRITICAL,Exfiltration,medium,"[{'feature': 'Fwd_Bwd_Byte_Ratio', 'reason': 'High relative backward byte volume indicates data exfiltration.'}]",Impact,low,heuristic,1.1324882508434442e-06,stable,"[{'feature': 'Bwd Pkts/s', 'importance': 0.0025100111961364746, 'direction': 'increases_risk'}, {'feature': 'Pkts_Per_Sec', 'importance': 0.0007368922233581543, 'direction': 'increases_risk'}, {'feature': 'Fwd Pkts/s', 'importance': 0.0006870031356811523, 'direction': 'increases_risk'}, {'feature': 'Flow Pkts/s', 'importance': 0.0002084970474243164, 'direction': 'increases_risk'}, {'feature': 'Fwd Seg Size Min', 'importance': 5.7756900787353516e-05, 'direction': 'increases_risk'}]","[{'window_offset': -1, 'importance': 0.0005820393562316895}, {'window_offset': 0, 'importance': 0.00018453598022460938}, {'window_offset': -2, 'importance': 7.259845733642578e-05}]"
2018-02-14T10:36:30,2018-02-14T10:36:20,2018-02-14T10:36:30,0.9979128241539,0.9830410480499268,1,CRITICAL,Exfiltration,medium,"[{'feature': 'Fwd_Bwd_Byte_Ratio', 'reason': 'High relative backward byte volume indicates data exfiltration.'}]",Impact,low,heuristic,-2.551078796397821e-05,stable,"[{'feature': 'Bwd Pkts/s', 'importance': 0.002299964427947998, 'direction': 'increases_risk'}, {'feature': 'Pkts_Per_Sec', 'importance': 0.0007178187370300293, 'direction': 'increases_risk'}, {'feature': 'Fwd Pkts/s', 'importance': 0.0006791353225708008, 'direction': 'increases_risk'}, {'feature': 'Flow Pkts/s', 'importance': 0.00018489360809326172, 'direction': 'increases_risk'}, {'feature': 'Fwd Seg Size Min', 'importance': 6.312131881713867e-05, 'direction': 'increases_risk'}]","[{'window_offset': -1, 'importance': 0.000565946102142334}, {'window_offset': 0, 'importance': 0.00016826391220092773}, {'window_offset': -2, 'importance': 6.192922592163086e-05}]"
2018-02-14T10:36:40,2018-02-14T10:36:30,2018-02-14T10:36:40,0.9979166388511658,0.9830410480499268,1,CRITICAL,Exfiltration,medium,"[{'feature': 'Fwd_Bwd_Byte_Ratio', 'reason': 'High relative backward byte volume indicates data exfiltration.'}]",Impact,low,heuristic,3.814697265736022e-06,stable,"[{'feature': 'Bwd Pkts/s', 'importance': 0.0023284554481506348, 'direction': 'increases_risk'}, {'feature': 'Pkts_Per_Sec', 'importance': 0.0007148385047912598, 'direction': 'increases_risk'}, {'feature': 'Fwd Pkts/s', 'importance': 0.0006751418113708496, 'direction': 'increases_risk'}, {'feature': 'Flow Pkts/s', 'importance': 0.00018006563186645508, 'direction': 'increases_risk'}, {'feature': 'Fwd Seg Size Min', 'importance': 6.306171417236328e-05, 'direction': 'increases_risk'}]","[{'window_offset': -1, 'importance': 0.0005685687065124512}, {'window_offset': 0, 'importance': 0.00017517805099487305}, {'window_offset': -2, 'importance': 6.222724914550781e-05}]"
2018-02-14T10:36:50,2018-02-14T10:36:40,2018-02-14T10:36:50,0.9979115128517152,0.9830410480499268,1,CRITICAL,Exfiltration,medium,"[{'feature': 'Fwd_Bwd_Byte_Ratio', 'reason': 'High relative backward byte volume indicates data exfiltration.'}]",Impact,low,heuristic,-5.1259994505725714e-06,stable,"[{'feature': 'Bwd Pkts/s', 'importance': 0.002296626567840576, 'direction': 'increases_risk'}, {'feature': 'Pkts_Per_Sec', 'importance': 0.0007169842720031738, 'direction': 'increases_risk'}, {'feature': 'Fwd Pkts/s', 'importance': 0.0006788969039916992, 'direction': 'increases_risk'}, {'feature': 'Flow Pkts/s', 'importance': 0.00018477439880371094, 'direction': 'increases_risk'}, {'feature': 'Fwd Seg Size Min', 'importance': 6.347894668579102e-05, 'direction': 'increases_risk'}]","[{'window_offset': -1, 'importance': 0.0005670785903930664}, {'window_offset': 0, 'importance': 0.00016629695892333984}, {'window_offset': -2, 'importance': 5.990266799926758e-05}]"
2018-02-14T10:37:00,2018-02-14T10:36:50,2018-02-14T10:37:00,0.9979158043861388,0.9830410480499268,1,CRITICAL,Exfiltration,medium,"[{'feature': 'Fwd_Bwd_Byte_Ratio', 'reason': 'High relative backward byte volume indicates data exfiltration.'}]",Impact,low,heuristic,4.29153442360608e-06,stable,"[{'feature': 'Bwd Pkts/s', 'importance': 0.0023171305656433105, 'direction': 'increases_risk'}, {'feature': 'Pkts_Per_Sec', 'importance': 0.0007161498069763184, 'direction': 'increases_risk'}, {'feature': 'Fwd Pkts/s', 'importance': 0.0006766915321350098, 'direction': 'increases_risk'}, {'feature': 'Flow Pkts/s', 'importance': 0.00018233060836791992, 'direction': 'increases_risk'}, {'feature': 'Fwd Seg Size Min', 'importance': 6.300210952758789e-05, 'direction': 'increases_risk'}]","[{'window_offset': -1, 'importance': 0.0005671381950378418}, {'window_offset': 0, 'importance': 0.0001736283302307129}, {'window_offset': -2, 'importance': 6.300210952758789e-05}]"
2018-02-14T10:37:10,2018-02-14T10:37:00,2018-02-14T10:37:10,0.9979154467582704,0.9830410480499268,1,CRITICAL,Exfiltration,medium,"[{'feature': 'Fwd_Bwd_Byte_Ratio', 'reason': 'High relative backward byte volume indicates data exfiltration.'}]",Impact,low,heuristic,-3.5762786843029915e-07,stable,"[{'feature': 'Bwd Pkts/s', 'importance': 0.0023206472396850586, 'direction': 'increases_risk'}, {'feature': 'Pkts_Per_Sec', 'importance': 0.000711977481842041, 'direction': 'increases_risk'}, {'feature': 'Fwd Pkts/s', 'importance': 0.0006746649742126465, 'direction': 'increases_risk'}, {'feature': 'Flow Pkts/s', 'importance': 0.00017851591110229492, 'direction': 'increases_risk'}, {'feature': 'Fwd Seg Size Min', 'importance': 6.35981559753418e-05, 'direction': 'increases_risk'}]","[{'window_offset': -1, 'importance': 0.0005700588226318359}, {'window_offset': 0, 'importance': 0.00017267465591430664}, {'window_offset': -2, 'importance': 6.091594696044922e-05}]"
2018-02-14T10:37:20,2018-02-14T10:37:10,2018-02-14T10:37:20,0.9979113936424256,0.9830410480499268,1,CRITICAL,Exfiltration,medium,"[{'feature': 'Fwd_Bwd_Byte_Ratio', 'reason': 'High relative backward byte volume indicates data exfiltration.'}]",Impact,low,heuristic,-4.0531158447265625e-06,stable,"[{'feature': 'Bwd Pkts/s', 'importance': 0.0022879838943481445, 'direction': 'increases_risk'}, {'feature': 'Pkts_Per_Sec', 'importance': 0.0007159113883972168, 'direction': 'increases_risk'}, {'feature': 'Fwd Pkts/s', 'importance': 0.0006792545318603516, 'direction': 'increases_risk'}, {'feature': 'Flow Pkts/s', 'importance': 0.00018537044525146484, 'direction': 'increases_risk'}, {'feature': 'Fwd Seg Size Min', 'importance': 6.35981559753418e-05, 'direction': 'increases_risk'}]","[{'window_offset': -1, 'importance': 0.0005660057067871094}, {'window_offset': 0, 'importance': 0.00016546249389648438}, {'window_offset': -2, 'importance': 6.097555160522461e-05}]"
2018-02-14T10:37:30,2018-02-14T10:37:20,2018-02-14T10:37:30,0.9979107975959778,0.9830410480499268,1,CRITICAL,Exfiltration,medium,"[{'feature': 'Fwd_Bwd_Byte_Ratio', 'reason': 'High relative backward byte volume indicates data exfiltration.'}]",Impact,low,heuristic,-5.960464478649286e-07,stable,"[{'feature': 'Bwd Pkts/s', 'importance': 0.0022826790809631348, 'direction': 'increases_risk'}, {'feature': 'Pkts_Per_Sec', 'importance': 0.0007213354110717773, 'direction': 'increases_risk'}, {'feature': 'Fwd Pkts/s', 'importance': 0.0006805658340454102, 'direction': 'increases_risk'}, {'feature': 'Flow Pkts/s', 'importance': 0.00018668174743652344, 'direction': 'increases_risk'}, {'feature': 'Fwd Seg Size Min', 'importance': 6.240606307983398e-05, 'direction': 'increases_risk'}]","[{'window_offset': -1, 'importance': 0.0005628466606140137}, {'window_offset': 0, 'importance': 0.00016897916793823242}, {'window_offset': -2, 'importance': 6.157159805297852e-05}]"
2018-02-14T10:37:40,2018-02-14T10:37:30,2018-02-14T10:37:40,0.9979119896888732,0.9830410480499268,1,CRITICAL,Exfiltration,medium,"[{'feature': 'Fwd_Bwd_Byte_Ratio', 'reason': 'High relative backward byte volume indicates data exfiltration.'}]",Impact,low,heuristic,1.1920928953967902e-06,stable,"[{'feature': 'Bwd Pkts/s', 'importance': 0.0022991299629211426, 'direction': 'increases_risk'}, {'feature': 'Pkts_Per_Sec', 'importance': 0.0007228851318359375, 'direction': 'increases_risk'}, {'feature': 'Fwd Pkts/s', 'importance': 0.0006797313690185547, 'direction': 'increases_risk'}, {'feature': 'Flow Pkts/s', 'importance': 0.0001837015151977539, 'direction': 'increases_risk'}, {'feature': 'Fwd Seg Size Min', 'importance': 6.22868537902832e-05, 'direction': 'increases_risk'}]","[{'window_offset': -1, 'importance': 0.000564873218536377}, {'window_offset': 0, 'importance': 0.0001729130744934082}, {'window_offset': -2, 'importance': 5.9545040130615234e-05}]"
2018-02-14T10:37:50,2018-02-14T10:37:40,2018-02-14T10:37:50,0.9979133009910583,0.9830410480499268,1,CRITICAL,Exfiltration,medium,"[{'feature': 'Fwd_Bwd_Byte_Ratio', 'reason': 'High relative backward byte volume indicates data exfiltration.'}]",Impact,low,heuristic,1.311302185169616e-06,stable,"[{'feature': 'Bwd Pkts/s', 'importance': 0.0023258328437805176, 'direction': 'increases_risk'}, {'feature': 'Pkts_Per_Sec', 'importance': 0.0007200241088867188, 'direction': 'increases_risk'}, {'feature': 'Fwd Pkts/s', 'importance': 0.0006769895553588867, 'direction': 'increases_risk'}, {'feature': 'Flow Pkts/s', 'importance': 0.00018101930618286133, 'direction': 'increases_risk'}, {'feature': 'Fwd Seg Size Min', 'importance': 6.252527236938477e-05, 'direction': 'increases_risk'}]","[{'window_offset': -1, 'importance': 0.0005686283111572266}, {'window_offset': 0, 'importance': 0.00017303228378295898}, {'window_offset': -2, 'importance': 6.014108657836914e-05}]"
2018-02-14T10:38:00,2018-02-14T10:37:50,2018-02-14T10:38:00,0.9979230761528016,0.9830410480499268,1,CRITICAL,Exfiltration,medium,"[{'feature': 'Fwd_Bwd_Byte_Ratio', 'reason': 'High relative backward byte volume indicates data exfiltration.'}]",Impact,low,heuristic,9.775161743275085e-06,stable,"[{'feature': 'Bwd Pkts/s', 'importance': 0.002382993698120117, 'direction': 'increases_risk'}, {'feature': 'Pkts_Per_Sec', 'importance': 0.0007103681564331055, 'direction': 'increases_risk'}, {'feature': 'Fwd Pkts/s', 'importance': 0.0006701946258544922, 'direction': 'increases_risk'}, {'feature': 'Flow Pkts/s', 'importance': 0.00017654895782470703, 'direction': 'increases_risk'}, {'feature': 'Fwd Seg Size Min', 'importance': 6.389617919921875e-05, 'direction': 'increases_risk'}]","[{'window_offset': -1, 'importance': 0.000574648380279541}, {'window_offset': 0, 'importance': 0.00018030405044555664}, {'window_offset': -2, 'importance': 6.330013275146484e-05}]"
2018-02-14T10:38:10,2018-02-14T10:38:00,2018-02-14T10:38:10,0.9979211688041688,0.9830410480499268,1,CRITICAL,Exfiltration,medium,"[{'feature': 'Fwd_Bwd_Byte_Ratio', 'reason': 'High relative backward byte volume indicates data exfiltration.'}]",Impact,low,heuristic,-1.9073486328125e-06,stable,"[{'feature': 'Bwd Pkts/s', 'importance': 0.0023535490036010742, 'direction': 'increases_risk'}, {'feature': 'Pkts_Per_Sec', 'importance': 0.0007063746452331543, 'direction': 'increases_risk'}, {'feature': 'Fwd Pkts/s', 'importance': 0.0006715059280395508, 'direction': 'increases_risk'}, {'feature': 'Flow Pkts/s', 'importance': 0.0001812577247619629, 'direction': 'increases_risk'}, {'feature': 'Fwd Seg Size Min', 'importance': 6.580352783203125e-05, 'direction': 'increases_risk'}]","[{'window_offset': -1, 'importance': 0.0005739331245422363}, {'window_offset': 0, 'importance': 0.00017189979553222656}, {'window_offset': -2, 'importance': 6.401538848876953e-05}]"
2018-02-14T10:38:20,2018-02-14T10:38:10,2018-02-14T10:38:20,0.9979301691055298,0.9830410480499268,1,CRITICAL,Exfiltration,medium,"[{'feature': 'Fwd_Bwd_Byte_Ratio', 'reason': 'High relative backward byte volume indicates data exfiltration.'}]",Impact,low,heuristic,9.000301360972962e-06,stable,"[{'feature': 'Bwd Pkts/s', 'importance': 0.0023759007453918457, 'direction': 'increases_risk'}, {'feature': 'Pkts_Per_Sec', 'importance': 0.0007024407386779785, 'direction': 'increases_risk'}, {'feature': 'Fwd Pkts/s', 'importance': 0.0006679296493530273, 'direction': 'increases_risk'}, {'feature': 'Flow Pkts/s', 'importance': 0.00018090009689331055, 'direction': 'increases_risk'}, {'feature': 'Fwd Seg Size Min', 'importance': 6.574392318725586e-05, 'direction': 'increases_risk'}]","[{'window_offset': -1, 'importance': 0.000572502613067627}, {'window_offset': 0, 'importance': 0.00017899274826049805}, {'window_offset': -2, 'importance': 6.920099258422852e-05}]"
2018-02-14T10:38:30,2018-02-14T10:38:20,2018-02-14T10:38:30,0.9979202151298524,0.9830410480499268,1,CRITICAL,Exfiltration,medium,"[{'feature': 'Fwd_Bwd_Byte_Ratio', 'reason': 'High relative backward byte volume indicates data exfiltration.'}]",Impact,low,heuristic,-9.953975677379212e-06,stable,"[{'feature': 'Bwd Pkts/s', 'importance': 0.0022950172424316406, 'direction': 'increases_risk'}, {'feature': 'Pkts_Per_Sec', 'importance': 0.0007089376449584961, 'direction': 'increases_risk'}, {'feature': 'Fwd Pkts/s', 'importance': 0.0006760954856872559, 'direction': 'increases_risk'}, {'feature': 'Flow Pkts/s', 'importance': 0.00019049644470214844, 'direction': 'increases_risk'}, {'feature': 'Fwd Seg Size Min', 'importance': 6.61611557006836e-05, 'direction': 'increases_risk'}]","[{'window_offset': -1, 'importance': 0.0005665421485900879}, {'window_offset': 0, 'importance': 0.00016605854034423828}, {'window_offset': -2, 'importance': 6.54458999633789e-05}]"
2018-02-14T10:38:40,2018-02-14T10:38:30,2018-02-14T10:38:40,0.9979230761528016,0.9830410480499268,1,CRITICAL,Exfiltration,medium,"[{'feature': 'Fwd_Bwd_Byte_Ratio', 'reason': 'High relative backward byte volume indicates data exfiltration.'}]",Impact,low,heuristic,2.86102294921875e-06,stable,"[{'feature': 'Bwd Pkts/s', 'importance': 0.0022999048233032227, 'direction': 'increases_risk'}, {'feature': 'Pkts_Per_Sec', 'importance': 0.0007103681564331055, 'direction': 'increases_risk'}, {'feature': 'Fwd Pkts/s', 'importance': 0.0006746053695678711, 'direction': 'increases_risk'}, {'feature': 'Flow Pkts/s', 'importance': 0.0001868605613708496, 'direction': 'increases_risk'}, {'feature': 'Fwd Seg Size Min', 'importance': 6.437301635742188e-05, 'direction': 'increases_risk'}]","[{'window_offset': -1, 'importance': 0.0005650520324707031}, {'window_offset': 0, 'importance': 0.00017559528350830078}, {'window_offset': -2, 'importance': 6.73532485961914e-05}]"
2018-02-14T10:38:50,2018-02-14T10:38:40,2018-02-14T10:38:50,0.997918665409088,0.9830410480499268,1,CRITICAL,Exfiltration,medium,"[{'feature': 'Fwd_Bwd_Byte_Ratio', 'reason': 'High relative backward byte volume indicates data exfiltration.'}]",Impact,low,heuristic,-4.410743713600951e-06,stable,"[{'feature': 'Bwd Pkts/s', 'importance': 0.002279341220855713, 'direction': 'increases_risk'}, {'feature': 'Pkts_Per_Sec', 'importance': 0.0007151961326599121, 'direction': 'increases_risk'}, {'feature': 'Fwd Pkts/s', 'importance': 0.0006781220436096191, 'direction': 'increases_risk'}, {'feature': 'Flow Pkts/s', 'importance': 0.00018990039825439453, 'direction': 'increases_risk'}, {'feature': 'Fwd Seg Size Min', 'importance': 6.461143493652344e-05, 'direction': 'increases_risk'}]","[{'window_offset': -1, 'importance': 0.0005663037300109863}, {'window_offset': 0, 'importance': 0.00017058849334716797}, {'window_offset': -2, 'importance': 6.246566772460938e-05}]"
2018-02-14T10:39:00,2018-02-14T10:38:50,2018-02-14T10:39:00,0.9979230761528016,0.9830410480499268,1,CRITICAL,Exfiltration,medium,"[{'feature': 'Fwd_Bwd_Byte_Ratio', 'reason': 'High relative backward byte volume indicates data exfiltration.'}]",Impact,low,heuristic,4.410743713600951e-06,stable,"[{'feature': 'Bwd Pkts/s', 'importance': 0.0023114681243896484, 'direction': 'increases_risk'}, {'feature': 'Pkts_Per_Sec', 'importance': 0.0007157325744628906, 'direction': 'increases_risk'}, {'feature': 'Fwd Pkts/s', 'importance': 0.0006760358810424805, 'direction': 'increases_risk'}, {'feature': 'Flow Pkts/s', 'importance': 0.00018781423568725586, 'direction': 'increases_risk'}, {'feature': 'Fwd Seg Size Min', 'importance': 6.401538848876953e-05, 'direction': 'increases_risk'}]","[{'window_offset': -1, 'importance': 0.0005679726600646973}, {'window_offset': 0, 'importance': 0.00017762184143066406}, {'window_offset': -2, 'importance': 6.496906280517578e-05}]"
2018-02-14T10:39:10,2018-02-14T10:39:00,2018-02-14T10:39:10,0.9979183077812196,0.9830410480499268,1,CRITICAL,Exfiltration,medium,"[{'feature': 'Fwd_Bwd_Byte_Ratio', 'reason': 'High relative backward byte volume indicates data exfiltration.'}]",Impact,low,heuristic,-4.76837158203125e-06,stable,"[{'feature': 'Bwd Pkts/s', 'importance': 0.002287924289703369, 'direction': 'increases_risk'}, {'feature': 'Pkts_Per_Sec', 'importance': 0.0007197260856628418, 'direction': 'increases_risk'}, {'feature': 'Fwd Pkts/s', 'importance': 0.0006801486015319824, 'direction': 'increases_risk'}, {'feature': 'Flow Pkts/s', 'importance': 0.00019216537475585938, 'direction': 'increases_risk'}, {'feature': 'Fwd Seg Size Min', 'importance': 6.42538070678711e-05, 'direction': 'increases_risk'}]","[{'window_offset': -1, 'importance': 0.000567018985748291}, {'window_offset': 0, 'importance': 0.00017011165618896484}, {'window_offset': -2, 'importance': 6.246566772460938e-05}]"
2018-02-14T10:39:20,2018-02-14T10:39:10,2018-02-14T10:39:20,0.9979172348976136,0.9830410480499268,1,CRITICAL,Exfiltration,medium,"[{'feature': 'Fwd_Bwd_Byte_Ratio', 'reason': 'High relative backward byte volume indicates data exfiltration.'}]",Impact,low,heuristic,-1.0728836059570312e-06,stable,"[{'feature': 'Bwd Pkts/s', 'importance': 0.0022870898246765137, 'direction': 'increases_risk'}, {'feature': 'Pkts_Per_Sec', 'importance': 0.0007243156433105469, 'direction': 'increases_risk'}, {'feature': 'Fwd Pkts/s', 'importance': 0.0006814002990722656, 'direction': 'increases_risk'}, {'feature': 'Flow Pkts/s', 'importance': 0.00019288063049316406, 'direction': 'increases_risk'}, {'feature': 'Fwd Seg Size Min', 'importance': 6.318092346191406e-05, 'direction': 'increases_risk'}]","[{'window_offset': -1, 'importance': 0.0005645155906677246}, {'window_offset': 0, 'importance': 0.00017255544662475586}, {'window_offset': -2, 'importance': 6.35385513305664e-05}]"
2018-02-14T10:39:30,2018-02-14T10:39:20,2018-02-14T10:39:30,0.9979233741760254,0.9830410480499268,1,CRITICAL,Exfiltration,medium,"[{'feature': 'Fwd_Bwd_Byte_Ratio', 'reason': 'High relative backward byte volume indicates data exfiltration.'}]",Impact,low,heuristic,6.139278411754212e-06,stable,"[{'feature': 'Bwd Pkts/s', 'importance': 0.0023438334465026855, 'direction': 'increases_risk'}, {'feature': 'Pkts_Per_Sec', 'importance': 0.0007195472717285156, 'direction': 'increases_risk'}, {'feature': 'Fwd Pkts/s', 'importance': 0.0006753802299499512, 'direction': 'increases_risk'}, {'feature': 'Flow Pkts/s', 'importance': 0.00018548965454101562, 'direction': 'increases_risk'}, {'feature': 'Fwd Seg Size Min', 'importance': 6.335973739624023e-05, 'direction': 'increases_risk'}]","[{'window_offset': -1, 'importance': 0.0005708932876586914}, {'window_offset': 0, 'importance': 0.0001817941665649414}, {'window_offset': -2, 'importance': 6.371736526489258e-05}]"
2018-02-14T10:39:40,2018-02-14T10:39:30,2018-02-14T10:39:40,0.997919261455536,0.9830410480499268,1,CRITICAL,Exfiltration,medium,"[{'feature': 'Fwd_Bwd_Byte_Ratio', 'reason': 'High relative backward byte volume indicates data exfiltration.'}]",Impact,low,heuristic,-4.112720489390931e-06,stable,"[{'feature': 'Bwd Pkts/s', 'importance': 0.002320587635040283, 'direction': 'increases_risk'}, {'feature': 'Pkts_Per_Sec', 'importance': 0.0007184147834777832, 'direction': 'increases_risk'}, {'feature': 'Fwd Pkts/s', 'importance': 0.0006782412528991699, 'direction': 'increases_risk'}, {'feature': 'Flow Pkts/s', 'importance': 0.0001888275146484375, 'direction': 'increases_risk'}, {'feature': 'Fwd Seg Size Min', 'importance': 6.461143493652344e-05, 'direction': 'increases_risk'}]","[{'window_offset': -1, 'importance': 0.0005711913108825684}, {'window_offset': 0, 'importance': 0.00017142295837402344}, {'window_offset': -2, 'importance': 6.222724914550781e-05}]"
2018-02-14T10:39:50,2018-02-14T10:39:40,2018-02-14T10:39:50,0.9979210495948792,0.9830410480499268,1,CRITICAL,Exfiltration,medium,"[{'feature': 'Fwd_Bwd_Byte_Ratio', 'reason': 'High relative backward byte volume indicates data exfiltration.'}]",Impact,low,heuristic,1.7881393431506964e-06,stable,"[{'feature': 'Bwd Pkts/s', 'importance': 0.0023214221000671387, 'direction': 'increases_risk'}, {'feature': 'Pkts_Per_Sec', 'importance': 0.0007190108299255371, 'direction': 'increases_risk'}, {'feature': 'Fwd Pkts/s', 'importance': 0.0006785988807678223, 'direction': 'increases_risk'}, {'feature': 'Flow Pkts/s', 'importance': 0.00018978118896484375, 'direction': 'increases_risk'}, {'feature': 'Fwd Seg Size Min', 'importance': 6.389617919921875e-05, 'direction': 'increases_risk'}]","[{'window_offset': -1, 'importance': 0.0005679726600646973}, {'window_offset': 0, 'importance': 0.00017368793487548828}, {'window_offset': -2, 'importance': 6.556510925292969e-05}]"
2018-02-14T10:40:00,2018-02-14T10:39:50,2018-02-14T10:40:00,0.9979202151298524,0.9830410480499268,1,CRITICAL,Exfiltration,medium,"[{'feature': 'Fwd_Bwd_Byte_Ratio', 'reason': 'High relative backward byte volume indicates data exfiltration.'}]",Impact,low,heuristic,-8.344650267444464e-07,stable,"[{'feature': 'Bwd Pkts/s', 'importance': 0.00232011079788208, 'direction': 'increases_risk'}, {'feature': 'Pkts_Per_Sec', 'importance': 0.0007188916206359863, 'direction': 'increases_risk'}, {'feature': 'Fwd Pkts/s', 'importance': 0.0006783604621887207, 'direction': 'increases_risk'}, {'feature': 'Flow Pkts/s', 'importance': 0.00018829107284545898, 'direction': 'increases_risk'}, {'feature': 'Fwd Seg Size Min', 'importance': 6.389617919921875e-05, 'direction': 'increases_risk'}]","[{'window_offset': -1, 'importance': 0.0005684494972229004}, {'window_offset': 0, 'importance': 0.0001741647720336914}, {'window_offset': -2, 'importance': 6.377696990966797e-05}]"
2018-02-14T10:40:10,2018-02-14T10:40:00,2018-02-14T10:40:10,0.9979191422462464,0.9830410480499268,1,CRITICAL,Exfiltration,medium,"[{'feature': 'Fwd_Bwd_Byte_Ratio', 'reason': 'High relative backward byte volume indicates data exfiltration.'}]",Impact,low,heuristic,-1.0728836059570312e-06,stable,"[{'feature': 'Bwd Pkts/s', 'importance': 0.002312779426574707, 'direction': 'increases_risk'}, {'feature': 'Pkts_Per_Sec', 'importance': 0.000720679759979248, 'direction': 'increases_risk'}, {'feature': 'Fwd Pkts/s', 'importance': 0.0006800293922424316, 'direction': 'increases_risk'}, {'feature': 'Flow Pkts/s', 'importance': 0.00019025802612304688, 'direction': 'increases_risk'}, {'feature': 'Fwd Seg Size Min', 'importance': 6.389617919921875e-05, 'direction': 'increases_risk'}]","[{'window_offset': -1, 'importance': 0.0005677342414855957}, {'window_offset': 0, 'importance': 0.00017213821411132812}, {'window_offset': -2, 'importance': 6.330013275146484e-05}]"
2018-02-14T10:40:20,2018-02-14T10:40:10,2018-02-14T10:40:20,0.9979216456413268,0.9830410480499268,1,CRITICAL,Exfiltration,medium,"[{'feature': 'Fwd_Bwd_Byte_Ratio', 'reason': 'High relative backward byte volume indicates data exfiltration.'}]",Impact,low,heuristic,2.5033950803443616e-06,stable,"[{'feature': 'Bwd Pkts/s', 'importance': 0.0023298263549804688, 'direction': 'increases_risk'}, {'feature': 'Pkts_Per_Sec', 'importance': 0.0007190108299255371, 'direction': 'increases_risk'}, {'feature': 'Fwd Pkts/s', 'importance': 0.0006778836250305176, 'direction': 'increases_risk'}, {'feature': 'Flow Pkts/s', 'importance': 0.00018745660781860352, 'direction': 'increases_risk'}, {'feature': 'Fwd Seg Size Min', 'importance': 6.365776062011719e-05, 'direction': 'increases_risk'}]","[{'window_offset': -1, 'importance': 0.0005690455436706543}, {'window_offset': 0, 'importance': 0.00017631053924560547}, {'window_offset': -2, 'importance': 6.413459777832031e-05}]"
2018-02-14T10:40:30,2018-02-14T10:40:20,2018-02-14T10:40:30,0.9979273080825806,0.9830410480499268,1,CRITICAL,Exfiltration,medium,"[{'feature': 'Fwd_Bwd_Byte_Ratio', 'reason': 'High relative backward byte volume indicates data exfiltration.'}]",Impact,low,heuristic,5.662441253773132e-06,stable,"[{'feature': 'Bwd Pkts/s', 'importance': 0.002363443374633789, 'direction': 'increases_risk'}, {'feature': 'Pkts_Per_Sec', 'importance': 0.0007134079933166504, 'direction': 'increases_risk'}, {'feature': 'Fwd Pkts/s', 'importance': 0.0006737112998962402, 'direction': 'increases_risk'}, {'feature': 'Flow Pkts/s', 'importance': 0.00018358230590820312, 'direction': 'increases_risk'}, {'feature': 'Fwd Seg Size Min', 'importance': 6.479024887084961e-05, 'direction': 'increases_risk'}]","[{'window_offset': -1, 'importance': 0.0005728006362915039}, {'window_offset': 0, 'importance': 0.00018078088760375977}, {'window_offset': -2, 'importance': 6.467103958129883e-05}]"
2018-02-14T10:40:40,2018-02-14T10:40:30,2018-02-14T10:40:40,0.9979240894317628,0.9830410480499268,1,CRITICAL,Exfiltration,medium,"[{'feature': 'Fwd_Bwd_Byte_Ratio', 'reason': 'High relative backward byte volume indicates data exfiltration.'}]",Impact,low,heuristic,-3.2186508177600714e-06,stable,"[{'feature': 'Bwd Pkts/s', 'importance': 0.002342045307159424, 'direction': 'increases_risk'}, {'feature': 'Pkts_Per_Sec', 'importance': 0.000713050365447998, 'direction': 'increases_risk'}, {'feature': 'Fwd Pkts/s', 'importance': 0.0006760954856872559, 'direction': 'increases_risk'}, {'feature': 'Flow Pkts/s', 'importance': 0.00018870830535888672, 'direction': 'increases_risk'}, {'feature': 'Fwd Seg Size Min', 'importance': 6.562471389770508e-05, 'direction': 'increases_risk'}]","[{'window_offset': -1, 'importance': 0.0005714893341064453}, {'window_offset': 0, 'importance': 0.00017219781875610352}, {'window_offset': -2, 'importance': 6.562471389770508e-05}]"
2018-02-14T10:40:50,2018-02-14T10:40:40,2018-02-14T10:40:50,0.9979238510131836,0.9830410480499268,1,CRITICAL,Exfiltration,medium,"[{'feature': 'Fwd_Bwd_Byte_Ratio', 'reason': 'High relative backward byte volume indicates data exfiltration.'}]",Impact,low,heuristic,-2.384185792125848e-07,stable,"[{'feature': 'Bwd Pkts/s', 'importance': 0.0023229122161865234, 'direction': 'increases_risk'}, {'feature': 'Pkts_Per_Sec', 'importance': 0.0007160305976867676, 'direction': 'increases_risk'}, {'feature': 'Fwd Pkts/s', 'importance': 0.0006786584854125977, 'direction': 'increases_risk'}, {'feature': 'Flow Pkts/s', 'importance': 0.0001925826072692871, 'direction': 'increases_risk'}, {'feature': 'Fwd Seg Size Min', 'importance': 6.490945816040039e-05, 'direction': 'increases_risk'}]","[{'window_offset': -1, 'importance': 0.0005669593811035156}, {'window_offset': 0, 'importance': 0.00017184019088745117}, {'window_offset': -2, 'importance': 6.693601608276367e-05}]"
2018-02-14T10:41:00,2018-02-14T10:40:50,2018-02-14T10:41:00,0.9979210495948792,0.9830410480499268,1,CRITICAL,Exfiltration,medium,"[{'feature': 'Fwd_Bwd_Byte_Ratio', 'reason': 'High relative backward byte volume indicates data exfiltration.'}]",Impact,low,heuristic,-2.8014183044433594e-06,stable,"[{'feature': 'Bwd Pkts/s', 'importance': 0.0023134946823120117, 'direction': 'increases_risk'}, {'feature': 'Pkts_Per_Sec', 'importance': 0.0007218718528747559, 'direction': 'increases_risk'}, {'feature': 'Fwd Pkts/s', 'importance': 0.0006809830665588379, 'direction': 'increases_risk'}, {'feature': 'Flow Pkts/s', 'importance': 0.0001952648162841797, 'direction': 'increases_risk'}, {'feature': 'Fwd Seg Size Min', 'importance': 6.413459777832031e-05, 'direction': 'increases_risk'}]","[{'window_offset': -1, 'importance': 0.0005649924278259277}, {'window_offset': 0, 'importance': 0.0001722574234008789}, {'window_offset': -2, 'importance': 6.4849853515625e-05}]"
2018-02-14T10:41:10,2018-02-14T10:41:00,2018-02-14T10:41:10,0.9979168772697448,0.9830410480499268,1,CRITICAL,Exfiltration,medium,"[{'feature': 'Fwd_Bwd_Byte_Ratio', 'reason': 'High relative backward byte volume indicates data exfiltration.'}]",Impact,low,heuristic,-4.172325134388366e-06,stable,"[{'feature': 'Bwd Pkts/s', 'importance': 0.0023003220558166504, 'direction': 'increases_risk'}, {'feature': 'Pkts_Per_Sec', 'importance': 0.0007281303405761719, 'direction': 'increases_risk'}, {'feature': 'Fwd Pkts/s', 'importance': 0.0006833076477050781, 'direction': 'increases_risk'}, {'feature': 'Flow Pkts/s', 'importance': 0.0001964569091796875, 'direction': 'increases_risk'}, {'feature': 'Fwd Seg Size Min', 'importance': 6.306171417236328e-05, 'direction': 'increases_risk'}]","[{'window_offset': -1, 'importance': 0.0005634427070617676}, {'window_offset': 0, 'importance': 0.000171661376953125}, {'window_offset': -2, 'importance': 6.246566772460938e-05}]"
2018-02-14T10:41:20,2018-02-14T10:41:10,2018-02-14T10:41:20,0.9979169964790344,0.9830410480499268,1,CRITICAL,Exfiltration,medium,"[{'feature': 'Fwd_Bwd_Byte_Ratio', 'reason': 'High relative backward byte volume indicates data exfiltration.'}]",Impact,low,heuristic,1.1920928966180355e-07,stable,"[{'feature': 'Bwd Pkts/s', 'importance': 0.0023232698440551758, 'direction': 'increases_risk'}, {'feature': 'Pkts_Per_Sec', 'importance': 0.0007256269454956055, 'direction': 'increases_risk'}, {'feature': 'Fwd Pkts/s', 'importance': 0.0006790757179260254, 'direction': 'increases_risk'}, {'feature': 'Flow Pkts/s', 'importance': 0.0001881122589111328, 'direction': 'increases_risk'}, {'feature': 'Fwd Seg Size Min', 'importance': 6.258487701416016e-05, 'direction': 'increases_risk'}]","[{'window_offset': -1, 'importance': 0.0005672574043273926}, {'window_offset': 0, 'importance': 0.00017756223678588867}, {'window_offset': -2, 'importance': 6.186962127685547e-05}]"
2018-02-14T10:41:30,2018-02-14T10:41:20,2018-02-14T10:41:30,0.997913420200348,0.9830410480499268,1,CRITICAL,Exfiltration,medium,"[{'feature': 'Fwd_Bwd_Byte_Ratio', 'reason': 'High relative backward byte volume indicates data exfiltration.'}]",Impact,low,heuristic,-3.576278686412415e-06,stable,"[{'feature': 'Bwd Pkts/s', 'importance': 0.002311885356903076, 'direction': 'increases_risk'}, {'feature': 'Pkts_Per_Sec', 'importance': 0.0007243156433105469, 'direction': 'increases_risk'}, {'feature': 'Fwd Pkts/s', 'importance': 0.0006804466247558594, 'direction': 'increases_risk'}, {'feature': 'Flow Pkts/s', 'importance': 0.0001875162124633789, 'direction': 'increases_risk'}, {'feature': 'Fwd Seg Size Min', 'importance': 6.288290023803711e-05, 'direction': 'increases_risk'}]","[{'window_offset': -1, 'importance': 0.0005685091018676758}, {'window_offset': 0, 'importance': 0.00017052888870239258}, {'window_offset': -2, 'importance': 5.996227264404297e-05}]"
2018-02-14T10:41:40,2018-02-14T10:41:30,2018-02-14T10:41:40,0.9979135394096376,0.9830410480499268,1,CRITICAL,Exfiltration,medium,"[{'feature': 'Fwd_Bwd_Byte_Ratio', 'reason': 'High relative backward byte volume indicates data exfiltration.'}]",Impact,low,heuristic,1.1920928955078125e-07,stable,"[{'feature': 'Bwd Pkts/s', 'importance': 0.0023189783096313477, 'direction': 'increases_risk'}, {'feature': 'Pkts_Per_Sec', 'importance': 0.0007202625274658203, 'direction': 'increases_risk'}, {'feature': 'Fwd Pkts/s', 'importance': 0.0006777048110961914, 'direction': 'increases_risk'}, {'feature': 'Flow Pkts/s', 'importance': 0.00018227100372314453, 'direction': 'increases_risk'}, {'feature': 'Fwd Seg Size Min', 'importance': 6.252527236938477e-05, 'direction': 'increases_risk'}]","[{'window_offset': -1, 'importance': 0.0005680322647094727}, {'window_offset': 0, 'importance': 0.0001729130744934082}, {'window_offset': -2, 'importance': 6.133317947387695e-05}]"
2018-02-14T10:41:50,2018-02-14T10:41:40,2018-02-14T10:41:50,0.997913658618927,0.9830410480499268,1,CRITICAL,Exfiltration,medium,"[{'feature': 'Fwd_Bwd_Byte_Ratio', 'reason': 'High relative backward byte volume indicates data exfiltration.'}]",Impact,low,heuristic,1.1920928943975895e-07,stable,"[{'feature': 'Bwd Pkts/s', 'importance': 0.002322971820831299, 'direction': 'increases_risk'}, {'feature': 'Pkts_Per_Sec', 'importance': 0.0007184147834777832, 'direction': 'increases_risk'}, {'feature': 'Fwd Pkts/s', 'importance': 0.0006777048110961914, 'direction': 'increases_risk'}, {'feature': 'Flow Pkts/s', 'importance': 0.0001825094223022461, 'direction': 'increases_risk'}, {'feature': 'Fwd Seg Size Min', 'importance': 6.324052810668945e-05, 'direction': 'increases_risk'}]","[{'window_offset': -1, 'importance': 0.0005691051483154297}, {'window_offset': 0, 'importance': 0.0001710057258605957}, {'window_offset': -2, 'importance': 6.097555160522461e-05}]"
2018-02-14T10:42:00,2018-02-14T10:41:50,2018-02-14T10:42:00,0.9979113936424256,0.9830410480499268,1,CRITICAL,Exfiltration,medium,"[{'feature': 'Fwd_Bwd_Byte_Ratio', 'reason': 'High relative backward byte volume indicates data exfiltration.'}]",Impact,low,heuristic,-2.2649765013538214e-06,stable,"[{'feature': 'Bwd Pkts/s', 'importance': 0.002304673194885254, 'direction': 'increases_risk'}, {'feature': 'Pkts_Per_Sec', 'importance': 0.0007187128067016602, 'direction': 'increases_risk'}, {'feature': 'Fwd Pkts/s', 'importance': 0.0006791353225708008, 'direction': 'increases_risk'}, {'feature': 'Flow Pkts/s', 'importance': 0.00018358230590820312, 'direction': 'increases_risk'}, {'feature': 'Fwd Seg Size Min', 'importance': 6.288290023803711e-05, 'direction': 'increases_risk'}]","[{'window_offset': -1, 'importance': 0.0005666017532348633}, {'window_offset': 0, 'importance': 0.00016814470291137695}, {'window_offset': -2, 'importance': 6.085634231567383e-05}]"
2018-02-14T10:42:10,2018-02-14T10:42:00,2018-02-14T10:42:10,0.9979133009910583,0.9830410480499268,1,CRITICAL,Exfiltration,medium,"[{'feature': 'Fwd_Bwd_Byte_Ratio', 'reason': 'High relative backward byte volume indicates data exfiltration.'}]",Impact,low,heuristic,1.9073486327014777e-06,stable,"[{'feature': 'Bwd Pkts/s', 'importance': 0.0023151040077209473, 'direction': 'increases_risk'}, {'feature': 'Pkts_Per_Sec', 'importance': 0.0007186532020568848, 'direction': 'increases_risk'}, {'feature': 'Fwd Pkts/s', 'importance': 0.0006781816482543945, 'direction': 'increases_risk'}, {'feature': 'Flow Pkts/s', 'importance': 0.00018262863159179688, 'direction': 'increases_risk'}, {'feature': 'Fwd Seg Size Min', 'importance': 6.276369094848633e-05, 'direction': 'increases_risk'}]","[{'window_offset': -1, 'importance': 0.000567018985748291}, {'window_offset': 0, 'importance': 0.0001716017723083496}, {'window_offset': -2, 'importance': 6.145238876342773e-05}]"
2018-02-14T10:42:20,2018-02-14T10:42:10,2018-02-14T10:42:20,0.9979104399681092,0.9830410480499268,1,CRITICAL,Exfiltration,medium,"[{'feature': 'Fwd_Bwd_Byte_Ratio', 'reason': 'High relative backward byte volume indicates data exfiltration.'}]",Impact,low,heuristic,-2.8610229491077277e-06,stable,"[{'feature': 'Bwd Pkts/s', 'importance': 0.0023000240325927734, 'direction': 'increases_risk'}, {'feature': 'Pkts_Per_Sec', 'importance': 0.0007194280624389648, 'direction': 'increases_risk'}, {'feature': 'Fwd Pkts/s', 'importance': 0.0006794929504394531, 'direction': 'increases_risk'}, {'feature': 'Flow Pkts/s', 'importance': 0.00018310546875, 'direction': 'increases_risk'}, {'feature': 'Fwd Seg Size Min', 'importance': 6.276369094848633e-05, 'direction': 'increases_risk'}]","[{'window_offset': -1, 'importance': 0.0005663633346557617}, {'window_offset': 0, 'importance': 0.00016826391220092773}, {'window_offset': -2, 'importance': 5.9664249420166016e-05}]"
2018-02-14T10:42:30,2018-02-14T10:42:20,2018-02-14T10:42:30,0.9979093670845032,0.9830410480499268,1,CRITICAL,Exfiltration,medium,"[{'feature': 'Fwd_Bwd_Byte_Ratio', 'reason': 'High relative backward byte volume indicates data exfiltration.'}]",Impact,low,heuristic,-1.0728836060680536e-06,stable,"[{'feature': 'Bwd Pkts/s', 'importance': 0.0022960305213928223, 'direction': 'increases_risk'}, {'feature': 'Pkts_Per_Sec', 'importance': 0.0007222890853881836, 'direction': 'increases_risk'}, {'feature': 'Fwd Pkts/s', 'importance': 0.0006804466247558594, 'direction': 'increases_risk'}, {'feature': 'Flow Pkts/s', 'importance': 0.00018465518951416016, 'direction': 'increases_risk'}, {'feature': 'Fwd Seg Size Min', 'importance': 6.22868537902832e-05, 'direction': 'increases_risk'}]","[{'window_offset': -1, 'importance': 0.0005648136138916016}, {'window_offset': 0, 'importance': 0.0001685023307800293}, {'window_offset': -2, 'importance': 6.002187728881836e-05}]"
2018-02-14T10:42:40,2018-02-14T10:42:30,2018-02-14T10:42:40,0.9979087114334106,0.9830410480499268,1,CRITICAL,Exfiltration,medium,"[{'feature': 'Fwd_Bwd_Byte_Ratio', 'reason': 'High relative backward byte volume indicates data exfiltration.'}]",Impact,low,heuristic,-6.556510925292969e-07,stable,"[{'feature': 'Bwd Pkts/s', 'importance': 0.0022981762886047363, 'direction': 'increases_risk'}, {'feature': 'Pkts_Per_Sec', 'importance': 0.0007247328758239746, 'direction': 'increases_risk'}, {'feature': 'Fwd Pkts/s', 'importance': 0.0006811022758483887, 'direction': 'increases_risk'}, {'feature': 'Flow Pkts/s', 'importance': 0.00018483400344848633, 'direction': 'increases_risk'}, {'feature': 'Fwd Seg Size Min', 'importance': 6.198883056640625e-05, 'direction': 'increases_risk'}]","[{'window_offset': -1, 'importance': 0.0005647540092468262}, {'window_offset': 0, 'importance': 0.0001691579818725586}, {'window_offset': -2, 'importance': 5.936622619628906e-05}]"
2018-02-14T10:42:50,2018-02-14T10:42:40,2018-02-14T10:42:50,0.9979106783866882,0.9830410480499268,1,CRITICAL,Exfiltration,medium,"[{'feature': 'Fwd_Bwd_Byte_Ratio', 'reason': 'High relative backward byte volume indicates data exfiltration.'}]",Impact,low,heuristic,1.9669532775878906e-06,stable,"[{'feature': 'Bwd Pkts/s', 'importance': 0.0023215413093566895, 'direction': 'increases_risk'}, {'feature': 'Pkts_Per_Sec', 'importance': 0.0007205009460449219, 'direction': 'increases_risk'}, {'feature': 'Fwd Pkts/s', 'importance': 0.0006773471832275391, 'direction': 'increases_risk'}, {'feature': 'Flow Pkts/s', 'importance': 0.00017917156219482422, 'direction': 'increases_risk'}, {'feature': 'Fwd Seg Size Min', 'importance': 6.192922592163086e-05, 'direction': 'increases_risk'}]","[{'window_offset': -1, 'importance': 0.0005677938461303711}, {'window_offset': 0, 'importance': 0.0001729130744934082}, {'window_offset': -2, 'importance': 5.918741226196289e-05}]"
2018-02-14T10:43:00,2018-02-14T10:42:50,2018-02-14T10:43:00,0.9979064464569092,0.9830410480499268,1,CRITICAL,Exfiltration,medium,"[{'feature': 'Fwd_Bwd_Byte_Ratio', 'reason': 'High relative backward byte volume indicates data exfiltration.'}]",Impact,low,heuristic,-4.231929779052734e-06,stable,"[{'feature': 'Bwd Pkts/s', 'importance': 0.0022981762886047363, 'direction': 'increases_risk'}, {'feature': 'Pkts_Per_Sec', 'importance': 0.0007215142250061035, 'direction': 'increases_risk'}, {'feature': 'Fwd Pkts/s', 'importance': 0.000680387020111084, 'direction': 'increases_risk'}, {'feature': 'Flow Pkts/s', 'importance': 0.00018233060836791992, 'direction': 'increases_risk'}, {'feature': 'Fwd Seg Size Min', 'importance': 6.23464584350586e-05, 'direction': 'increases_risk'}]","[{'window_offset': -1, 'importance': 0.0005664229393005371}, {'window_offset': 0, 'importance': 0.0001653432846069336}, {'window_offset': -2, 'importance': 5.805492401123047e-05}]"
2018-02-14T10:43:10,2018-02-14T10:43:00,2018-02-14T10:43:10,0.9979096055030824,0.9830410480499268,1,CRITICAL,Exfiltration,medium,"[{'feature': 'Fwd_Bwd_Byte_Ratio', 'reason': 'High relative backward byte volume indicates data exfiltration.'}]",Impact,low,heuristic,3.1590461732067254e-06,stable,"[{'feature': 'Bwd Pkts/s', 'importance': 0.0023168325424194336, 'direction': 'increases_risk'}, {'feature': 'Pkts_Per_Sec', 'importance': 0.0007197856903076172, 'direction': 'increases_risk'}, {'feature': 'Fwd Pkts/s', 'importance': 0.0006777048110961914, 'direction': 'increases_risk'}, {'feature': 'Flow Pkts/s', 'importance': 0.00017917156219482422, 'direction': 'increases_risk'}, {'feature': 'Fwd Seg Size Min', 'importance': 6.192922592163086e-05, 'direction': 'increases_risk'}]","[{'window_offset': -1, 'importance': 0.0005662441253662109}, {'window_offset': 0, 'importance': 0.00017124414443969727}, {'window_offset': -2, 'importance': 6.026029586791992e-05}]"
2018-02-14T10:43:20,2018-02-14T10:43:10,2018-02-14T10:43:20,0.9979107975959778,0.9830410480499268,1,CRITICAL,Exfiltration,medium,"[{'feature': 'Fwd_Bwd_Byte_Ratio', 'reason': 'High relative backward byte volume indicates data exfiltration.'}]",Impact,low,heuristic,1.1920928953967902e-06,stable,"[{'feature': 'Bwd Pkts/s', 'importance': 0.0023235678672790527, 'direction': 'increases_risk'}, {'feature': 'Pkts_Per_Sec', 'importance': 0.0007170438766479492, 'direction': 'increases_risk'}, {'feature': 'Fwd Pkts/s', 'importance': 0.0006768703460693359, 'direction': 'increases_risk'}, {'feature': 'Flow Pkts/s', 'importance': 0.0001774430274963379, 'direction': 'increases_risk'}, {'feature': 'Fwd Seg Size Min', 'importance': 6.264448165893555e-05, 'direction': 'increases_risk'}]","[{'window_offset': -1, 'importance': 0.0005679130554199219}, {'window_offset': 0, 'importance': 0.0001704096794128418}, {'window_offset': -2, 'importance': 5.882978439331055e-05}]"
2018-02-14T10:43:30,2018-02-14T10:43:20,2018-02-14T10:43:30,0.9979064464569092,0.9830410480499268,1,CRITICAL,Exfiltration,medium,"[{'feature': 'Fwd_Bwd_Byte_Ratio', 'reason': 'High relative backward byte volume indicates data exfiltration.'}]",Impact,low,heuristic,-4.351139068603516e-06,stable,"[{'feature': 'Bwd Pkts/s', 'importance': 0.002302885055541992, 'direction': 'increases_risk'}, {'feature': 'Pkts_Per_Sec', 'importance': 0.0007190108299255371, 'direction': 'increases_risk'}, {'feature': 'Fwd Pkts/s', 'importance': 0.0006790757179260254, 'direction': 'increases_risk'}, {'feature': 'Flow Pkts/s', 'importance': 0.00018090009689331055, 'direction': 'increases_risk'}, {'feature': 'Fwd Seg Size Min', 'importance': 6.246566772460938e-05, 'direction': 'increases_risk'}]","[{'window_offset': -1, 'importance': 0.0005652308464050293}, {'window_offset': 0, 'importance': 0.0001646280288696289}, {'window_offset': -2, 'importance': 5.936622619628906e-05}]"
2018-02-14T10:43:40,2018-02-14T10:43:30,2018-02-14T10:43:40,0.9979089498519896,0.9830410480499268,1,CRITICAL,Exfiltration,medium,"[{'feature': 'Fwd_Bwd_Byte_Ratio', 'reason': 'High relative backward byte volume indicates data exfiltration.'}]",Impact,low,heuristic,2.503395080455384e-06,stable,"[{'feature': 'Bwd Pkts/s', 'importance': 0.0023127198219299316, 'direction': 'increases_risk'}, {'feature': 'Pkts_Per_Sec', 'importance': 0.0007169842720031738, 'direction': 'increases_risk'}, {'feature': 'Fwd Pkts/s', 'importance': 0.0006769299507141113, 'direction': 'increases_risk'}, {'feature': 'Flow Pkts/s', 'importance': 0.00017756223678588867, 'direction': 'increases_risk'}, {'feature': 'Fwd Seg Size Min', 'importance': 6.210803985595703e-05, 'direction': 'increases_risk'}]","[{'window_offset': -1, 'importance': 0.0005657076835632324}, {'window_offset': 0, 'importance': 0.00016987323760986328}, {'window_offset': -2, 'importance': 5.984306335449219e-05}]"
2018-02-14T10:43:50,2018-02-14T10:43:40,2018-02-14T10:43:50,0.9979087114334106,0.9830410480499268,1,CRITICAL,Exfiltration,medium,"[{'feature': 'Fwd_Bwd_Byte_Ratio', 'reason': 'High relative backward byte volume indicates data exfiltration.'}]",Impact,low,heuristic,-2.384185789905402e-07,stable,"[{'feature': 'Bwd Pkts/s', 'importance': 0.0023161768913269043, 'direction': 'increases_risk'}, {'feature': 'Pkts_Per_Sec', 'importance': 0.0007127523422241211, 'direction': 'increases_risk'}, {'feature': 'Fwd Pkts/s', 'importance': 0.0006751418113708496, 'direction': 'increases_risk'}, {'feature': 'Flow Pkts/s', 'importance': 0.00017440319061279297, 'direction': 'increases_risk'}, {'feature': 'Fwd Seg Size Min', 'importance': 6.258487701416016e-05, 'direction': 'increases_risk'}]","[{'window_offset': -1, 'importance': 0.0005684494972229004}, {'window_offset': 0, 'importance': 0.00016939640045166016}, {'window_offset': -2, 'importance': 5.841255187988281e-05}]"
2018-02-14T10:44:00,2018-02-14T10:43:50,2018-02-14T10:44:00,0.9979045391082764,0.9830410480499268,1,CRITICAL,Exfiltration,medium,"[{'feature': 'Fwd_Bwd_Byte_Ratio', 'reason': 'High relative backward byte volume indicates data exfiltration.'}]",Impact,low,heuristic,-4.172325134277344e-06,stable,"[{'feature': 'Bwd Pkts/s', 'importance': 0.0022827982902526855, 'direction': 'increases_risk'}, {'feature': 'Pkts_Per_Sec', 'importance': 0.0007137656211853027, 'direction': 'increases_risk'}, {'feature': 'Fwd Pkts/s', 'importance': 0.0006781220436096191, 'direction': 'increases_risk'}, {'feature': 'Flow Pkts/s', 'importance': 0.00017696619033813477, 'direction': 'increases_risk'}, {'feature': 'Fwd Seg Size Min', 'importance': 6.246566772460938e-05, 'direction': 'increases_risk'}]","[{'window_offset': -1, 'importance': 0.0005653500556945801}, {'window_offset': 0, 'importance': 0.0001633167266845703}, {'window_offset': -2, 'importance': 5.817413330078125e-05}]"
2018-02-14T10:44:10,2018-02-14T10:44:00,2018-02-14T10:44:10,0.997905135154724,0.9830410480499268,1,CRITICAL,Exfiltration,medium,"[{'feature': 'Fwd_Bwd_Byte_Ratio', 'reason': 'High relative backward byte volume indicates data exfiltration.'}]",Impact,low,heuristic,5.96046447642884e-07,stable,"[{'feature': 'Bwd Pkts/s', 'importance': 0.002283155918121338, 'direction': 'increases_risk'}, {'feature': 'Pkts_Per_Sec', 'importance': 0.0007156729698181152, 'direction': 'increases_risk'}, {'feature': 'Fwd Pkts/s', 'importance': 0.0006778836250305176, 'direction': 'increases_risk'}, {'feature': 'Flow Pkts/s', 'importance': 0.00017660856246948242, 'direction': 'increases_risk'}, {'feature': 'Fwd Seg Size Min', 'importance': 6.175041198730469e-05, 'direction': 'increases_risk'}]","[{'window_offset': -1, 'importance': 0.0005638003349304199}, {'window_offset': 0, 'importance': 0.00016689300537109375}, {'window_offset': -2, 'importance': 5.888938903808594e-05}]"
2018-02-14T10:44:20,2018-02-14T10:44:10,2018-02-14T10:44:20,0.9979043006896972,0.9830410480499268,1,CRITICAL,Exfiltration,medium,"[{'feature': 'Fwd_Bwd_Byte_Ratio', 'reason': 'High relative backward byte volume indicates data exfiltration.'}]",Impact,low,heuristic,-8.344650268554688e-07,stable,"[{'feature': 'Bwd Pkts/s', 'importance': 0.0022818446159362793, 'direction': 'increases_risk'}, {'feature': 'Pkts_Per_Sec', 'importance': 0.0007176995277404785, 'direction': 'increases_risk'}, {'feature': 'Fwd Pkts/s', 'importance': 0.0006785392761230469, 'direction': 'increases_risk'}, {'feature': 'Flow Pkts/s', 'importance': 0.00017720460891723633, 'direction': 'increases_risk'}, {'feature': 'Fwd Seg Size Min', 'importance': 6.175041198730469e-05, 'direction': 'increases_risk'}]","[{'window_offset': -1, 'importance': 0.0005645155906677246}, {'window_offset': 0, 'importance': 0.00016629695892333984}, {'window_offset': -2, 'importance': 5.7220458984375e-05}]"
2018-02-14T10:44:30,2018-02-14T10:44:20,2018-02-14T10:44:30,0.9979031085968018,0.9830410480499268,1,CRITICAL,Exfiltration,medium,"[{'feature': 'Fwd_Bwd_Byte_Ratio', 'reason': 'High relative backward byte volume indicates data exfiltration.'}]",Impact,low,heuristic,-1.1920928953967902e-06,stable,"[{'feature': 'Bwd Pkts/s', 'importance': 0.002278625965118408, 'direction': 'increases_risk'}, {'feature': 'Pkts_Per_Sec', 'importance': 0.0007205009460449219, 'direction': 'increases_risk'}, {'feature': 'Fwd Pkts/s', 'importance': 0.0006798505783081055, 'direction': 'increases_risk'}, {'feature': 'Flow Pkts/s', 'importance': 0.0001792311668395996, 'direction': 'increases_risk'}, {'feature': 'Fwd Seg Size Min', 'importance': 6.151199340820312e-05, 'direction': 'increases_risk'}]","[{'window_offset': -1, 'importance': 0.0005635619163513184}, {'window_offset': 0, 'importance': 0.00016558170318603516}, {'window_offset': -2, 'importance': 5.7220458984375e-05}]"
2018-02-14T10:44:40,2018-02-14T10:44:30,2018-02-14T10:44:40,0.9979032278060912,0.9830410480499268,1,CRITICAL,Exfiltration,medium,"[{'feature': 'Fwd_Bwd_Byte_Ratio', 'reason': 'High relative backward byte volume indicates data exfiltration.'}]",Impact,low,heuristic,1.1920928943975895e-07,stable,"[{'feature': 'Bwd Pkts/s', 'importance': 0.002286195755004883, 'direction': 'increases_risk'}, {'feature': 'Pkts_Per_Sec', 'importance': 0.0007212162017822266, 'direction': 'increases_risk'}, {'feature': 'Fwd Pkts/s', 'importance': 0.0006791353225708008, 'direction': 'increases_risk'}, {'feature': 'Flow Pkts/s', 'importance': 0.00017756223678588867, 'direction': 'increases_risk'}, {'feature': 'Fwd Seg Size Min', 'importance': 6.127357482910156e-05, 'direction': 'increases_risk'}]","[{'window_offset': -1, 'importance': 0.000564277172088623}, {'window_offset': 0, 'importance': 0.00016760826110839844}, {'window_offset': -2, 'importance': 5.710124969482422e-05}]"
2018-02-14T10:44:50,2018-02-14T10:44:40,2018-02-14T10:44:50,0.9979009628295898,0.9830410480499268,1,CRITICAL,Exfiltration,medium,"[{'feature': 'Fwd_Bwd_Byte_Ratio', 'reason': 'High relative backward byte volume indicates data exfiltration.'}]",Impact,low,heuristic,-2.2649765013538214e-06,stable,"[{'feature': 'Bwd Pkts/s', 'importance': 0.002278745174407959, 'direction': 'increases_risk'}, {'feature': 'Pkts_Per_Sec', 'importance': 0.0007232427597045898, 'direction': 'increases_risk'}, {'feature': 'Fwd Pkts/s', 'importance': 0.0006805658340454102, 'direction': 'increases_risk'}, {'feature': 'Flow Pkts/s', 'importance': 0.00017875432968139648, 'direction': 'increases_risk'}, {'feature': 'Fwd Seg Size Min', 'importance': 6.115436553955078e-05, 'direction': 'increases_risk'}]","[{'window_offset': -1, 'importance': 0.0005638003349304199}, {'window_offset': 0, 'importance': 0.0001647472381591797}, {'window_offset': -2, 'importance': 5.5909156799316406e-05}]"
2018-02-14T10:45:00,2018-02-14T10:44:50,2018-02-14T10:45:00,0.9979009628295898,0.9830410480499268,1,CRITICAL,Exfiltration,medium,"[{'feature': 'Fwd_Bwd_Byte_Ratio', 'reason': 'High relative backward byte volume indicates data exfiltration.'}]",Impact,low,heuristic,0.0,stable,"[{'feature': 'Bwd Pkts/s', 'importance': 0.0022857189178466797, 'direction': 'increases_risk'}, {'feature': 'Pkts_Per_Sec', 'importance': 0.0007227659225463867, 'direction': 'increases_risk'}, {'feature': 'Fwd Pkts/s', 'importance': 0.0006793737411499023, 'direction': 'increases_risk'}, {'feature': 'Flow Pkts/s', 'importance': 0.0001761317253112793, 'direction': 'increases_risk'}, {'feature': 'Fwd Seg Size Min', 'importance': 6.0677528381347656e-05, 'direction': 'increases_risk'}]","[{'window_offset': -1, 'importance': 0.0005639195442199707}, {'window_offset': 0, 'importance': 0.00016689300537109375}, {'window_offset': -2, 'importance': 5.626678466796875e-05}]"
2018-02-14T10:45:10,2018-02-14T10:45:00,2018-02-14T10:45:10,0.9979017972946168,0.9830410480499268,1,CRITICAL,Exfiltration,medium,"[{'feature': 'Fwd_Bwd_Byte_Ratio', 'reason': 'High relative backward byte volume indicates data exfiltration.'}]",Impact,low,heuristic,8.34465026966491e-07,stable,"[{'feature': 'Bwd Pkts/s', 'importance': 0.0022974014282226562, 'direction': 'increases_risk'}, {'feature': 'Pkts_Per_Sec', 'importance': 0.0007200241088867188, 'direction': 'increases_risk'}, {'feature': 'Fwd Pkts/s', 'importance': 0.000677943229675293, 'direction': 'increases_risk'}, {'feature': 'Flow Pkts/s', 'importance': 0.0001736283302307129, 'direction': 'increases_risk'}, {'feature': 'Fwd Seg Size Min', 'importance': 6.103515625e-05, 'direction': 'increases_risk'}]","[{'window_offset': -1, 'importance': 0.0005660653114318848}, {'window_offset': 0, 'importance': 0.0001671314239501953}, {'window_offset': -2, 'importance': 5.5909156799316406e-05}]"
2018-02-14T10:45:20,2018-02-14T10:45:10,2018-02-14T10:45:20,0.9979013204574584,0.9830410480499268,1,CRITICAL,Exfiltration,medium,"[{'feature': 'Fwd_Bwd_Byte_Ratio', 'reason': 'High relative backward byte volume indicates data exfiltration.'}]",Impact,low,heuristic,-4.768371584251696e-07,stable,"[{'feature': 'Bwd Pkts/s', 'importance': 0.0022943615913391113, 'direction': 'increases_risk'}, {'feature': 'Pkts_Per_Sec', 'importance': 0.0007187128067016602, 'direction': 'increases_risk'}, {'feature': 'Fwd Pkts/s', 'importance': 0.0006783008575439453, 'direction': 'increases_risk'}, {'feature': 'Flow Pkts/s', 'importance': 0.00017410516738891602, 'direction': 'increases_risk'}, {'feature': 'Fwd Seg Size Min', 'importance': 6.139278411865234e-05, 'direction': 'increases_risk'}]","[{'window_offset': -1, 'importance': 0.000565946102142334}, {'window_offset': 0, 'importance': 0.00016486644744873047}, {'window_offset': -2, 'importance': 5.626678466796875e-05}]"
2018-02-14T10:45:30,2018-02-14T10:45:20,2018-02-14T10:45:30,0.9979047775268556,0.9830410480499268,1,CRITICAL,Exfiltration,medium,"[{'feature': 'Fwd_Bwd_Byte_Ratio', 'reason': 'High relative backward byte volume indicates data exfiltration.'}]",Impact,low,heuristic,3.457069397194701e-06,stable,"[{'feature': 'Bwd Pkts/s', 'importance': 0.0023123621940612793, 'direction': 'increases_risk'}, {'feature': 'Pkts_Per_Sec', 'importance': 0.000714719295501709, 'direction': 'increases_risk'}, {'feature': 'Fwd Pkts/s', 'importance': 0.0006756186485290527, 'direction': 'increases_risk'}, {'feature': 'Flow Pkts/s', 'importance': 0.00017142295837402344, 'direction': 'increases_risk'}, {'feature': 'Fwd Seg Size Min', 'importance': 6.16312026977539e-05, 'direction': 'increases_risk'}]","[{'window_offset': -1, 'importance': 0.0005672574043273926}, {'window_offset': 0, 'importance': 0.0001685619354248047}, {'window_offset': -2, 'importance': 5.7816505432128906e-05}]"
2018-02-14T10:45:40,2018-02-14T10:45:30,2018-02-14T10:45:40,0.9979026317596436,0.9830410480499268,1,CRITICAL,Exfiltration,medium,"[{'feature': 'Fwd_Bwd_Byte_Ratio', 'reason': 'High relative backward byte volume indicates data exfiltration.'}]",Impact,low,heuristic,-2.145767212025085e-06,stable,"[{'feature': 'Bwd Pkts/s', 'importance': 0.002293527126312256, 'direction': 'increases_risk'}, {'feature': 'Pkts_Per_Sec', 'importance': 0.000714719295501709, 'direction': 'increases_risk'}, {'feature': 'Fwd Pkts/s', 'importance': 0.0006775856018066406, 'direction': 'increases_risk'}, {'feature': 'Flow Pkts/s', 'importance': 0.00017410516738891602, 'direction': 'increases_risk'}, {'feature': 'Fwd Seg Size Min', 'importance': 6.210803985595703e-05, 'direction': 'increases_risk'}]","[{'window_offset': -1, 'importance': 0.0005661845207214355}, {'window_offset': 0, 'importance': 0.0001634359359741211}, {'window_offset': -2, 'importance': 5.698204040527344e-05}]"
2018-02-14T10:45:50,2018-02-14T10:45:40,2018-02-14T10:45:50,0.997909128665924,0.9830410480499268,1,CRITICAL,Exfiltration,medium,"[{'feature': 'Fwd_Bwd_Byte_Ratio', 'reason': 'High relative backward byte volume indicates data exfiltration.'}]",Impact,low,heuristic,6.496906280406556e-06,stable,"[{'feature': 'Bwd Pkts/s', 'importance': 0.002325296401977539, 'direction': 'increases_risk'}, {'feature': 'Pkts_Per_Sec', 'importance': 0.000710904598236084, 'direction': 'increases_risk'}, {'feature': 'Fwd Pkts/s', 'importance': 0.0006734132766723633, 'direction': 'increases_risk'}, {'feature': 'Flow Pkts/s', 'importance': 0.0001716017723083496, 'direction': 'increases_risk'}, {'feature': 'Fwd Seg Size Min', 'importance': 6.216764450073242e-05, 'direction': 'increases_risk'}]","[{'window_offset': -1, 'importance': 0.0005679130554199219}, {'window_offset': 0, 'importance': 0.00017124414443969727}, {'window_offset': -2, 'importance': 5.990266799926758e-05}]"
2018-02-14T10:46:00,2018-02-14T10:45:50,2018-02-14T10:46:00,0.9979033470153807,0.9830410480499268,1,CRITICAL,Exfiltration,medium,"[{'feature': 'Fwd_Bwd_Byte_Ratio', 'reason': 'High relative backward byte volume indicates data exfiltration.'}]",Impact,low,heuristic,-5.781650543212891e-06,stable,"[{'feature': 'Bwd Pkts/s', 'importance': 0.002281367778778076, 'direction': 'increases_risk'}, {'feature': 'Pkts_Per_Sec', 'importance': 0.0007140040397644043, 'direction': 'increases_risk'}, {'feature': 'Fwd Pkts/s', 'importance': 0.0006785392761230469, 'direction': 'increases_risk'}, {'feature': 'Flow Pkts/s', 'importance': 0.0001780390739440918, 'direction': 'increases_risk'}, {'feature': 'Fwd Seg Size Min', 'importance': 6.270408630371094e-05, 'direction': 'increases_risk'}]","[{'window_offset': -1, 'importance': 0.0005652308464050293}, {'window_offset': 0, 'importance': 0.00016117095947265625}, {'window_offset': -2, 'importance': 5.7220458984375e-05}]"
2018-02-14T10:46:10,2018-02-14T10:46:00,2018-02-14T10:46:10,0.997904658317566,0.9830410480499268,1,CRITICAL,Exfiltration,medium,"[{'feature': 'Fwd_Bwd_Byte_Ratio', 'reason': 'High relative backward byte volume indicates data exfiltration.'}]",Impact,low,heuristic,1.3113021852806384e-06,stable,"[{'feature': 'Bwd Pkts/s', 'importance': 0.0022794008255004883, 'direction': 'increases_risk'}, {'feature': 'Pkts_Per_Sec', 'importance': 0.0007169842720031738, 'direction': 'increases_risk'}, {'feature': 'Fwd Pkts/s', 'importance': 0.0006785988807678223, 'direction': 'increases_risk'}, {'feature': 'Flow Pkts/s', 'importance': 0.00017637014389038086, 'direction': 'increases_risk'}, {'feature': 'Fwd Seg Size Min', 'importance': 6.16312026977539e-05, 'direction': 'increases_risk'}]","[{'window_offset': -1, 'importance': 0.0005617737770080566}, {'window_offset': 0, 'importance': 0.00016748905181884766}, {'window_offset': -2, 'importance': 5.900859832763672e-05}]"
2018-02-14T10:46:20,2018-02-14T10:46:10,2018-02-14T10:46:20,0.9979023933410645,0.9830410480499268,1,CRITICAL,Exfiltration,medium,"[{'feature': 'Fwd_Bwd_Byte_Ratio', 'reason': 'High relative backward byte volume indicates data exfiltration.'}]",Impact,low,heuristic,-2.264976501575866e-06,stable,"[{'feature': 'Bwd Pkts/s', 'importance': 0.002282559871673584, 'direction': 'increases_risk'}, {'feature': 'Pkts_Per_Sec', 'importance': 0.0007194280624389648, 'direction': 'increases_risk'}, {'feature': 'Fwd Pkts/s', 'importance': 0.0006786584854125977, 'direction': 'increases_risk'}, {'feature': 'Flow Pkts/s', 'importance': 0.0001767277717590332, 'direction': 'increases_risk'}, {'feature': 'Fwd Seg Size Min', 'importance': 6.139278411865234e-05, 'direction': 'increases_risk'}]","[{'window_offset': -1, 'importance': 0.0005634427070617676}, {'window_offset': 0, 'importance': 0.00016582012176513672}, {'window_offset': -2, 'importance': 5.6624412536621094e-05}]"
2018-02-14T10:46:30,2018-02-14T10:46:20,2018-02-14T10:46:30,0.997905731201172,0.9830410480499268,1,CRITICAL,Exfiltration,medium,"[{'feature': 'Fwd_Bwd_Byte_Ratio', 'reason': 'High relative backward byte volume indicates data exfiltration.'}]",Impact,low,heuristic,3.3378601075328973e-06,stable,"[{'feature': 'Bwd Pkts/s', 'importance': 0.002307295799255371, 'direction': 'increases_risk'}, {'feature': 'Pkts_Per_Sec', 'importance': 0.0007159113883972168, 'direction': 'increases_risk'}, {'feature': 'Fwd Pkts/s', 'importance': 0.0006758570671081543, 'direction': 'increases_risk'}, {'feature': 'Flow Pkts/s', 'importance': 0.00017333030700683594, 'direction': 'increases_risk'}, {'feature': 'Fwd Seg Size Min', 'importance': 6.16312026977539e-05, 'direction': 'increases_risk'}]","[{'window_offset': -1, 'importance': 0.0005668997764587402}, {'window_offset': 0, 'importance': 0.00016999244689941406}, {'window_offset': -2, 'importance': 5.7578086853027344e-05}]"
2018-02-14T10:46:40,2018-02-14T10:46:30,2018-02-14T10:46:40,0.9979028701782228,0.9830410480499268,1,CRITICAL,Exfiltration,medium,"[{'feature': 'Fwd_Bwd_Byte_Ratio', 'reason': 'High relative backward byte volume indicates data exfiltration.'}]",Impact,low,heuristic,-2.86102294921875e-06,stable,"[{'feature': 'Bwd Pkts/s', 'importance': 0.0022885799407958984, 'direction': 'increases_risk'}, {'feature': 'Pkts_Per_Sec', 'importance': 0.0007159113883972168, 'direction': 'increases_risk'}, {'feature': 'Fwd Pkts/s', 'importance': 0.0006778240203857422, 'direction': 'increases_risk'}, {'feature': 'Flow Pkts/s', 'importance': 0.0001754164695739746, 'direction': 'increases_risk'}, {'feature': 'Fwd Seg Size Min', 'importance': 6.210803985595703e-05, 'direction': 'increases_risk'}]","[{'window_offset': -1, 'importance': 0.0005661845207214355}, {'window_offset': 0, 'importance': 0.00016391277313232422}, {'window_offset': -2, 'importance': 5.6624412536621094e-05}]"
2018-02-14T10:46:50,2018-02-14T10:46:40,2018-02-14T10:46:50,0.9979078769683838,0.9830410480499268,1,CRITICAL,Exfiltration,medium,"[{'feature': 'Fwd_Bwd_Byte_Ratio', 'reason': 'High relative backward byte volume indicates data exfiltration.'}]",Impact,low,heuristic,5.00679016102179e-06,stable,"[{'feature': 'Bwd Pkts/s', 'importance': 0.0023140311241149902, 'direction': 'increases_risk'}, {'feature': 'Pkts_Per_Sec', 'importance': 0.0007131099700927734, 'direction': 'increases_risk'}, {'feature': 'Fwd Pkts/s', 'importance': 0.0006746649742126465, 'direction': 'increases_risk'}, {'feature': 'Flow Pkts/s', 'importance': 0.00017309188842773438, 'direction': 'increases_risk'}, {'feature': 'Fwd Seg Size Min', 'importance': 6.198883056640625e-05, 'direction': 'increases_risk'}]","[{'window_offset': -1, 'importance': 0.000567018985748291}, {'window_offset': 0, 'importance': 0.00017023086547851562}, {'window_offset': -2, 'importance': 5.9485435485839844e-05}]"
2018-02-14T10:47:00,2018-02-14T10:46:50,2018-02-14T10:47:00,0.997905135154724,0.9830410480499268,1,CRITICAL,Exfiltration,medium,"[{'feature': 'Fwd_Bwd_Byte_Ratio', 'reason': 'High relative backward byte volume indicates data exfiltration.'}]",Impact,low,heuristic,-2.741813659778991e-06,stable,"[{'feature': 'Bwd Pkts/s', 'importance': 0.002293407917022705, 'direction': 'increases_risk'}, {'feature': 'Pkts_Per_Sec', 'importance': 0.0007128119468688965, 'direction': 'increases_risk'}, {'feature': 'Fwd Pkts/s', 'importance': 0.0006766915321350098, 'direction': 'increases_risk'}, {'feature': 'Flow Pkts/s', 'importance': 0.00017517805099487305, 'direction': 'increases_risk'}, {'feature': 'Fwd Seg Size Min', 'importance': 6.258487701416016e-05, 'direction': 'increases_risk'}]","[{'window_offset': -1, 'importance': 0.0005667805671691895}, {'window_offset': 0, 'importance': 0.00016450881958007812}, {'window_offset': -2, 'importance': 5.7697296142578125e-05}]"
2018-02-14T10:47:10,2018-02-14T10:47:00,2018-02-14T10:47:10,0.9979033470153807,0.9830410480499268,1,CRITICAL,Exfiltration,medium,"[{'feature': 'Fwd_Bwd_Byte_Ratio', 'reason': 'High relative backward byte volume indicates data exfiltration.'}]",Impact,low,heuristic,-1.7881393432617188e-06,stable,"[{'feature': 'Bwd Pkts/s', 'importance': 0.0022754669189453125, 'direction': 'increases_risk'}, {'feature': 'Pkts_Per_Sec', 'importance': 0.000714719295501709, 'direction': 'increases_risk'}, {'feature': 'Fwd Pkts/s', 'importance': 0.0006780624389648438, 'direction': 'increases_risk'}, {'feature': 'Flow Pkts/s', 'importance': 0.00017601251602172852, 'direction': 'increases_risk'}, {'feature': 'Fwd Seg Size Min', 'importance': 6.175041198730469e-05, 'direction': 'increases_risk'}]","[{'window_offset': -1, 'importance': 0.0005635619163513184}, {'window_offset': 0, 'importance': 0.00016427040100097656}, {'window_offset': -2, 'importance': 5.829334259033203e-05}]"
2018-02-14T10:47:20,2018-02-14T10:47:10,2018-02-14T10:47:20,0.9979084730148317,0.9830410480499268,1,CRITICAL,Exfiltration,medium,"[{'feature': 'Fwd_Bwd_Byte_Ratio', 'reason': 'High relative backward byte volume indicates data exfiltration.'}]",Impact,low,heuristic,5.125999450905638e-06,stable,"[{'feature': 'Bwd Pkts/s', 'importance': 0.002308964729309082, 'direction': 'increases_risk'}, {'feature': 'Pkts_Per_Sec', 'importance': 0.0007123947143554688, 'direction': 'increases_risk'}, {'feature': 'Fwd Pkts/s', 'importance': 0.0006743073463439941, 'direction': 'increases_risk'}, {'feature': 'Flow Pkts/s', 'importance': 0.00017273426055908203, 'direction': 'increases_risk'}, {'feature': 'Fwd Seg Size Min', 'importance': 6.210803985595703e-05, 'direction': 'increases_risk'}]","[{'window_offset': -1, 'importance': 0.0005671381950378418}, {'window_offset': 0, 'importance': 0.00017154216766357422}, {'window_offset': -2, 'importance': 5.900859832763672e-05}]"
2018-02-14T10:47:30,2018-02-14T10:47:20,2018-02-14T10:47:30,0.9979038238525392,0.9830410480499268,1,CRITICAL,Exfiltration,medium,"[{'feature': 'Fwd_Bwd_Byte_Ratio', 'reason': 'High relative backward byte volume indicates data exfiltration.'}]",Impact,low,heuristic,-4.649162292480469e-06,stable,"[{'feature': 'Bwd Pkts/s', 'importance': 0.002277970314025879, 'direction': 'increases_risk'}, {'feature': 'Pkts_Per_Sec', 'importance': 0.0007140040397644043, 'direction': 'increases_risk'}, {'feature': 'Fwd Pkts/s', 'importance': 0.0006781220436096191, 'direction': 'increases_risk'}, {'feature': 'Flow Pkts/s', 'importance': 0.00017696619033813477, 'direction': 'increases_risk'}, {'feature': 'Fwd Seg Size Min', 'importance': 6.258487701416016e-05, 'direction': 'increases_risk'}]","[{'window_offset': -1, 'importance': 0.000565946102142334}, {'window_offset': 0, 'importance': 0.00016295909881591797}, {'window_offset': -2, 'importance': 5.698204040527344e-05}]"
2018-02-14T10:47:40,2018-02-14T10:47:30,2018-02-14T10:47:40,0.9979085922241212,0.9830410480499268,1,CRITICAL,Exfiltration,medium,"[{'feature': 'Fwd_Bwd_Byte_Ratio', 'reason': 'High relative backward byte volume indicates data exfiltration.'}]",Impact,low,heuristic,4.76837158203125e-06,stable,"[{'feature': 'Bwd Pkts/s', 'importance': 0.0023009181022644043, 'direction': 'increases_risk'}, {'feature': 'Pkts_Per_Sec', 'importance': 0.0007132291793823242, 'direction': 'increases_risk'}, {'feature': 'Fwd Pkts/s', 'importance': 0.000675499439239502, 'direction': 'increases_risk'}, {'feature': 'Flow Pkts/s', 'importance': 0.0001748800277709961, 'direction': 'increases_risk'}, {'feature': 'Fwd Seg Size Min', 'importance': 6.210803985595703e-05, 'direction': 'increases_risk'}]","[{'window_offset': -1, 'importance': 0.0005660653114318848}, {'window_offset': 0, 'importance': 0.00017058849334716797}, {'window_offset': -2, 'importance': 6.031990051269531e-05}]"
2018-02-14T10:47:50,2018-02-14T10:47:40,2018-02-14T10:47:50,0.9979115128517152,0.9830410480499268,1,CRITICAL,Exfiltration,medium,"[{'feature': 'Fwd_Bwd_Byte_Ratio', 'reason': 'High relative backward byte volume indicates data exfiltration.'}]",Impact,low,heuristic,2.9206275939941406e-06,stable,"[{'feature': 'Bwd Pkts/s', 'importance': 0.0023183822631835938, 'direction': 'increases_risk'}, {'feature': 'Pkts_Per_Sec', 'importance': 0.0007101893424987793, 'direction': 'increases_risk'}, {'feature': 'Fwd Pkts/s', 'importance': 0.000673830509185791, 'direction': 'increases_risk'}, {'feature': 'Flow Pkts/s', 'importance': 0.00017446279525756836, 'direction': 'increases_risk'}, {'feature': 'Fwd Seg Size Min', 'importance': 6.312131881713867e-05, 'direction': 'increases_risk'}]","[{'window_offset': -1, 'importance': 0.0005697011947631836}, {'window_offset': 0, 'importance': 0.00017088651657104492}, {'window_offset': -2, 'importance': 5.9545040130615234e-05}]"
2018-02-14T10:48:00,2018-02-14T10:47:50,2018-02-14T10:48:00,0.9979090690612792,0.9830410480499268,1,CRITICAL,Exfiltration,medium,"[{'feature': 'Fwd_Bwd_Byte_Ratio', 'reason': 'High relative backward byte volume indicates data exfiltration.'}]",Impact,low,heuristic,-2.4437904360130602e-06,stable,"[{'feature': 'Bwd Pkts/s', 'importance': 0.0022906064987182617, 'direction': 'increases_risk'}, {'feature': 'Pkts_Per_Sec', 'importance': 0.0007116794586181641, 'direction': 'increases_risk'}, {'feature': 'Fwd Pkts/s', 'importance': 0.0006769299507141113, 'direction': 'increases_risk'}, {'feature': 'Flow Pkts/s', 'importance': 0.00017899274826049805, 'direction': 'increases_risk'}, {'feature': 'Fwd Seg Size Min', 'importance': 6.341934204101562e-05, 'direction': 'increases_risk'}]","[{'window_offset': -1, 'importance': 0.0005667805671691895}, {'window_offset': 0, 'importance': 0.00016510486602783203}, {'window_offset': -2, 'importance': 6.008148193359375e-05}]"
2018-02-14T10:48:10,2018-02-14T10:48:00,2018-02-14T10:48:10,0.9979104399681092,0.9830410480499268,1,CRITICAL,Exfiltration,medium,"[{'feature': 'Fwd_Bwd_Byte_Ratio', 'reason': 'High relative backward byte volume indicates data exfiltration.'}]",Impact,low,heuristic,1.370906830056029e-06,stable,"[{'feature': 'Bwd Pkts/s', 'importance': 0.002292454242706299, 'direction': 'increases_risk'}, {'feature': 'Pkts_Per_Sec', 'importance': 0.0007140040397644043, 'direction': 'increases_risk'}, {'feature': 'Fwd Pkts/s', 'importance': 0.0006771087646484375, 'direction': 'increases_risk'}, {'feature': 'Flow Pkts/s', 'importance': 0.00018012523651123047, 'direction': 'increases_risk'}, {'feature': 'Fwd Seg Size Min', 'importance': 6.264448165893555e-05, 'direction': 'increases_risk'}]","[{'window_offset': -1, 'importance': 0.0005648136138916016}, {'window_offset': 0, 'importance': 0.00016862154006958008}, {'window_offset': -2, 'importance': 6.121397018432617e-05}]"
2018-02-14T10:48:20,2018-02-14T10:48:10,2018-02-14T10:48:20,0.9979093670845032,0.9830410480499268,1,CRITICAL,Exfiltration,medium,"[{'feature': 'Fwd_Bwd_Byte_Ratio', 'reason': 'High relative backward byte volume indicates data exfiltration.'}]",Impact,low,heuristic,-1.0728836060680536e-06,stable,"[{'feature': 'Bwd Pkts/s', 'importance': 0.0022886991500854492, 'direction': 'increases_risk'}, {'feature': 'Pkts_Per_Sec', 'importance': 0.0007165670394897461, 'direction': 'increases_risk'}, {'feature': 'Fwd Pkts/s', 'importance': 0.0006783008575439453, 'direction': 'increases_risk'}, {'feature': 'Flow Pkts/s', 'importance': 0.00018131732940673828, 'direction': 'increases_risk'}, {'feature': 'Fwd Seg Size Min', 'importance': 6.264448165893555e-05, 'direction': 'increases_risk'}]","[{'window_offset': -1, 'importance': 0.0005651712417602539}, {'window_offset': 0, 'importance': 0.00016802549362182617}, {'window_offset': -2, 'importance': 5.9545040130615234e-05}]"
2018-02-14T10:48:30,2018-02-14T10:48:20,2018-02-14T10:48:30,0.9979078769683838,0.9830410480499268,1,CRITICAL,Exfiltration,medium,"[{'feature': 'Fwd_Bwd_Byte_Ratio', 'reason': 'High relative backward byte volume indicates data exfiltration.'}]",Impact,low,heuristic,-1.4901161193847656e-06,stable,"[{'feature': 'Bwd Pkts/s', 'importance': 0.0022835135459899902, 'direction': 'increases_risk'}, {'feature': 'Pkts_Per_Sec', 'importance': 0.0007193684577941895, 'direction': 'increases_risk'}, {'feature': 'Fwd Pkts/s', 'importance': 0.0006794333457946777, 'direction': 'increases_risk'}, {'feature': 'Flow Pkts/s', 'importance': 0.00018233060836791992, 'direction': 'increases_risk'}, {'feature': 'Fwd Seg Size Min', 'importance': 6.222724914550781e-05, 'direction': 'increases_risk'}]","[{'window_offset': -1, 'importance': 0.0005643963813781738}, {'window_offset': 0, 'importance': 0.00016760826110839844}, {'window_offset': -2, 'importance': 5.91278076171875e-05}]"
2018-02-14T10:48:40,2018-02-14T10:48:30,2018-02-14T10:48:40,0.997912347316742,0.9830410480499268,1,CRITICAL,Exfiltration,medium,"[{'feature': 'Fwd_Bwd_Byte_Ratio', 'reason': 'High relative backward byte volume indicates data exfiltration.'}]",Impact,low,heuristic,4.470348358265319e-06,stable,"[{'feature': 'Bwd Pkts/s', 'importance': 0.0023180246353149414, 'direction': 'increases_risk'}, {'feature': 'Pkts_Per_Sec', 'importance': 0.0007166266441345215, 'direction': 'increases_risk'}, {'feature': 'Fwd Pkts/s', 'importance': 0.0006758570671081543, 'direction': 'increases_risk'}, {'feature': 'Flow Pkts/s', 'importance': 0.00017839670181274414, 'direction': 'increases_risk'}, {'feature': 'Fwd Seg Size Min', 'importance': 6.22868537902832e-05, 'direction': 'increases_risk'}]","[{'window_offset': -1, 'importance': 0.0005679130554199219}, {'window_offset': 0, 'importance': 0.0001736283302307129}, {'window_offset': -2, 'importance': 6.014108657836914e-05}]"
2018-02-14T10:48:50,2018-02-14T10:48:40,2018-02-14T10:48:50,0.9979117512702942,0.9830410480499268,1,CRITICAL,Exfiltration,medium,"[{'feature': 'Fwd_Bwd_Byte_Ratio', 'reason': 'High relative backward byte volume indicates data exfiltration.'}]",Impact,low,heuristic,-5.960464478649286e-07,stable,"[{'feature': 'Bwd Pkts/s', 'importance': 0.002314925193786621, 'direction': 'increases_risk'}, {'feature': 'Pkts_Per_Sec', 'importance': 0.0007138848304748535, 'direction': 'increases_risk'}, {'feature': 'Fwd Pkts/s', 'importance': 0.0006757974624633789, 'direction': 'increases_risk'}, {'feature': 'Flow Pkts/s', 'importance': 0.00017851591110229492, 'direction': 'increases_risk'}, {'feature': 'Fwd Seg Size Min', 'importance': 6.324052810668945e-05, 'direction': 'increases_risk'}]","[{'window_offset': -1, 'importance': 0.0005695819854736328}, {'window_offset': 0, 'importance': 0.00016933679580688477}, {'window_offset': -2, 'importance': 5.9545040130615234e-05}]"
2018-02-14T10:49:00,2018-02-14T10:48:50,2018-02-14T10:49:00,0.997909128665924,0.9830410480499268,1,CRITICAL,Exfiltration,medium,"[{'feature': 'Fwd_Bwd_Byte_Ratio', 'reason': 'High relative backward byte volume indicates data exfiltration.'}]",Impact,low,heuristic,-2.62260437022821e-06,stable,"[{'feature': 'Bwd Pkts/s', 'importance': 0.002283811569213867, 'direction': 'increases_risk'}, {'feature': 'Pkts_Per_Sec', 'importance': 0.0007173418998718262, 'direction': 'increases_risk'}, {'feature': 'Fwd Pkts/s', 'importance': 0.0006800293922424316, 'direction': 'increases_risk'}, {'feature': 'Flow Pkts/s', 'importance': 0.00018268823623657227, 'direction': 'increases_risk'}, {'feature': 'Fwd Seg Size Min', 'importance': 6.29425048828125e-05, 'direction': 'increases_risk'}]","[{'window_offset': -1, 'importance': 0.0005641579627990723}, {'window_offset': 0, 'importance': 0.0001653432846069336}, {'window_offset': -2, 'importance': 6.008148193359375e-05}]"
2018-02-14T10:49:10,2018-02-14T10:49:00,2018-02-14T10:49:10,0.9979071617126464,0.9830410480499268,1,CRITICAL,Exfiltration,medium,"[{'feature': 'Fwd_Bwd_Byte_Ratio', 'reason': 'High relative backward byte volume indicates data exfiltration.'}]",Impact,low,heuristic,-1.9669532775878906e-06,stable,"[{'feature': 'Bwd Pkts/s', 'importance': 0.0022860169410705566, 'direction': 'increases_risk'}, {'feature': 'Pkts_Per_Sec', 'importance': 0.000719606876373291, 'direction': 'increases_risk'}, {'feature': 'Fwd Pkts/s', 'importance': 0.0006788372993469238, 'direction': 'increases_risk'}, {'feature': 'Flow Pkts/s', 'importance': 0.00018006563186645508, 'direction': 'increases_risk'}, {'feature': 'Fwd Seg Size Min', 'importance': 6.186962127685547e-05, 'direction': 'increases_risk'}]","[{'window_offset': -1, 'importance': 0.0005630850791931152}, {'window_offset': 0, 'importance': 0.00016880035400390625}, {'window_offset': -2, 'importance': 5.984306335449219e-05}]"
2018-02-14T10:49:20,2018-02-14T10:49:10,2018-02-14T10:49:20,0.997908353805542,0.9830410480499268,1,CRITICAL,Exfiltration,medium,"[{'feature': 'Fwd_Bwd_Byte_Ratio', 'reason': 'High relative backward byte volume indicates data exfiltration.'}]",Impact,low,heuristic,1.1920928956188348e-06,stable,"[{'feature': 'Bwd Pkts/s', 'importance': 0.0022965073585510254, 'direction': 'increases_risk'}, {'feature': 'Pkts_Per_Sec', 'importance': 0.000719606876373291, 'direction': 'increases_risk'}, {'feature': 'Fwd Pkts/s', 'importance': 0.0006785988807678223, 'direction': 'increases_risk'}, {'feature': 'Flow Pkts/s', 'importance': 0.00017958879470825195, 'direction': 'increases_risk'}, {'feature': 'Fwd Seg Size Min', 'importance': 6.210803985595703e-05, 'direction': 'increases_risk'}]","[{'window_offset': -1, 'importance': 0.0005660653114318848}, {'window_offset': 0, 'importance': 0.00016939640045166016}, {'window_offset': -2, 'importance': 5.817413330078125e-05}]"
2018-02-14T10:49:30,2018-02-14T10:49:20,2018-02-14T10:49:30,0.9979110360145568,0.9830410480499268,1,CRITICAL,Exfiltration,medium,"[{'feature': 'Fwd_Bwd_Byte_Ratio', 'reason': 'High relative backward byte volume indicates data exfiltration.'}]",Impact,low,heuristic,2.682209014781556e-06,stable,"[{'feature': 'Bwd Pkts/s', 'importance': 0.00231778621673584, 'direction': 'increases_risk'}, {'feature': 'Pkts_Per_Sec', 'importance': 0.0007169842720031738, 'direction': 'increases_risk'}, {'feature': 'Fwd Pkts/s', 'importance': 0.0006765127182006836, 'direction': 'increases_risk'}, {'feature': 'Flow Pkts/s', 'importance': 0.00017815828323364258, 'direction': 'increases_risk'}, {'feature': 'Fwd Seg Size Min', 'importance': 6.240606307983398e-05, 'direction': 'increases_risk'}]","[{'window_offset': -1, 'importance': 0.0005682706832885742}, {'window_offset': 0, 'importance': 0.00017124414443969727}, {'window_offset': -2, 'importance': 5.942583084106445e-05}]"
2018-02-14T10:49:40,2018-02-14T10:49:30,2018-02-14T10:49:40,0.9979115128517152,0.9830410480499268,1,CRITICAL,Exfiltration,medium,"[{'feature': 'Fwd_Bwd_Byte_Ratio', 'reason': 'High relative backward byte volume indicates data exfiltration.'}]",Impact,low,heuristic,4.768371584251696e-07,stable,"[{'feature': 'Bwd Pkts/s', 'importance': 0.002315998077392578, 'direction': 'increases_risk'}, {'feature': 'Pkts_Per_Sec', 'importance': 0.0007155537605285645, 'direction': 'increases_risk'}, {'feature': 'Fwd Pkts/s', 'importance': 0.0006771087646484375, 'direction': 'increases_risk'}, {'feature': 'Flow Pkts/s', 'importance': 0.00017976760864257812, 'direction': 'increases_risk'}, {'feature': 'Fwd Seg Size Min', 'importance': 6.300210952758789e-05, 'direction': 'increases_risk'}]","[{'window_offset': -1, 'importance': 0.0005682706832885742}, {'window_offset': 0, 'importance': 0.00016933679580688477}, {'window_offset': -2, 'importance': 6.002187728881836e-05}]"
2018-02-14T10:49:50,2018-02-14T10:49:40,2018-02-14T10:49:50,0.9979129433631896,0.9830410480499268,1,CRITICAL,Exfiltration,medium,"[{'feature': 'Fwd_Bwd_Byte_Ratio', 'reason': 'High relative backward byte volume indicates data exfiltration.'}]",Impact,low,heuristic,1.4305114743873304e-06,stable,"[{'feature': 'Bwd Pkts/s', 'importance': 0.0023213624954223633, 'direction': 'increases_risk'}, {'feature': 'Pkts_Per_Sec', 'importance': 0.0007135272026062012, 'direction': 'increases_risk'}, {'feature': 'Fwd Pkts/s', 'importance': 0.0006758570671081543, 'direction': 'increases_risk'}, {'feature': 'Flow Pkts/s', 'importance': 0.0001786351203918457, 'direction': 'increases_risk'}, {'feature': 'Fwd Seg Size Min', 'importance': 6.312131881713867e-05, 'direction': 'increases_risk'}]","[{'window_offset': -1, 'importance': 0.0005682706832885742}, {'window_offset': 0, 'importance': 0.00017064809799194336}, {'window_offset': -2, 'importance': 6.133317947387695e-05}]"
2018-02-14T10:50:00,2018-02-14T10:49:50,2018-02-14T10:50:00,0.997914493083954,0.9830410480499268,1,CRITICAL,Exfiltration,medium,"[{'feature': 'Fwd_Bwd_Byte_Ratio', 'reason': 'High relative backward byte volume indicates data exfiltration.'}]",Impact,low,heuristic,1.5497207643822009e-06,stable,"[{'feature': 'Bwd Pkts/s', 'importance': 0.002323925495147705, 'direction': 'increases_risk'}, {'feature': 'Pkts_Per_Sec', 'importance': 0.0007117390632629395, 'direction': 'increases_risk'}, {'feature': 'Fwd Pkts/s', 'importance': 0.0006752610206604004, 'direction': 'increases_risk'}, {'feature': 'Flow Pkts/s', 'importance': 0.0001792311668395996, 'direction': 'increases_risk'}, {'feature': 'Fwd Seg Size Min', 'importance': 6.347894668579102e-05, 'direction': 'increases_risk'}]","[{'window_offset': -1, 'importance': 0.0005688667297363281}, {'window_offset': 0, 'importance': 0.0001704096794128418}, {'window_offset': -2, 'importance': 6.157159805297852e-05}]"
2018-02-14T10:50:10,2018-02-14T10:50:00,2018-02-14T10:50:10,0.9979109168052672,0.9830410480499268,1,CRITICAL,Exfiltration,medium,"[{'feature': 'Fwd_Bwd_Byte_Ratio', 'reason': 'High relative backward byte volume indicates data exfiltration.'}]",Impact,low,heuristic,-3.576278686745482e-06,stable,"[{'feature': 'Bwd Pkts/s', 'importance': 0.002294003963470459, 'direction': 'increases_risk'}, {'feature': 'Pkts_Per_Sec', 'importance': 0.0007140040397644043, 'direction': 'increases_risk'}, {'feature': 'Fwd Pkts/s', 'importance': 0.0006781816482543945, 'direction': 'increases_risk'}, {'feature': 'Flow Pkts/s', 'importance': 0.00018227100372314453, 'direction': 'increases_risk'}, {'feature': 'Fwd Seg Size Min', 'importance': 6.335973739624023e-05, 'direction': 'increases_risk'}]","[{'window_offset': -1, 'importance': 0.0005660057067871094}, {'window_offset': 0, 'importance': 0.00016611814498901367}, {'window_offset': -2, 'importance': 6.085634231567383e-05}]"
2018-02-14T10:50:20,2018-02-14T10:50:10,2018-02-14T10:50:20,0.9979094862937928,0.9830410480499268,1,CRITICAL,Exfiltration,medium,"[{'feature': 'Fwd_Bwd_Byte_Ratio', 'reason': 'High relative backward byte volume indicates data exfiltration.'}]",Impact,low,heuristic,-1.4305114743873304e-06,stable,"[{'feature': 'Bwd Pkts/s', 'importance': 0.0022847652435302734, 'direction': 'increases_risk'}, {'feature': 'Pkts_Per_Sec', 'importance': 0.0007179975509643555, 'direction': 'increases_risk'}, {'feature': 'Fwd Pkts/s', 'importance': 0.0006793737411499023, 'direction': 'increases_risk'}, {'feature': 'Flow Pkts/s', 'importance': 0.00018334388732910156, 'direction': 'increases_risk'}, {'feature': 'Fwd Seg Size Min', 'importance': 6.252527236938477e-05, 'direction': 'increases_risk'}]","[{'window_offset': -1, 'importance': 0.0005636811256408691}, {'window_offset': 0, 'importance': 0.0001679062843322754}, {'window_offset': -2, 'importance': 6.0617923736572266e-05}]"
2018-02-14T10:50:30,2018-02-14T10:50:20,2018-02-14T10:50:30,0.9979100823402404,0.9830410480499268,1,CRITICAL,Exfiltration,medium,"[{'feature': 'Fwd_Bwd_Byte_Ratio', 'reason': 'High relative backward byte volume indicates data exfiltration.'}]",Impact,low,heuristic,5.960464475318616e-07,stable,"[{'feature': 'Bwd Pkts/s', 'importance': 0.0022959113121032715, 'direction': 'increases_risk'}, {'feature': 'Pkts_Per_Sec', 'importance': 0.0007196664810180664, 'direction': 'increases_risk'}, {'feature': 'Fwd Pkts/s', 'importance': 0.0006787776947021484, 'direction': 'increases_risk'}, {'feature': 'Flow Pkts/s', 'importance': 0.00018227100372314453, 'direction': 'increases_risk'}, {'feature': 'Fwd Seg Size Min', 'importance': 6.22868537902832e-05, 'direction': 'increases_risk'}]","[{'window_offset': -1, 'importance': 0.0005651712417602539}, {'window_offset': 0, 'importance': 0.00017029047012329102}, {'window_offset': -2, 'importance': 5.9545040130615234e-05}]"
2018-02-14T10:50:40,2018-02-14T10:50:30,2018-02-14T10:50:40,0.997914969921112,0.9830410480499268,1,CRITICAL,Exfiltration,medium,"[{'feature': 'Fwd_Bwd_Byte_Ratio', 'reason': 'High relative backward byte volume indicates data exfiltration.'}]",Impact,low,heuristic,4.887580871582031e-06,stable,"[{'feature': 'Bwd Pkts/s', 'importance': 0.0023344755172729492, 'direction': 'increases_risk'}, {'feature': 'Pkts_Per_Sec', 'importance': 0.0007144808769226074, 'direction': 'increases_risk'}, {'feature': 'Fwd Pkts/s', 'importance': 0.0006741881370544434, 'direction': 'increases_risk'}, {'feature': 'Flow Pkts/s', 'importance': 0.0001774430274963379, 'direction': 'increases_risk'}, {'feature': 'Fwd Seg Size Min', 'importance': 6.276369094848633e-05, 'direction': 'increases_risk'}]","[{'window_offset': -1, 'importance': 0.0005700588226318359}, {'window_offset': 0, 'importance': 0.00017529726028442383}, {'window_offset': -2, 'importance': 6.0558319091796875e-05}]"
2018-02-14T10:50:50,2018-02-14T10:50:40,2018-02-14T10:50:50,0.9979128241539,0.9830410480499268,1,CRITICAL,Exfiltration,medium,"[{'feature': 'Fwd_Bwd_Byte_Ratio', 'reason': 'High relative backward byte volume indicates data exfiltration.'}]",Impact,low,heuristic,-2.1457672119140625e-06,stable,"[{'feature': 'Bwd Pkts/s', 'importance': 0.0023179054260253906, 'direction': 'increases_risk'}, {'feature': 'Pkts_Per_Sec', 'importance': 0.000713050365447998, 'direction': 'increases_risk'}, {'feature': 'Fwd Pkts/s', 'importance': 0.0006760954856872559, 'direction': 'increases_risk'}, {'feature': 'Flow Pkts/s', 'importance': 0.00018090009689331055, 'direction': 'increases_risk'}, {'feature': 'Fwd Seg Size Min', 'importance': 6.383657455444336e-05, 'direction': 'increases_risk'}]","[{'window_offset': -1, 'importance': 0.0005697011947631836}, {'window_offset': 0, 'importance': 0.00016802549362182617}, {'window_offset': -2, 'importance': 6.0498714447021484e-05}]"
2018-02-14T10:51:00,2018-02-14T10:50:50,2018-02-14T10:51:00,0.9979109168052672,0.9830410480499268,1,CRITICAL,Exfiltration,medium,"[{'feature': 'Fwd_Bwd_Byte_Ratio', 'reason': 'High relative backward byte volume indicates data exfiltration.'}]",Impact,low,heuristic,-1.9073486328125e-06,stable,"[{'feature': 'Bwd Pkts/s', 'importance': 0.0022931694984436035, 'direction': 'increases_risk'}, {'feature': 'Pkts_Per_Sec', 'importance': 0.0007151961326599121, 'direction': 'increases_risk'}, {'feature': 'Fwd Pkts/s', 'importance': 0.0006784200668334961, 'direction': 'increases_risk'}, {'feature': 'Flow Pkts/s', 'importance': 0.00018310546875, 'direction': 'increases_risk'}, {'feature': 'Fwd Seg Size Min', 'importance': 6.312131881713867e-05, 'direction': 'increases_risk'}]","[{'window_offset': -1, 'importance': 0.0005651712417602539}, {'window_offset': 0, 'importance': 0.0001665949821472168}, {'window_offset': -2, 'importance': 6.192922592163086e-05}]"
2018-02-14T10:51:10,2018-02-14T10:51:00,2018-02-14T10:51:10,0.9979085922241212,0.9830410480499268,1,CRITICAL,Exfiltration,medium,"[{'feature': 'Fwd_Bwd_Byte_Ratio', 'reason': 'High relative backward byte volume indicates data exfiltration.'}]",Impact,low,heuristic,-2.3245811460181898e-06,stable,"[{'feature': 'Bwd Pkts/s', 'importance': 0.002282381057739258, 'direction': 'increases_risk'}, {'feature': 'Pkts_Per_Sec', 'importance': 0.0007181763648986816, 'direction': 'increases_risk'}, {'feature': 'Fwd Pkts/s', 'importance': 0.0006791949272155762, 'direction': 'increases_risk'}, {'feature': 'Flow Pkts/s', 'importance': 0.0001824498176574707, 'direction': 'increases_risk'}, {'feature': 'Fwd Seg Size Min', 'importance': 6.23464584350586e-05, 'direction': 'increases_risk'}]","[{'window_offset': -1, 'importance': 0.0005636811256408691}, {'window_offset': 0, 'importance': 0.0001678466796875}, {'window_offset': -2, 'importance': 5.996227264404297e-05}]"
2018-02-14T10:51:20,2018-02-14T10:51:10,2018-02-14T10:51:20,0.9979089498519896,0.9830410480499268,1,CRITICAL,Exfiltration,medium,"[{'feature': 'Fwd_Bwd_Byte_Ratio', 'reason': 'High relative backward byte volume indicates data exfiltration.'}]",Impact,low,heuristic,3.5762786843029915e-07,stable,"[{'feature': 'Bwd Pkts/s', 'importance': 0.0022908449172973633, 'direction': 'increases_risk'}, {'feature': 'Pkts_Per_Sec', 'importance': 0.0007194876670837402, 'direction': 'increases_risk'}, {'feature': 'Fwd Pkts/s', 'importance': 0.000678718090057373, 'direction': 'increases_risk'}, {'feature': 'Flow Pkts/s', 'importance': 0.0001811385154724121, 'direction': 'increases_risk'}, {'feature': 'Fwd Seg Size Min', 'importance': 6.210803985595703e-05, 'direction': 'increases_risk'}]","[{'window_offset': -1, 'importance': 0.0005652308464050293}, {'window_offset': 0, 'importance': 0.0001697540283203125}, {'window_offset': -2, 'importance': 5.888938903808594e-05}]"
2018-02-14T10:51:30,2018-02-14T10:51:20,2018-02-14T10:51:30,0.997912347316742,0.9830410480499268,1,CRITICAL,Exfiltration,medium,"[{'feature': 'Fwd_Bwd_Byte_Ratio', 'reason': 'High relative backward byte volume indicates data exfiltration.'}]",Impact,low,heuristic,3.3974647524193102e-06,stable,"[{'feature': 'Bwd Pkts/s', 'importance': 0.0023183822631835938, 'direction': 'increases_risk'}, {'feature': 'Pkts_Per_Sec', 'importance': 0.0007162690162658691, 'direction': 'increases_risk'}, {'feature': 'Fwd Pkts/s', 'importance': 0.0006757974624633789, 'direction': 'increases_risk'}, {'feature': 'Flow Pkts/s', 'importance': 0.00017815828323364258, 'direction': 'increases_risk'}, {'feature': 'Fwd Seg Size Min', 'importance': 6.252527236938477e-05, 'direction': 'increases_risk'}]","[{'window_offset': -1, 'importance': 0.0005687475204467773}, {'window_offset': 0, 'importance': 0.00017279386520385742}, {'window_offset': -2, 'importance': 5.97834587097168e-05}]"
2018-02-14T10:51:40,2018-02-14T10:51:30,2018-02-14T10:51:40,0.997917115688324,0.9830410480499268,1,CRITICAL,Exfiltration,medium,"[{'feature': 'Fwd_Bwd_Byte_Ratio', 'reason': 'High relative backward byte volume indicates data exfiltration.'}]",Impact,low,heuristic,4.768371581920228e-06,stable,"[{'feature': 'Bwd Pkts/s', 'importance': 0.002342045307159424, 'direction': 'increases_risk'}, {'feature': 'Pkts_Per_Sec', 'importance': 0.0007114410400390625, 'direction': 'increases_risk'}, {'feature': 'Fwd Pkts/s', 'importance': 0.0006733536720275879, 'direction': 'increases_risk'}, {'feature': 'Flow Pkts/s', 'importance': 0.0001767277717590332, 'direction': 'increases_risk'}, {'feature': 'Fwd Seg Size Min', 'importance': 6.377696990966797e-05, 'direction': 'increases_risk'}]","[{'window_offset': -1, 'importance': 0.0005710721015930176}, {'window_offset': 0, 'importance': 0.00017434358596801758}, {'window_offset': -2, 'importance': 6.127357482910156e-05}]"
2018-02-14T10:51:50,2018-02-14T10:51:40,2018-02-14T10:51:50,0.997918665409088,0.9830410480499268,1,CRITICAL,Exfiltration,medium,"[{'feature': 'Fwd_Bwd_Byte_Ratio', 'reason': 'High relative backward byte volume indicates data exfiltration.'}]",Impact,low,heuristic,1.549720764049134e-06,stable,"[{'feature': 'Bwd Pkts/s', 'importance': 0.002345740795135498, 'direction': 'increases_risk'}, {'feature': 'Pkts_Per_Sec', 'importance': 0.0007082223892211914, 'direction': 'increases_risk'}, {'feature': 'Fwd Pkts/s', 'importance': 0.0006725192070007324, 'direction': 'increases_risk'}, {'feature': 'Flow Pkts/s', 'importance': 0.00017899274826049805, 'direction': 'increases_risk'}, {'feature': 'Fwd Seg Size Min', 'importance': 6.461143493652344e-05, 'direction': 'increases_risk'}]","[{'window_offset': -1, 'importance': 0.0005713105201721191}, {'window_offset': 0, 'importance': 0.00017178058624267578}, {'window_offset': -2, 'importance': 6.377696990966797e-05}]"
2018-02-14T10:52:00,2018-02-14T10:51:50,2018-02-14T10:52:00,0.9979131817817688,0.9830410480499268,1,CRITICAL,Exfiltration,medium,"[{'feature': 'Fwd_Bwd_Byte_Ratio', 'reason': 'High relative backward byte volume indicates data exfiltration.'}]",Impact,low,heuristic,-5.483627319224915e-06,stable,"[{'feature': 'Bwd Pkts/s', 'importance': 0.002289295196533203, 'direction': 'increases_risk'}, {'feature': 'Pkts_Per_Sec', 'importance': 0.0007110238075256348, 'direction': 'increases_risk'}, {'feature': 'Fwd Pkts/s', 'importance': 0.0006778240203857422, 'direction': 'increases_risk'}, {'feature': 'Flow Pkts/s', 'importance': 0.00018465518951416016, 'direction': 'increases_risk'}, {'feature': 'Fwd Seg Size Min', 'importance': 6.431341171264648e-05, 'direction': 'increases_risk'}]","[{'window_offset': -1, 'importance': 0.0005658268928527832}, {'window_offset': 0, 'importance': 0.0001646280288696289}, {'window_offset': -2, 'importance': 6.264448165893555e-05}]"
2018-02-14T10:52:10,2018-02-14T10:52:00,2018-02-14T10:52:10,0.9979159235954284,0.9830410480499268,1,CRITICAL,Exfiltration,medium,"[{'feature': 'Fwd_Bwd_Byte_Ratio', 'reason': 'High relative backward byte volume indicates data exfiltration.'}]",Impact,low,heuristic,2.7418136595569464e-06,stable,"[{'feature': 'Bwd Pkts/s', 'importance': 0.002301633358001709, 'direction': 'increases_risk'}, {'feature': 'Pkts_Per_Sec', 'importance': 0.0007129311561584473, 'direction': 'increases_risk'}, {'feature': 'Fwd Pkts/s', 'importance': 0.0006759762763977051, 'direction': 'increases_risk'}, {'feature': 'Flow Pkts/s', 'importance': 0.00018221139907836914, 'direction': 'increases_risk'}, {'feature': 'Fwd Seg Size Min', 'importance': 6.324052810668945e-05, 'direction': 'increases_risk'}]","[{'window_offset': -1, 'importance': 0.0005651116371154785}, {'window_offset': 0, 'importance': 0.0001729130744934082}, {'window_offset': -2, 'importance': 6.335973739624023e-05}]"
2018-02-14T10:52:20,2018-02-14T10:52:10,2018-02-14T10:52:20,0.9979169964790344,0.9830410480499268,1,CRITICAL,Exfiltration,medium,"[{'feature': 'Fwd_Bwd_Byte_Ratio', 'reason': 'High relative backward byte volume indicates data exfiltration.'}]",Impact,low,heuristic,1.0728836060680536e-06,stable,"[{'feature': 'Bwd Pkts/s', 'importance': 0.002313554286956787, 'direction': 'increases_risk'}, {'feature': 'Pkts_Per_Sec', 'importance': 0.0007129311561584473, 'direction': 'increases_risk'}, {'feature': 'Fwd Pkts/s', 'importance': 0.0006756186485290527, 'direction': 'increases_risk'}, {'feature': 'Flow Pkts/s', 'importance': 0.0001824498176574707, 'direction': 'increases_risk'}, {'feature': 'Fwd Seg Size Min', 'importance': 6.389617919921875e-05, 'direction': 'increases_risk'}]","[{'window_offset': -1, 'importance': 0.000568687915802002}, {'window_offset': 0, 'importance': 0.00017255544662475586}, {'window_offset': -2, 'importance': 6.151199340820312e-05}]"
2018-02-14T10:52:30,2018-02-14T10:52:20,2018-02-14T10:52:30,0.9979142546653748,0.9830410480499268,1,CRITICAL,Exfiltration,medium,"[{'feature': 'Fwd_Bwd_Byte_Ratio', 'reason': 'High relative backward byte volume indicates data exfiltration.'}]",Impact,low,heuristic,-2.7418136596679688e-06,stable,"[{'feature': 'Bwd Pkts/s', 'importance': 0.0022935867309570312, 'direction': 'increases_risk'}, {'feature': 'Pkts_Per_Sec', 'importance': 0.0007160305976867676, 'direction': 'increases_risk'}, {'feature': 'Fwd Pkts/s', 'importance': 0.0006786584854125977, 'direction': 'increases_risk'}, {'feature': 'Flow Pkts/s', 'importance': 0.00018644332885742188, 'direction': 'increases_risk'}, {'feature': 'Fwd Seg Size Min', 'importance': 6.371736526489258e-05, 'direction': 'increases_risk'}]","[{'window_offset': -1, 'importance': 0.0005663037300109863}, {'window_offset': 0, 'importance': 0.00016820430755615234}, {'window_offset': -2, 'importance': 6.181001663208008e-05}]"
2018-02-14T10:52:40,2018-02-14T10:52:30,2018-02-14T10:52:40,0.9979183077812196,0.9830410480499268,1,CRITICAL,Exfiltration,medium,"[{'feature': 'Fwd_Bwd_Byte_Ratio', 'reason': 'High relative backward byte volume indicates data exfiltration.'}]",Impact,low,heuristic,4.053115844837585e-06,stable,"[{'feature': 'Bwd Pkts/s', 'importance': 0.0023213624954223633, 'direction': 'increases_risk'}, {'feature': 'Pkts_Per_Sec', 'importance': 0.0007155537605285645, 'direction': 'increases_risk'}, {'feature': 'Fwd Pkts/s', 'importance': 0.0006759762763977051, 'direction': 'increases_risk'}, {'feature': 'Flow Pkts/s', 'importance': 0.0001837611198425293, 'direction': 'increases_risk'}, {'feature': 'Fwd Seg Size Min', 'importance': 6.341934204101562e-05, 'direction': 'increases_risk'}]","[{'window_offset': -1, 'importance': 0.0005677342414855957}, {'window_offset': 0, 'importance': 0.00017505884170532227}, {'window_offset': -2, 'importance': 6.341934204101562e-05}]"
2018-02-14T10:52:50,2018-02-14T10:52:40,2018-02-14T10:52:50,0.9979119896888732,0.9830410480499268,1,CRITICAL,Exfiltration,medium,"[{'feature': 'Fwd_Bwd_Byte_Ratio', 'reason': 'High relative backward byte volume indicates data exfiltration.'}]",Impact,low,heuristic,-6.318092346413451e-06,stable,"[{'feature': 'Bwd Pkts/s', 'importance': 0.0022856593132019043, 'direction': 'increases_risk'}, {'feature': 'Pkts_Per_Sec', 'importance': 0.0007190704345703125, 'direction': 'increases_risk'}, {'feature': 'Fwd Pkts/s', 'importance': 0.0006803274154663086, 'direction': 'increases_risk'}, {'feature': 'Flow Pkts/s', 'importance': 0.00018775463104248047, 'direction': 'increases_risk'}, {'feature': 'Fwd Seg Size Min', 'importance': 6.335973739624023e-05, 'direction': 'increases_risk'}]","[{'window_offset': -1, 'importance': 0.0005657076835632324}, {'window_offset': 0, 'importance': 0.0001665353775024414}, {'window_offset': -2, 'importance': 6.014108657836914e-05}]"
2018-02-14T10:53:00,2018-02-14T10:52:50,2018-02-14T10:53:00,0.9979122281074524,0.9830410480499268,1,CRITICAL,Exfiltration,medium,"[{'feature': 'Fwd_Bwd_Byte_Ratio', 'reason': 'High relative backward byte volume indicates data exfiltration.'}]",Impact,low,heuristic,2.384185792125848e-07,stable,"[{'feature': 'Bwd Pkts/s', 'importance': 0.0022901296615600586, 'direction': 'increases_risk'}, {'feature': 'Pkts_Per_Sec', 'importance': 0.0007222890853881836, 'direction': 'increases_risk'}, {'feature': 'Fwd Pkts/s', 'importance': 0.0006799697875976562, 'direction': 'increases_risk'}, {'feature': 'Flow Pkts/s', 'importance': 0.00018668174743652344, 'direction': 'increases_risk'}, {'feature': 'Fwd Seg Size Min', 'importance': 6.22868537902832e-05, 'direction': 'increases_risk'}]","[{'window_offset': -1, 'importance': 0.0005639195442199707}, {'window_offset': 0, 'importance': 0.00017112493515014648}, {'window_offset': -2, 'importance': 6.157159805297852e-05}]"
2018-02-14T10:53:10,2018-02-14T10:53:00,2018-02-14T10:53:10,0.9979100823402404,0.9830410480499268,1,CRITICAL,Exfiltration,medium,"[{'feature': 'Fwd_Bwd_Byte_Ratio', 'reason': 'High relative backward byte volume indicates data exfiltration.'}]",Impact,low,heuristic,-2.145767212025085e-06,stable,"[{'feature': 'Bwd Pkts/s', 'importance': 0.0022901296615600586, 'direction': 'increases_risk'}, {'feature': 'Pkts_Per_Sec', 'importance': 0.000723719596862793, 'direction': 'increases_risk'}, {'feature': 'Fwd Pkts/s', 'importance': 0.0006804466247558594, 'direction': 'increases_risk'}, {'feature': 'Flow Pkts/s', 'importance': 0.00018513202667236328, 'direction': 'increases_risk'}, {'feature': 'Fwd Seg Size Min', 'importance': 6.216764450073242e-05, 'direction': 'increases_risk'}]","[{'window_offset': -1, 'importance': 0.0005654096603393555}, {'window_offset': 0, 'importance': 0.00017017126083374023}, {'window_offset': -2, 'importance': 5.906820297241211e-05}]"
2018-02-14T10:53:20,2018-02-14T10:53:10,2018-02-14T10:53:20,0.9979161620140076,0.9830410480499268,1,CRITICAL,Exfiltration,medium,"[{'feature': 'Fwd_Bwd_Byte_Ratio', 'reason': 'High relative backward byte volume indicates data exfiltration.'}]",Impact,low,heuristic,6.079673767200866e-06,stable,"[{'feature': 'Bwd Pkts/s', 'importance': 0.0023404955863952637, 'direction': 'increases_risk'}, {'feature': 'Pkts_Per_Sec', 'importance': 0.0007173418998718262, 'direction': 'increases_risk'}, {'feature': 'Fwd Pkts/s', 'importance': 0.0006746649742126465, 'direction': 'increases_risk'}, {'feature': 'Flow Pkts/s', 'importance': 0.00017887353897094727, 'direction': 'increases_risk'}, {'feature': 'Fwd Seg Size Min', 'importance': 6.258487701416016e-05, 'direction': 'increases_risk'}]","[{'window_offset': -1, 'importance': 0.0005705952644348145}, {'window_offset': 0, 'importance': 0.00017768144607543945}, {'window_offset': -2, 'importance': 6.115436553955078e-05}]"
2018-02-14T10:53:30,2018-02-14T10:53:20,2018-02-14T10:53:30,0.9979109168052672,0.9830410480499268,1,CRITICAL,Exfiltration,medium,"[{'feature': 'Fwd_Bwd_Byte_Ratio', 'reason': 'High relative backward byte volume indicates data exfiltration.'}]",Impact,low,heuristic,-5.245208740345397e-06,stable,"[{'feature': 'Bwd Pkts/s', 'importance': 0.002302885055541992, 'direction': 'increases_risk'}, {'feature': 'Pkts_Per_Sec', 'importance': 0.0007183551788330078, 'direction': 'increases_risk'}, {'feature': 'Fwd Pkts/s', 'importance': 0.0006792545318603516, 'direction': 'increases_risk'}, {'feature': 'Flow Pkts/s', 'importance': 0.00018453598022460938, 'direction': 'increases_risk'}, {'feature': 'Fwd Seg Size Min', 'importance': 6.35981559753418e-05, 'direction': 'increases_risk'}]","[{'window_offset': -1, 'importance': 0.000568389892578125}, {'window_offset': 0, 'importance': 0.00016576051712036133}, {'window_offset': -2, 'importance': 5.9545040130615234e-05}]"
2018-02-14T10:53:40,2018-02-14T10:53:30,2018-02-14T10:53:40,0.9979173541069032,0.9830410480499268,1,CRITICAL,Exfiltration,medium,"[{'feature': 'Fwd_Bwd_Byte_Ratio', 'reason': 'High relative backward byte volume indicates data exfiltration.'}]",Impact,low,heuristic,6.437301635964232e-06,stable,"[{'feature': 'Bwd Pkts/s', 'importance': 0.002335190773010254, 'direction': 'increases_risk'}, {'feature': 'Pkts_Per_Sec', 'importance': 0.0007161498069763184, 'direction': 'increases_risk'}, {'feature': 'Fwd Pkts/s', 'importance': 0.000675499439239502, 'direction': 'increases_risk'}, {'feature': 'Flow Pkts/s', 'importance': 0.00018173456192016602, 'direction': 'increases_risk'}, {'feature': 'Fwd Seg Size Min', 'importance': 6.306171417236328e-05, 'direction': 'increases_risk'}]","[{'window_offset': -1, 'importance': 0.000568091869354248}, {'window_offset': 0, 'importance': 0.00017529726028442383}, {'window_offset': -2, 'importance': 6.401538848876953e-05}]"
2018-02-14T10:53:50,2018-02-14T10:53:40,2018-02-14T10:53:50,0.997917115688324,0.9830410480499268,1,CRITICAL,Exfiltration,medium,"[{'feature': 'Fwd_Bwd_Byte_Ratio', 'reason': 'High relative backward byte volume indicates data exfiltration.'}]",Impact,low,heuristic,-2.384185792125848e-07,stable,"[{'feature': 'Bwd Pkts/s', 'importance': 0.002332448959350586, 'direction': 'increases_risk'}, {'feature': 'Pkts_Per_Sec', 'importance': 0.0007141232490539551, 'direction': 'increases_risk'}, {'feature': 'Fwd Pkts/s', 'importance': 0.0006758570671081543, 'direction': 'increases_risk'}, {'feature': 'Flow Pkts/s', 'importance': 0.00018256902694702148, 'direction': 'increases_risk'}, {'feature': 'Fwd Seg Size Min', 'importance': 6.407499313354492e-05, 'direction': 'increases_risk'}]","[{'window_offset': -1, 'importance': 0.0005703568458557129}, {'window_offset': 0, 'importance': 0.000171661376953125}, {'window_offset': -2, 'importance': 6.175041198730469e-05}]"
2018-02-14T10:54:00,2018-02-14T10:53:50,2018-02-14T10:54:00,0.9979137778282166,0.9830410480499268,1,CRITICAL,Exfiltration,medium,"[{'feature': 'Fwd_Bwd_Byte_Ratio', 'reason': 'High relative backward byte volume indicates data exfiltration.'}]",Impact,low,heuristic,-3.337860107421875e-06,stable,"[{'feature': 'Bwd Pkts/s', 'importance': 0.002301633358001709, 'direction': 'increases_risk'}, {'feature': 'Pkts_Per_Sec', 'importance': 0.0007150769233703613, 'direction': 'increases_risk'}, {'feature': 'Fwd Pkts/s', 'importance': 0.0006783008575439453, 'direction': 'increases_risk'}, {'feature': 'Flow Pkts/s', 'importance': 0.00018465518951416016, 'direction': 'increases_risk'}, {'feature': 'Fwd Seg Size Min', 'importance': 6.35981559753418e-05, 'direction': 'increases_risk'}]","[{'window_offset': -1, 'importance': 0.0005666613578796387}, {'window_offset': 0, 'importance': 0.00016772747039794922}, {'window_offset': -2, 'importance': 6.216764450073242e-05}]"
2018-02-14T10:54:10,2018-02-14T10:54:00,2018-02-14T10:54:10,0.9979118704795836,0.9830410480499268,1,CRITICAL,Exfiltration,medium,"[{'feature': 'Fwd_Bwd_Byte_Ratio', 'reason': 'High relative backward byte volume indicates data exfiltration.'}]",Impact,low,heuristic,-1.9073486329235223e-06,stable,"[{'feature': 'Bwd Pkts/s', 'importance': 0.0022879838943481445, 'direction': 'increases_risk'}, {'feature': 'Pkts_Per_Sec', 'importance': 0.0007191896438598633, 'direction': 'increases_risk'}, {'feature': 'Fwd Pkts/s', 'importance': 0.0006799697875976562, 'direction': 'increases_risk'}, {'feature': 'Flow Pkts/s', 'importance': 0.0001857280731201172, 'direction': 'increases_risk'}, {'feature': 'Fwd Seg Size Min', 'importance': 6.288290023803711e-05, 'direction': 'increases_risk'}]","[{'window_offset': -1, 'importance': 0.0005641579627990723}, {'window_offset': 0, 'importance': 0.00016874074935913086}, {'window_offset': -2, 'importance': 6.157159805297852e-05}]"
2018-02-14T10:54:20,2018-02-14T10:54:10,2018-02-14T10:54:20,0.9979128241539,0.9830410480499268,1,CRITICAL,Exfiltration,medium,"[{'feature': 'Fwd_Bwd_Byte_Ratio', 'reason': 'High relative backward byte volume indicates data exfiltration.'}]",Impact,low,heuristic,9.5367431640625e-07,stable,"[{'feature': 'Bwd Pkts/s', 'importance': 0.0023027658462524414, 'direction': 'increases_risk'}, {'feature': 'Pkts_Per_Sec', 'importance': 0.0007206201553344727, 'direction': 'increases_risk'}, {'feature': 'Fwd Pkts/s', 'importance': 0.0006788969039916992, 'direction': 'increases_risk'}, {'feature': 'Flow Pkts/s', 'importance': 0.00018417835235595703, 'direction': 'increases_risk'}, {'feature': 'Fwd Seg Size Min', 'importance': 6.252527236938477e-05, 'direction': 'increases_risk'}]","[{'window_offset': -1, 'importance': 0.0005658268928527832}, {'window_offset': 0, 'importance': 0.00017207860946655273}, {'window_offset': -2, 'importance': 6.0617923736572266e-05}]"
2018-02-14T10:54:30,2018-02-14T10:54:20,2018-02-14T10:54:30,0.9979168772697448,0.9830410480499268,1,CRITICAL,Exfiltration,medium,"[{'feature': 'Fwd_Bwd_Byte_Ratio', 'reason': 'High relative backward byte volume indicates data exfiltration.'}]",Impact,low,heuristic,4.0531158447265625e-06,stable,"[{'feature': 'Bwd Pkts/s', 'importance': 0.0023286938667297363, 'direction': 'increases_risk'}, {'feature': 'Pkts_Per_Sec', 'importance': 0.0007184147834777832, 'direction': 'increases_risk'}, {'feature': 'Fwd Pkts/s', 'importance': 0.0006770491600036621, 'direction': 'increases_risk'}, {'feature': 'Flow Pkts/s', 'importance': 0.00018209218978881836, 'direction': 'increases_risk'}, {'feature': 'Fwd Seg Size Min', 'importance': 6.318092346191406e-05, 'direction': 'increases_risk'}]","[{'window_offset': -1, 'importance': 0.0005684494972229004}, {'window_offset': 0, 'importance': 0.00017505884170532227}, {'window_offset': -2, 'importance': 6.079673767089844e-05}]"
2018-02-14T10:54:40,2018-02-14T10:54:30,2018-02-14T10:54:40,0.9979193806648254,0.9830410480499268,1,CRITICAL,Exfiltration,medium,"[{'feature': 'Fwd_Bwd_Byte_Ratio', 'reason': 'High relative backward byte volume indicates data exfiltration.'}]",Impact,low,heuristic,2.5033950806774286e-06,stable,"[{'feature': 'Bwd Pkts/s', 'importance': 0.002357661724090576, 'direction': 'increases_risk'}, {'feature': 'Pkts_Per_Sec', 'importance': 0.0007138252258300781, 'direction': 'increases_risk'}, {'feature': 'Fwd Pkts/s', 'importance': 0.000673830509185791, 'direction': 'increases_risk'}, {'feature': 'Flow Pkts/s', 'importance': 0.00018066167831420898, 'direction': 'increases_risk'}, {'feature': 'Fwd Seg Size Min', 'importance': 6.389617919921875e-05, 'direction': 'increases_risk'}]","[{'window_offset': -1, 'importance': 0.0005715489387512207}, {'window_offset': 0, 'importance': 0.00017493963241577148}, {'window_offset': -2, 'importance': 6.306171417236328e-05}]"
2018-02-14T10:54:50,2018-02-14T10:54:40,2018-02-14T10:54:50,0.9979210495948792,0.9830410480499268,1,CRITICAL,Exfiltration,medium,"[{'feature': 'Fwd_Bwd_Byte_Ratio', 'reason': 'High relative backward byte volume indicates data exfiltration.'}]",Impact,low,heuristic,1.6689300537109375e-06,stable,"[{'feature': 'Bwd Pkts/s', 'importance': 0.0023596882820129395, 'direction': 'increases_risk'}, {'feature': 'Pkts_Per_Sec', 'importance': 0.00070953369140625, 'direction': 'increases_risk'}, {'feature': 'Fwd Pkts/s', 'importance': 0.0006728172302246094, 'direction': 'increases_risk'}, {'feature': 'Flow Pkts/s', 'importance': 0.0001805424690246582, 'direction': 'increases_risk'}, {'feature': 'Fwd Seg Size Min', 'importance': 6.496906280517578e-05, 'direction': 'increases_risk'}]","[{'window_offset': -1, 'importance': 0.000571906566619873}, {'window_offset': 0, 'importance': 0.00017309188842773438}, {'window_offset': -2, 'importance': 6.413459777832031e-05}]"
2018-02-14T10:55:00,2018-02-14T10:54:50,2018-02-14T10:55:00,0.9979143738746644,0.9830410480499268,1,CRITICAL,Exfiltration,medium,"[{'feature': 'Fwd_Bwd_Byte_Ratio', 'reason': 'High relative backward byte volume indicates data exfiltration.'}]",Impact,low,heuristic,-6.675720214732728e-06,stable,"[{'feature': 'Bwd Pkts/s', 'importance': 0.002303481101989746, 'direction': 'increases_risk'}, {'feature': 'Pkts_Per_Sec', 'importance': 0.0007120966911315918, 'direction': 'increases_risk'}, {'feature': 'Fwd Pkts/s', 'importance': 0.0006778836250305176, 'direction': 'increases_risk'}, {'feature': 'Flow Pkts/s', 'importance': 0.00018608570098876953, 'direction': 'increases_risk'}, {'feature': 'Fwd Seg Size Min', 'importance': 6.431341171264648e-05, 'direction': 'increases_risk'}]","[{'window_offset': -1, 'importance': 0.0005655884742736816}, {'window_offset': 0, 'importance': 0.00016605854034423828}, {'window_offset': -2, 'importance': 6.335973739624023e-05}]"
2018-02-14T10:55:10,2018-02-14T10:55:00,2018-02-14T10:55:10,0.9979153275489808,0.9830410480499268,1,CRITICAL,Exfiltration,medium,"[{'feature': 'Fwd_Bwd_Byte_Ratio', 'reason': 'High relative backward byte volume indicates data exfiltration.'}]",Impact,low,heuristic,9.5367431640625e-07,stable,"[{'feature': 'Bwd Pkts/s', 'importance': 0.0023044347763061523, 'direction': 'increases_risk'}, {'feature': 'Pkts_Per_Sec', 'importance': 0.0007138848304748535, 'direction': 'increases_risk'}, {'feature': 'Fwd Pkts/s', 'importance': 0.0006764531135559082, 'direction': 'increases_risk'}, {'feature': 'Flow Pkts/s', 'importance': 0.0001830458641052246, 'direction': 'increases_risk'}, {'feature': 'Fwd Seg Size Min', 'importance': 6.312131881713867e-05, 'direction': 'increases_risk'}]","[{'window_offset': -1, 'importance': 0.0005651116371154785}, {'window_offset': 0, 'importance': 0.0001723170280456543}, {'window_offset': -2, 'importance': 6.324052810668945e-05}]"
2018-02-14T10:55:20,2018-02-14T10:55:10,2018-02-14T10:55:20,0.9979109168052672,0.9830410480499268,1,CRITICAL,Exfiltration,medium,"[{'feature': 'Fwd_Bwd_Byte_Ratio', 'reason': 'High relative backward byte volume indicates data exfiltration.'}]",Impact,low,heuristic,-4.410743713600951e-06,stable,"[{'feature': 'Bwd Pkts/s', 'importance': 0.0022822022438049316, 'direction': 'increases_risk'}, {'feature': 'Pkts_Per_Sec', 'importance': 0.0007189512252807617, 'direction': 'increases_risk'}, {'feature': 'Fwd Pkts/s', 'importance': 0.000680088996887207, 'direction': 'increases_risk'}, {'feature': 'Flow Pkts/s', 'importance': 0.00018680095672607422, 'direction': 'increases_risk'}, {'feature': 'Fwd Seg Size Min', 'importance': 6.300210952758789e-05, 'direction': 'increases_risk'}]","[{'window_offset': -1, 'importance': 0.0005646347999572754}, {'window_offset': 0, 'importance': 0.0001671910285949707}, {'window_offset': -2, 'importance': 5.97834587097168e-05}]"
2018-02-14T10:55:30,2018-02-14T10:55:20,2018-02-14T10:55:30,0.9979117512702942,0.9830410480499268,1,CRITICAL,Exfiltration,medium,"[{'feature': 'Fwd_Bwd_Byte_Ratio', 'reason': 'High relative backward byte volume indicates data exfiltration.'}]",Impact,low,heuristic,8.34465026966491e-07,stable,"[{'feature': 'Bwd Pkts/s', 'importance': 0.0022928714752197266, 'direction': 'increases_risk'}, {'feature': 'Pkts_Per_Sec', 'importance': 0.0007208585739135742, 'direction': 'increases_risk'}, {'feature': 'Fwd Pkts/s', 'importance': 0.0006791353225708008, 'direction': 'increases_risk'}, {'feature': 'Flow Pkts/s', 'importance': 0.0001844167709350586, 'direction': 'increases_risk'}, {'feature': 'Fwd Seg Size Min', 'importance': 6.22868537902832e-05, 'direction': 'increases_risk'}]","[{'window_offset': -1, 'importance': 0.000564873218536377}, {'window_offset': 0, 'importance': 0.00017195940017700195}, {'window_offset': -2, 'importance': 6.085634231567383e-05}]"
2018-02-14T10:55:40,2018-02-14T10:55:30,2018-02-14T10:55:40,0.997907280921936,0.9830410480499268,1,CRITICAL,Exfiltration,medium,"[{'feature': 'Fwd_Bwd_Byte_Ratio', 'reason': 'High relative backward byte volume indicates data exfiltration.'}]",Impact,low,heuristic,-4.470348358154297e-06,stable,"[{'feature': 'Bwd Pkts/s', 'importance': 0.002276301383972168, 'direction': 'increases_risk'}, {'feature': 'Pkts_Per_Sec', 'importance': 0.0007241368293762207, 'direction': 'increases_risk'}, {'feature': 'Fwd Pkts/s', 'importance': 0.0006816983222961426, 'direction': 'increases_risk'}, {'feature': 'Flow Pkts/s', 'importance': 0.00018554925918579102, 'direction': 'increases_risk'}, {'feature': 'Fwd Seg Size Min', 'importance': 6.198883056640625e-05, 'direction': 'increases_risk'}]","[{'window_offset': -1, 'importance': 0.0005643963813781738}, {'window_offset': 0, 'importance': 0.00016736984252929688}, {'window_offset': -2, 'importance': 5.817413330078125e-05}]"
2018-02-14T10:55:50,2018-02-14T10:55:40,2018-02-14T10:55:50,0.9979098439216614,0.9830410480499268,1,CRITICAL,Exfiltration,medium,"[{'feature': 'Fwd_Bwd_Byte_Ratio', 'reason': 'High relative backward byte volume indicates data exfiltration.'}]",Impact,low,heuristic,2.562999725341797e-06,stable,"[{'feature': 'Bwd Pkts/s', 'importance': 0.002302408218383789, 'direction': 'increases_risk'}, {'feature': 'Pkts_Per_Sec', 'importance': 0.0007236003875732422, 'direction': 'increases_risk'}, {'feature': 'Fwd Pkts/s', 'importance': 0.0006792545318603516, 'direction': 'increases_risk'}, {'feature': 'Flow Pkts/s', 'importance': 0.00018227100372314453, 'direction': 'increases_risk'}, {'feature': 'Fwd Seg Size Min', 'importance': 6.16908073425293e-05, 'direction': 'increases_risk'}]","[{'window_offset': -1, 'importance': 0.0005660057067871094}, {'window_offset': 0, 'importance': 0.00017279386520385742}, {'window_offset': -2, 'importance': 5.9664249420166016e-05}]"
2018-02-14T10:56:00,2018-02-14T10:55:50,2018-02-14T10:56:00,0.9979090690612792,0.9830410480499268,1,CRITICAL,Exfiltration,medium,"[{'feature': 'Fwd_Bwd_Byte_Ratio', 'reason': 'High relative backward byte volume indicates data exfiltration.'}]",Impact,low,heuristic,-7.748603821911004e-07,stable,"[{'feature': 'Bwd Pkts/s', 'importance': 0.002306520938873291, 'direction': 'increases_risk'}, {'feature': 'Pkts_Per_Sec', 'importance': 0.0007210969924926758, 'direction': 'increases_risk'}, {'feature': 'Fwd Pkts/s', 'importance': 0.0006787776947021484, 'direction': 'increases_risk'}, {'feature': 'Flow Pkts/s', 'importance': 0.00018024444580078125, 'direction': 'increases_risk'}, {'feature': 'Fwd Seg Size Min', 'importance': 6.216764450073242e-05, 'direction': 'increases_risk'}]","[{'window_offset': -1, 'importance': 0.0005680322647094727}, {'window_offset': 0, 'importance': 0.00017005205154418945}, {'window_offset': -2, 'importance': 5.84721565246582e-05}]"
2018-02-14T10:56:10,2018-02-14T10:56:00,2018-02-14T10:56:10,0.997907280921936,0.9830410480499268,1,CRITICAL,Exfiltration,medium,"[{'feature': 'Fwd_Bwd_Byte_Ratio', 'reason': 'High relative backward byte volume indicates data exfiltration.'}]",Impact,low,heuristic,-1.7881393431506964e-06,stable,"[{'feature': 'Bwd Pkts/s', 'importance': 0.002295255661010742, 'direction': 'increases_risk'}, {'feature': 'Pkts_Per_Sec', 'importance': 0.0007231831550598145, 'direction': 'increases_risk'}, {'feature': 'Fwd Pkts/s', 'importance': 0.0006811022758483887, 'direction': 'increases_risk'}, {'feature': 'Flow Pkts/s', 'importance': 0.00018352270126342773, 'direction': 'increases_risk'}, {'feature': 'Fwd Seg Size Min', 'importance': 6.222724914550781e-05, 'direction': 'increases_risk'}]","[{'window_offset': -1, 'importance': 0.0005657076835632324}, {'window_offset': 0, 'importance': 0.00016677379608154297}, {'window_offset': -2, 'importance': 5.91278076171875e-05}]"
2018-02-14T10:56:20,2018-02-14T10:56:10,2018-02-14T10:56:20,0.997911274433136,0.9830410480499268,1,CRITICAL,Exfiltration,medium,"[{'feature': 'Fwd_Bwd_Byte_Ratio', 'reason': 'High relative backward byte volume indicates data exfiltration.'}]",Impact,low,heuristic,3.993511199951172e-06,stable,"[{'feature': 'Bwd Pkts/s', 'importance': 0.002322256565093994, 'direction': 'increases_risk'}, {'feature': 'Pkts_Per_Sec', 'importance': 0.0007210969924926758, 'direction': 'increases_risk'}, {'feature': 'Fwd Pkts/s', 'importance': 0.0006778240203857422, 'direction': 'increases_risk'}, {'feature': 'Flow Pkts/s', 'importance': 0.00018012523651123047, 'direction': 'increases_risk'}, {'feature': 'Fwd Seg Size Min', 'importance': 6.192922592163086e-05, 'direction': 'increases_risk'}]","[{'window_offset': -1, 'importance': 0.0005670785903930664}, {'window_offset': 0, 'importance': 0.00017267465591430664}, {'window_offset': -2, 'importance': 6.026029586791992e-05}]"
2018-02-14T10:56:30,2018-02-14T10:56:20,2018-02-14T10:56:30,0.9979153275489808,0.9830410480499268,1,CRITICAL,Exfiltration,medium,"[{'feature': 'Fwd_Bwd_Byte_Ratio', 'reason': 'High relative backward byte volume indicates data exfiltration.'}]",Impact,low,heuristic,4.053115844837585e-06,stable,"[{'feature': 'Bwd Pkts/s', 'importance': 0.0023485422134399414, 'direction': 'increases_risk'}, {'feature': 'Pkts_Per_Sec', 'importance': 0.000715792179107666, 'direction': 'increases_risk'}, {'feature': 'Fwd Pkts/s', 'importance': 0.0006752610206604004, 'direction': 'increases_risk'}, {'feature': 'Flow Pkts/s', 'importance': 0.00017851591110229492, 'direction': 'increases_risk'}, {'feature': 'Fwd Seg Size Min', 'importance': 6.312131881713867e-05, 'direction': 'increases_risk'}]","[{'window_offset': -1, 'importance': 0.0005712509155273438}, {'window_offset': 0, 'importance': 0.0001735091209411621}, {'window_offset': -2, 'importance': 6.0677528381347656e-05}]"
2018-02-14T10:56:40,2018-02-14T10:56:30,2018-02-14T10:56:40,0.9979124665260316,0.9830410480499268,1,CRITICAL,Exfiltration,medium,"[{'feature': 'Fwd_Bwd_Byte_Ratio', 'reason': 'High relative backward byte volume indicates data exfiltration.'}]",Impact,low,heuristic,-2.86102294921875e-06,stable,"[{'feature': 'Bwd Pkts/s', 'importance': 0.002323329448699951, 'direction': 'increases_risk'}, {'feature': 'Pkts_Per_Sec', 'importance': 0.0007132887840270996, 'direction': 'increases_risk'}, {'feature': 'Fwd Pkts/s', 'importance': 0.000676274299621582, 'direction': 'increases_risk'}, {'feature': 'Flow Pkts/s', 'importance': 0.0001799464225769043, 'direction': 'increases_risk'}, {'feature': 'Fwd Seg Size Min', 'importance': 6.35981559753418e-05, 'direction': 'increases_risk'}]","[{'window_offset': -1, 'importance': 0.0005692243576049805}, {'window_offset': 0, 'importance': 0.0001679062843322754}, {'window_offset': -2, 'importance': 6.097555160522461e-05}]"
2018-02-14T10:56:50,2018-02-14T10:56:40,2018-02-14T10:56:50,0.9979150891304016,0.9830410480499268,1,CRITICAL,Exfiltration,medium,"[{'feature': 'Fwd_Bwd_Byte_Ratio', 'reason': 'High relative backward byte volume indicates data exfiltration.'}]",Impact,low,heuristic,2.622604370006165e-06,stable,"[{'feature': 'Bwd Pkts/s', 'importance': 0.0023270249366760254, 'direction': 'increases_risk'}, {'feature': 'Pkts_Per_Sec', 'importance': 0.0007124543190002441, 'direction': 'increases_risk'}, {'feature': 'Fwd Pkts/s', 'importance': 0.0006756186485290527, 'direction': 'increases_risk'}, {'feature': 'Flow Pkts/s', 'importance': 0.0001805424690246582, 'direction': 'increases_risk'}, {'feature': 'Fwd Seg Size Min', 'importance': 6.347894668579102e-05, 'direction': 'increases_risk'}]","[{'window_offset': -1, 'importance': 0.000568091869354248}, {'window_offset': 0, 'importance': 0.00017076730728149414}, {'window_offset': -2, 'importance': 6.300210952758789e-05}]"
2018-02-14T10:57:00,2018-02-14T10:56:50,2018-02-14T10:57:00,0.9979089498519896,0.9830410480499268,1,CRITICAL,Exfiltration,medium,"[{'feature': 'Fwd_Bwd_Byte_Ratio', 'reason': 'High relative backward byte volume indicates data exfiltration.'}]",Impact,low,heuristic,-6.139278411976257e-06,stable,"[{'feature': 'Bwd Pkts/s', 'importance': 0.0022826194763183594, 'direction': 'increases_risk'}, {'feature': 'Pkts_Per_Sec', 'importance': 0.0007165074348449707, 'direction': 'increases_risk'}, {'feature': 'Fwd Pkts/s', 'importance': 0.0006799101829528809, 'direction': 'increases_risk'}, {'feature': 'Flow Pkts/s', 'importance': 0.00018423795700073242, 'direction': 'increases_risk'}, {'feature': 'Fwd Seg Size Min', 'importance': 6.306171417236328e-05, 'direction': 'increases_risk'}]","[{'window_offset': -1, 'importance': 0.000564277172088623}, {'window_offset': 0, 'importance': 0.00016427040100097656}, {'window_offset': -2, 'importance': 5.996227264404297e-05}]"
2018-02-14T10:57:10,2018-02-14T10:57:00,2018-02-14T10:57:10,0.9979090690612792,0.9830410480499268,1,CRITICAL,Exfiltration,medium,"[{'feature': 'Fwd_Bwd_Byte_Ratio', 'reason': 'High relative backward byte volume indicates data exfiltration.'}]",Impact,low,heuristic,1.1920928955078125e-07,stable,"[{'feature': 'Bwd Pkts/s', 'importance': 0.0022867321968078613, 'direction': 'increases_risk'}, {'feature': 'Pkts_Per_Sec', 'importance': 0.0007194876670837402, 'direction': 'increases_risk'}, {'feature': 'Fwd Pkts/s', 'importance': 0.0006791949272155762, 'direction': 'increases_risk'}, {'feature': 'Flow Pkts/s', 'importance': 0.00018233060836791992, 'direction': 'increases_risk'}, {'feature': 'Fwd Seg Size Min', 'importance': 6.210803985595703e-05, 'direction': 'increases_risk'}]","[{'window_offset': -1, 'importance': 0.0005634427070617676}, {'window_offset': 0, 'importance': 0.00016999244689941406}, {'window_offset': -2, 'importance': 6.0439109802246094e-05}]"
2018-02-14T10:57:20,2018-02-14T10:57:10,2018-02-14T10:57:20,0.9979154467582704,0.9830410480499268,1,CRITICAL,Exfiltration,medium,"[{'feature': 'Fwd_Bwd_Byte_Ratio', 'reason': 'High relative backward byte volume indicates data exfiltration.'}]",Impact,low,heuristic,6.3776969911888415e-06,stable,"[{'feature': 'Bwd Pkts/s', 'importance': 0.0023316144943237305, 'direction': 'increases_risk'}, {'feature': 'Pkts_Per_Sec', 'importance': 0.0007155537605285645, 'direction': 'increases_risk'}, {'feature': 'Fwd Pkts/s', 'importance': 0.0006747841835021973, 'direction': 'increases_risk'}, {'feature': 'Flow Pkts/s', 'importance': 0.00017696619033813477, 'direction': 'increases_risk'}, {'feature': 'Fwd Seg Size Min', 'importance': 6.276369094848633e-05, 'direction': 'increases_risk'}]","[{'window_offset': -1, 'importance': 0.0005690455436706543}, {'window_offset': 0, 'importance': 0.00017648935317993164}, {'window_offset': -2, 'importance': 6.008148193359375e-05}]"
2018-02-14T10:57:30,2018-02-14T10:57:20,2018-02-14T10:57:30,0.9979104399681092,0.9830410480499268,1,CRITICAL,Exfiltration,medium,"[{'feature': 'Fwd_Bwd_Byte_Ratio', 'reason': 'High relative backward byte volume indicates data exfiltration.'}]",Impact,low,heuristic,-5.0067901611328125e-06,stable,"[{'feature': 'Bwd Pkts/s', 'importance': 0.002309739589691162, 'direction': 'increases_risk'}, {'feature': 'Pkts_Per_Sec', 'importance': 0.0007161498069763184, 'direction': 'increases_risk'}, {'feature': 'Fwd Pkts/s', 'importance': 0.0006777048110961914, 'direction': 'increases_risk'}, {'feature': 'Flow Pkts/s', 'importance': 0.00018167495727539062, 'direction': 'increases_risk'}, {'feature': 'Fwd Seg Size Min', 'importance': 6.347894668579102e-05, 'direction': 'increases_risk'}]","[{'window_offset': -1, 'importance': 0.0005680322647094727}, {'window_offset': 0, 'importance': 0.0001659989356994629}, {'window_offset': -2, 'importance': 5.97834587097168e-05}]"
2018-02-14T10:57:40,2018-02-14T10:57:30,2018-02-14T10:57:40,0.9979115128517152,0.9830410480499268,1,CRITICAL,Exfiltration,medium,"[{'feature': 'Fwd_Bwd_Byte_Ratio', 'reason': 'High relative backward byte volume indicates data exfiltration.'}]",Impact,low,heuristic,1.0728836059570312e-06,stable,"[{'feature': 'Bwd Pkts/s', 'importance': 0.002306520938873291, 'direction': 'increases_risk'}, {'feature': 'Pkts_Per_Sec', 'importance': 0.0007169842720031738, 'direction': 'increases_risk'}, {'feature': 'Fwd Pkts/s', 'importance': 0.0006778240203857422, 'direction': 'increases_risk'}, {'feature': 'Flow Pkts/s', 'importance': 0.00018215179443359375, 'direction': 'increases_risk'}, {'feature': 'Fwd Seg Size Min', 'importance': 6.264448165893555e-05, 'direction': 'increases_risk'}]","[{'window_offset': -1, 'importance': 0.0005653500556945801}, {'window_offset': 0, 'importance': 0.00016885995864868164}, {'window_offset': -2, 'importance': 6.181001663208008e-05}]"
2018-02-14T10:57:50,2018-02-14T10:57:40,2018-02-14T10:57:50,0.9979056119918824,0.9830410480499268,1,CRITICAL,Exfiltration,medium,"[{'feature': 'Fwd_Bwd_Byte_Ratio', 'reason': 'High relative backward byte volume indicates data exfiltration.'}]",Impact,low,heuristic,-5.900859832763672e-06,stable,"[{'feature': 'Bwd Pkts/s', 'importance': 0.0022720694541931152, 'direction': 'increases_risk'}, {'feature': 'Pkts_Per_Sec', 'importance': 0.0007227659225463867, 'direction': 'increases_risk'}, {'feature': 'Fwd Pkts/s', 'importance': 0.0006819963455200195, 'direction': 'increases_risk'}, {'feature': 'Flow Pkts/s', 'importance': 0.00018578767776489258, 'direction': 'increases_risk'}, {'feature': 'Fwd Seg Size Min', 'importance': 6.210803985595703e-05, 'direction': 'increases_risk'}]","[{'window_offset': -1, 'importance': 0.000562131404876709}, {'window_offset': 0, 'importance': 0.00016415119171142578}, {'window_offset': -2, 'importance': 5.829334259033203e-05}]"
2018-02-14T10:58:00,2018-02-14T10:57:50,2018-02-14T10:58:00,0.9979070425033568,0.9830410480499268,1,CRITICAL,Exfiltration,medium,"[{'feature': 'Fwd_Bwd_Byte_Ratio', 'reason': 'High relative backward byte volume indicates data exfiltration.'}]",Impact,low,heuristic,1.4305114743873304e-06,stable,"[{'feature': 'Bwd Pkts/s', 'importance': 0.0022951364517211914, 'direction': 'increases_risk'}, {'feature': 'Pkts_Per_Sec', 'importance': 0.0007218718528747559, 'direction': 'increases_risk'}, {'feature': 'Fwd Pkts/s', 'importance': 0.0006781220436096191, 'direction': 'increases_risk'}, {'feature': 'Flow Pkts/s', 'importance': 0.00017911195755004883, 'direction': 'increases_risk'}, {'feature': 'Fwd Seg Size Min', 'importance': 6.127357482910156e-05, 'direction': 'increases_risk'}]","[{'window_offset': -1, 'importance': 0.0005643963813781738}, {'window_offset': 0, 'importance': 0.00017249584197998047}, {'window_offset': -2, 'importance': 5.8770179748535156e-05}]"
2018-02-14T10:58:10,2018-02-14T10:58:00,2018-02-14T10:58:10,0.9979041814804076,0.9830410480499268,1,CRITICAL,Exfiltration,medium,"[{'feature': 'Fwd_Bwd_Byte_Ratio', 'reason': 'High relative backward byte volume indicates data exfiltration.'}]",Impact,low,heuristic,-2.86102294921875e-06,stable,"[{'feature': 'Bwd Pkts/s', 'importance': 0.002288818359375, 'direction': 'increases_risk'}, {'feature': 'Pkts_Per_Sec', 'importance': 0.0007202029228210449, 'direction': 'increases_risk'}, {'feature': 'Fwd Pkts/s', 'importance': 0.0006787776947021484, 'direction': 'increases_risk'}, {'feature': 'Flow Pkts/s', 'importance': 0.0001774430274963379, 'direction': 'increases_risk'}, {'feature': 'Fwd Seg Size Min', 'importance': 6.175041198730469e-05, 'direction': 'increases_risk'}]","[{'window_offset': -1, 'importance': 0.0005666613578796387}, {'window_offset': 0, 'importance': 0.00016701221466064453}, {'window_offset': -2, 'importance': 5.614757537841797e-05}]"
2018-02-14T10:58:20,2018-02-14T10:58:10,2018-02-14T10:58:20,0.9979019165039062,0.9830410480499268,1,CRITICAL,Exfiltration,medium,"[{'feature': 'Fwd_Bwd_Byte_Ratio', 'reason': 'High relative backward byte volume indicates data exfiltration.'}]",Impact,low,heuristic,-2.2649765013538214e-06,stable,"[{'feature': 'Bwd Pkts/s', 'importance': 0.0022742748260498047, 'direction': 'increases_risk'}, {'feature': 'Pkts_Per_Sec', 'importance': 0.0007225275039672852, 'direction': 'increases_risk'}, {'feature': 'Fwd Pkts/s', 'importance': 0.0006809234619140625, 'direction': 'increases_risk'}, {'feature': 'Flow Pkts/s', 'importance': 0.00017970800399780273, 'direction': 'increases_risk'}, {'feature': 'Fwd Seg Size Min', 'importance': 6.127357482910156e-05, 'direction': 'increases_risk'}]","[{'window_offset': -1, 'importance': 0.0005635619163513184}, {'window_offset': 0, 'importance': 0.00016450881958007812}, {'window_offset': -2, 'importance': 5.710124969482422e-05}]"
2018-02-14T10:58:30,2018-02-14T10:58:20,2018-02-14T10:58:30,0.9979038238525392,0.9830410480499268,1,CRITICAL,Exfiltration,medium,"[{'feature': 'Fwd_Bwd_Byte_Ratio', 'reason': 'High relative backward byte volume indicates data exfiltration.'}]",Impact,low,heuristic,1.9073486329235223e-06,stable,"[{'feature': 'Bwd Pkts/s', 'importance': 0.002292335033416748, 'direction': 'increases_risk'}, {'feature': 'Pkts_Per_Sec', 'importance': 0.0007215738296508789, 'direction': 'increases_risk'}, {'feature': 'Fwd Pkts/s', 'importance': 0.0006785392761230469, 'direction': 'increases_risk'}, {'feature': 'Flow Pkts/s', 'importance': 0.0001761317253112793, 'direction': 'increases_risk'}, {'feature': 'Fwd Seg Size Min', 'importance': 6.103515625e-05, 'direction': 'increases_risk'}]","[{'window_offset': -1, 'importance': 0.000564873218536377}, {'window_offset': 0, 'importance': 0.00016939640045166016}, {'window_offset': -2, 'importance': 5.733966827392578e-05}]"
2018-02-14T10:58:40,2018-02-14T10:58:30,2018-02-14T10:58:40,0.9979015588760376,0.9830410480499268,1,CRITICAL,Exfiltration,medium,"[{'feature': 'Fwd_Bwd_Byte_Ratio', 'reason': 'High relative backward byte volume indicates data exfiltration.'}]",Impact,low,heuristic,-2.264976501575866e-06,stable,"[{'feature': 'Bwd Pkts/s', 'importance': 0.0022840499877929688, 'direction': 'increases_risk'}, {'feature': 'Pkts_Per_Sec', 'importance': 0.0007226467132568359, 'direction': 'increases_risk'}, {'feature': 'Fwd Pkts/s', 'importance': 0.0006803274154663086, 'direction': 'increases_risk'}, {'feature': 'Flow Pkts/s', 'importance': 0.0001780390739440918, 'direction': 'increases_risk'}, {'feature': 'Fwd Seg Size Min', 'importance': 6.127357482910156e-05, 'direction': 'increases_risk'}]","[{'window_offset': -1, 'importance': 0.0005651116371154785}, {'window_offset': 0, 'importance': 0.00016486644744873047}, {'window_offset': -2, 'importance': 5.5909156799316406e-05}]"
2018-02-14T10:58:50,2018-02-14T10:58:40,2018-02-14T10:58:50,0.9979065656661988,0.9830410480499268,1,CRITICAL,Exfiltration,medium,"[{'feature': 'Fwd_Bwd_Byte_Ratio', 'reason': 'High relative backward byte volume indicates data exfiltration.'}]",Impact,low,heuristic,5.006790161243835e-06,stable,"[{'feature': 'Bwd Pkts/s', 'importance': 0.0023154020309448242, 'direction': 'increases_risk'}, {'feature': 'Pkts_Per_Sec', 'importance': 0.0007186532020568848, 'direction': 'increases_risk'}, {'feature': 'Fwd Pkts/s', 'importance': 0.000676572322845459, 'direction': 'increases_risk'}, {'feature': 'Flow Pkts/s', 'importance': 0.00017404556274414062, 'direction': 'increases_risk'}, {'feature': 'Fwd Seg Size Min', 'importance': 6.139278411865234e-05, 'direction': 'increases_risk'}]","[{'window_offset': -1, 'importance': 0.0005671381950378418}, {'window_offset': 0, 'importance': 0.00017118453979492188}, {'window_offset': -2, 'importance': 5.829334259033203e-05}]"
2018-02-14T10:59:00,2018-02-14T10:58:50,2018-02-14T10:59:00,0.997907280921936,0.9830410480499268,1,CRITICAL,Exfiltration,medium,"[{'feature': 'Fwd_Bwd_Byte_Ratio', 'reason': 'High relative backward byte volume indicates data exfiltration.'}]",Impact,low,heuristic,7.152557371936652e-07,stable,"[{'feature': 'Bwd Pkts/s', 'importance': 0.0023193359375, 'direction': 'increases_risk'}, {'feature': 'Pkts_Per_Sec', 'importance': 0.0007156729698181152, 'direction': 'increases_risk'}, {'feature': 'Fwd Pkts/s', 'importance': 0.0006764531135559082, 'direction': 'increases_risk'}, {'feature': 'Flow Pkts/s', 'importance': 0.00017535686492919922, 'direction': 'increases_risk'}, {'feature': 'Fwd Seg Size Min', 'importance': 6.246566772460938e-05, 'direction': 'increases_risk'}]","[{'window_offset': -1, 'importance': 0.0005690455436706543}, {'window_offset': 0, 'importance': 0.00016772747039794922}, {'window_offset': -2, 'importance': 5.805492401123047e-05}]"
2018-02-14T10:59:10,2018-02-14T10:59:00,2018-02-14T10:59:10,0.9979081153869628,0.9830410480499268,1,CRITICAL,Exfiltration,medium,"[{'feature': 'Fwd_Bwd_Byte_Ratio', 'reason': 'High relative backward byte volume indicates data exfiltration.'}]",Impact,low,heuristic,8.344650267444464e-07,stable,"[{'feature': 'Bwd Pkts/s', 'importance': 0.0023140311241149902, 'direction': 'increases_risk'}, {'feature': 'Pkts_Per_Sec', 'importance': 0.0007141828536987305, 'direction': 'increases_risk'}, {'feature': 'Fwd Pkts/s', 'importance': 0.000676572322845459, 'direction': 'increases_risk'}, {'feature': 'Flow Pkts/s', 'importance': 0.00017642974853515625, 'direction': 'increases_risk'}, {'feature': 'Fwd Seg Size Min', 'importance': 6.270408630371094e-05, 'direction': 'increases_risk'}]","[{'window_offset': -1, 'importance': 0.0005674958229064941}, {'window_offset': 0, 'importance': 0.00016736984252929688}, {'window_offset': -2, 'importance': 5.984306335449219e-05}]"
2018-02-14T10:59:20,2018-02-14T10:59:10,2018-02-14T10:59:20,0.9979082345962524,0.9830410480499268,1,CRITICAL,Exfiltration,medium,"[{'feature': 'Fwd_Bwd_Byte_Ratio', 'reason': 'High relative backward byte volume indicates data exfiltration.'}]",Impact,low,heuristic,1.1920928966180355e-07,stable,"[{'feature': 'Bwd Pkts/s', 'importance': 0.002307295799255371, 'direction': 'increases_risk'}, {'feature': 'Pkts_Per_Sec', 'importance': 0.0007141828536987305, 'direction': 'increases_risk'}, {'feature': 'Fwd Pkts/s', 'importance': 0.0006768107414245605, 'direction': 'increases_risk'}, {'feature': 'Flow Pkts/s', 'importance': 0.00017708539962768555, 'direction': 'increases_risk'}, {'feature': 'Fwd Seg Size Min', 'importance': 6.270408630371094e-05, 'direction': 'increases_risk'}]","[{'window_offset': -1, 'importance': 0.0005664229393005371}, {'window_offset': 0, 'importance': 0.0001672506332397461}, {'window_offset': -2, 'importance': 5.9723854064941406e-05}]"
2018-02-14T10:59:30,2018-02-14T10:59:20,2018-02-14T10:59:30,0.997905731201172,0.9830410480499268,1,CRITICAL,Exfiltration,medium,"[{'feature': 'Fwd_Bwd_Byte_Ratio', 'reason': 'High relative backward byte volume indicates data exfiltration.'}]",Impact,low,heuristic,-2.503395080455384e-06,stable,"[{'feature': 'Bwd Pkts/s', 'importance': 0.0022895336151123047, 'direction': 'increases_risk'}, {'feature': 'Pkts_Per_Sec', 'importance': 0.0007173418998718262, 'direction': 'increases_risk'}, {'feature': 'Fwd Pkts/s', 'importance': 0.0006790757179260254, 'direction': 'increases_risk'}, {'feature': 'Flow Pkts/s', 'importance': 0.00018042325973510742, 'direction': 'increases_risk'}, {'feature': 'Fwd Seg Size Min', 'importance': 6.23464584350586e-05, 'direction': 'increases_risk'}]","[{'window_offset': -1, 'importance': 0.0005641579627990723}, {'window_offset': 0, 'importance': 0.00016486644744873047}, {'window_offset': -2, 'importance': 5.888938903808594e-05}]"
2018-02-14T10:59:40,2018-02-14T10:59:30,2018-02-14T10:59:40,0.9979116320610046,0.9830410480499268,1,CRITICAL,Exfiltration,medium,"[{'feature': 'Fwd_Bwd_Byte_Ratio', 'reason': 'High relative backward byte volume indicates data exfiltration.'}]",Impact,low,heuristic,5.9008598326526496e-06,stable,"[{'feature': 'Bwd Pkts/s', 'importance': 0.0023264288902282715, 'direction': 'increases_risk'}, {'feature': 'Pkts_Per_Sec', 'importance': 0.0007137656211853027, 'direction': 'increases_risk'}, {'feature': 'Fwd Pkts/s', 'importance': 0.0006741881370544434, 'direction': 'increases_risk'}, {'feature': 'Flow Pkts/s', 'importance': 0.00017529726028442383, 'direction': 'increases_risk'}, {'feature': 'Fwd Seg Size Min', 'importance': 6.216764450073242e-05, 'direction': 'increases_risk'}]","[{'window_offset': -1, 'importance': 0.0005675554275512695}, {'window_offset': 0, 'importance': 0.0001735091209411621}, {'window_offset': -2, 'importance': 6.014108657836914e-05}]"
2018-02-14T10:59:50,2018-02-14T10:59:40,2018-02-14T10:59:50,0.9979084730148317,0.9830410480499268,1,CRITICAL,Exfiltration,medium,"[{'feature': 'Fwd_Bwd_Byte_Ratio', 'reason': 'High relative backward byte volume indicates data exfiltration.'}]",Impact,low,heuristic,-3.159046172984681e-06,stable,"[{'feature': 'Bwd Pkts/s', 'importance': 0.0023071765899658203, 'direction': 'increases_risk'}, {'feature': 'Pkts_Per_Sec', 'importance': 0.0007114410400390625, 'direction': 'increases_risk'}, {'feature': 'Fwd Pkts/s', 'importance': 0.0006753802299499512, 'direction': 'increases_risk'}, {'feature': 'Flow Pkts/s', 'importance': 0.0001760721206665039, 'direction': 'increases_risk'}, {'feature': 'Fwd Seg Size Min', 'importance': 6.318092346191406e-05, 'direction': 'increases_risk'}]","[{'window_offset': -1, 'importance': 0.0005688071250915527}, {'window_offset': 0, 'importance': 0.0001666545867919922}, {'window_offset': -2, 'importance': 5.841255187988281e-05}]"
2018-02-14T11:00:00,2018-02-14T10:59:50,2018-02-14T11:00:00,0.9979079961776732,0.9830410480499268,1,CRITICAL,Exfiltration,medium,"[{'feature': 'Fwd_Bwd_Byte_Ratio', 'reason': 'High relative backward byte volume indicates data exfiltration.'}]",Impact,low,heuristic,-4.768371584251696e-07,stable,"[{'feature': 'Bwd Pkts/s', 'importance': 0.002291560173034668, 'direction': 'increases_risk'}, {'feature': 'Pkts_Per_Sec', 'importance': 0.0007121562957763672, 'direction': 'increases_risk'}, {'feature': 'Fwd Pkts/s', 'importance': 0.0006766915321350098, 'direction': 'increases_risk'}, {'feature': 'Flow Pkts/s', 'importance': 0.00017756223678588867, 'direction': 'increases_risk'}, {'feature': 'Fwd Seg Size Min', 'importance': 6.270408630371094e-05, 'direction': 'increases_risk'}]","[{'window_offset': -1, 'importance': 0.0005655884742736816}, {'window_offset': 0, 'importance': 0.0001659393310546875}, {'window_offset': -2, 'importance': 6.031990051269531e-05}]"
2018-02-14T11:00:10,2018-02-14T11:00:00,2018-02-14T11:00:10,0.9979052543640136,0.9830410480499268,1,CRITICAL,Exfiltration,medium,"[{'feature': 'Fwd_Bwd_Byte_Ratio', 'reason': 'High relative backward byte volume indicates data exfiltration.'}]",Impact,low,heuristic,-2.7418136596679688e-06,stable,"[{'feature': 'Bwd Pkts/s', 'importance': 0.002270519733428955, 'direction': 'increases_risk'}, {'feature': 'Pkts_Per_Sec', 'importance': 0.0007161498069763184, 'direction': 'increases_risk'}, {'feature': 'Fwd Pkts/s', 'importance': 0.0006791949272155762, 'direction': 'increases_risk'}, {'feature': 'Flow Pkts/s', 'importance': 0.00017839670181274414, 'direction': 'increases_risk'}, {'feature': 'Fwd Seg Size Min', 'importance': 6.222724914550781e-05, 'direction': 'increases_risk'}]","[{'window_offset': -1, 'importance': 0.0005623698234558105}, {'window_offset': 0, 'importance': 0.00016546249389648438}, {'window_offset': -2, 'importance': 5.829334259033203e-05}]"
2018-02-14T11:00:20,2018-02-14T11:00:10,2018-02-14T11:00:20,0.9979109168052672,0.9830410480499268,1,CRITICAL,Exfiltration,medium,"[{'feature': 'Fwd_Bwd_Byte_Ratio', 'reason': 'High relative backward byte volume indicates data exfiltration.'}]",Impact,low,heuristic,5.662441253662109e-06,stable,"[{'feature': 'Bwd Pkts/s', 'importance': 0.0023208260536193848, 'direction': 'increases_risk'}, {'feature': 'Pkts_Per_Sec', 'importance': 0.0007137656211853027, 'direction': 'increases_risk'}, {'feature': 'Fwd Pkts/s', 'importance': 0.0006735920906066895, 'direction': 'increases_risk'}, {'feature': 'Flow Pkts/s', 'importance': 0.00017434358596801758, 'direction': 'increases_risk'}, {'feature': 'Fwd Seg Size Min', 'importance': 6.204843521118164e-05, 'direction': 'increases_risk'}]","[{'window_offset': -1, 'importance': 0.0005670785903930664}, {'window_offset': 0, 'importance': 0.00017386674880981445}, {'window_offset': -2, 'importance': 5.990266799926758e-05}]"
2018-02-14T11:00:30,2018-02-14T11:00:20,2018-02-14T11:00:30,0.9979068040847778,0.9830410480499268,1,CRITICAL,Exfiltration,medium,"[{'feature': 'Fwd_Bwd_Byte_Ratio', 'reason': 'High relative backward byte volume indicates data exfiltration.'}]",Impact,low,heuristic,-4.112720489390931e-06,stable,"[{'feature': 'Bwd Pkts/s', 'importance': 0.0022891759872436523, 'direction': 'increases_risk'}, {'feature': 'Pkts_Per_Sec', 'importance': 0.0007142424583435059, 'direction': 'increases_risk'}, {'feature': 'Fwd Pkts/s', 'importance': 0.0006777644157409668, 'direction': 'increases_risk'}, {'feature': 'Flow Pkts/s', 'importance': 0.00017887353897094727, 'direction': 'increases_risk'}, {'feature': 'Fwd Seg Size Min', 'importance': 6.306171417236328e-05, 'direction': 'increases_risk'}]","[{'window_offset': -1, 'importance': 0.0005671381950378418}, {'window_offset': 0, 'importance': 0.00016415119171142578}, {'window_offset': -2, 'importance': 5.7697296142578125e-05}]"
2018-02-14T11:00:40,2018-02-14T11:00:30,2018-02-14T11:00:40,0.9979077577590942,0.9830410480499268,1,CRITICAL,Exfiltration,medium,"[{'feature': 'Fwd_Bwd_Byte_Ratio', 'reason': 'High relative backward byte volume indicates data exfiltration.'}]",Impact,low,heuristic,9.5367431640625e-07,stable,"[{'feature': 'Bwd Pkts/s', 'importance': 0.002289891242980957, 'direction': 'increases_risk'}, {'feature': 'Pkts_Per_Sec', 'importance': 0.0007141232490539551, 'direction': 'increases_risk'}, {'feature': 'Fwd Pkts/s', 'importance': 0.0006768107414245605, 'direction': 'increases_risk'}, {'feature': 'Flow Pkts/s', 'importance': 0.00017696619033813477, 'direction': 'increases_risk'}, {'feature': 'Fwd Seg Size Min', 'importance': 6.222724914550781e-05, 'direction': 'increases_risk'}]","[{'window_offset': -1, 'importance': 0.000564873218536377}, {'window_offset': 0, 'importance': 0.0001685619354248047}, {'window_offset': -2, 'importance': 6.031990051269531e-05}]"
2018-02-14T11:00:50,2018-02-14T11:00:40,2018-02-14T11:00:50,0.9979096055030824,0.9830410480499268,1,CRITICAL,Exfiltration,medium,"[{'feature': 'Fwd_Bwd_Byte_Ratio', 'reason': 'High relative backward byte volume indicates data exfiltration.'}]",Impact,low,heuristic,1.8477439881481317e-06,stable,"[{'feature': 'Bwd Pkts/s', 'importance': 0.0023040771484375, 'direction': 'increases_risk'}, {'feature': 'Pkts_Per_Sec', 'importance': 0.0007125735282897949, 'direction': 'increases_risk'}, {'feature': 'Fwd Pkts/s', 'importance': 0.0006753206253051758, 'direction': 'increases_risk'}, {'feature': 'Flow Pkts/s', 'importance': 0.0001755356788635254, 'direction': 'increases_risk'}, {'feature': 'Fwd Seg Size Min', 'importance': 6.252527236938477e-05, 'direction': 'increases_risk'}]","[{'window_offset': -1, 'importance': 0.0005675554275512695}, {'window_offset': 0, 'importance': 0.00017005205154418945}, {'window_offset': -2, 'importance': 5.906820297241211e-05}]"
2018-02-14T11:01:00,2018-02-14T11:00:50,2018-02-14T11:01:00,0.9979088306427002,0.9830410480499268,1,CRITICAL,Exfiltration,medium,"[{'feature': 'Fwd_Bwd_Byte_Ratio', 'reason': 'High relative backward byte volume indicates data exfiltration.'}]",Impact,low,heuristic,-7.748603821911004e-07,stable,"[{'feature': 'Bwd Pkts/s', 'importance': 0.002295255661010742, 'direction': 'increases_risk'}, {'feature': 'Pkts_Per_Sec', 'importance': 0.0007125139236450195, 'direction': 'increases_risk'}, {'feature': 'Fwd Pkts/s', 'importance': 0.0006763339042663574, 'direction': 'increases_risk'}, {'feature': 'Flow Pkts/s', 'importance': 0.00017720460891723633, 'direction': 'increases_risk'}, {'feature': 'Fwd Seg Size Min', 'importance': 6.29425048828125e-05, 'direction': 'increases_risk'}]","[{'window_offset': -1, 'importance': 0.0005673766136169434}, {'window_offset': 0, 'importance': 0.00016736984252929688}, {'window_offset': -2, 'importance': 5.936622619628906e-05}]"
2018-02-14T11:01:10,2018-02-14T11:01:00,2018-02-14T11:01:10,0.997908353805542,0.9830410480499268,1,CRITICAL,Exfiltration,medium,"[{'feature': 'Fwd_Bwd_Byte_Ratio', 'reason': 'High relative backward byte volume indicates data exfiltration.'}]",Impact,low,heuristic,-4.76837158203125e-07,stable,"[{'feature': 'Bwd Pkts/s', 'importance': 0.0022844672203063965, 'direction': 'increases_risk'}, {'feature': 'Pkts_Per_Sec', 'importance': 0.0007153153419494629, 'direction': 'increases_risk'}, {'feature': 'Fwd Pkts/s', 'importance': 0.0006783604621887207, 'direction': 'increases_risk'}, {'feature': 'Flow Pkts/s', 'importance': 0.00018042325973510742, 'direction': 'increases_risk'}, {'feature': 'Fwd Seg Size Min', 'importance': 6.258487701416016e-05, 'direction': 'increases_risk'}]","[{'window_offset': -1, 'importance': 0.000564873218536377}, {'window_offset': 0, 'importance': 0.00016641616821289062}, {'window_offset': -2, 'importance': 6.008148193359375e-05}]"
2018-02-14T11:01:20,2018-02-14T11:01:10,2018-02-14T11:01:20,0.99791020154953,0.9830410480499268,1,CRITICAL,Exfiltration,medium,"[{'feature': 'Fwd_Bwd_Byte_Ratio', 'reason': 'High relative backward byte volume indicates data exfiltration.'}]",Impact,low,heuristic,1.8477439880371094e-06,stable,"[{'feature': 'Bwd Pkts/s', 'importance': 0.002298295497894287, 'direction': 'increases_risk'}, {'feature': 'Pkts_Per_Sec', 'importance': 0.0007155537605285645, 'direction': 'increases_risk'}, {'feature': 'Fwd Pkts/s', 'importance': 0.0006768703460693359, 'direction': 'increases_risk'}, {'feature': 'Flow Pkts/s', 'importance': 0.00017881393432617188, 'direction': 'increases_risk'}, {'feature': 'Fwd Seg Size Min', 'importance': 6.240606307983398e-05, 'direction': 'increases_risk'}]","[{'window_offset': -1, 'importance': 0.0005660057067871094}, {'window_offset': 0, 'importance': 0.00017052888870239258}, {'window_offset': -2, 'importance': 6.014108657836914e-05}]"
2018-02-14T11:01:30,2018-02-14T11:01:20,2018-02-14T11:01:30,0.9979159235954284,0.9830410480499268,1,CRITICAL,Exfiltration,medium,"[{'feature': 'Fwd_Bwd_Byte_Ratio', 'reason': 'High relative backward byte volume indicates data exfiltration.'}]",Impact,low,heuristic,5.722045898326478e-06,stable,"[{'feature': 'Bwd Pkts/s', 'importance': 0.002335071563720703, 'direction': 'increases_risk'}, {'feature': 'Pkts_Per_Sec', 'importance': 0.0007112026214599609, 'direction': 'increases_risk'}, {'feature': 'Fwd Pkts/s', 'importance': 0.0006731152534484863, 'direction': 'increases_risk'}, {'feature': 'Flow Pkts/s', 'importance': 0.00017637014389038086, 'direction': 'increases_risk'}, {'feature': 'Fwd Seg Size Min', 'importance': 6.335973739624023e-05, 'direction': 'increases_risk'}]","[{'window_offset': -1, 'importance': 0.0005707740783691406}, {'window_offset': 0, 'importance': 0.00017493963241577148}, {'window_offset': -2, 'importance': 6.103515625e-05}]"
2018-02-14T11:01:40,2018-02-14T11:01:30,2018-02-14T11:01:40,0.9979154467582704,0.9830410480499268,1,CRITICAL,Exfiltration,medium,"[{'feature': 'Fwd_Bwd_Byte_Ratio', 'reason': 'High relative backward byte volume indicates data exfiltration.'}]",Impact,low,heuristic,-4.768371579810804e-07,stable,"[{'feature': 'Bwd Pkts/s', 'importance': 0.0023196935653686523, 'direction': 'increases_risk'}, {'feature': 'Pkts_Per_Sec', 'importance': 0.0007098913192749023, 'direction': 'increases_risk'}, {'feature': 'Fwd Pkts/s', 'importance': 0.0006747841835021973, 'direction': 'increases_risk'}, {'feature': 'Flow Pkts/s', 'importance': 0.00018042325973510742, 'direction': 'increases_risk'}, {'feature': 'Fwd Seg Size Min', 'importance': 6.431341171264648e-05, 'direction': 'increases_risk'}]","[{'window_offset': -1, 'importance': 0.0005701780319213867}, {'window_offset': 0, 'importance': 0.0001691579818725586}, {'window_offset': -2, 'importance': 6.186962127685547e-05}]"
2018-02-14T11:01:50,2018-02-14T11:01:40,2018-02-14T11:01:50,0.9979165196418762,0.9830410480499268,1,CRITICAL,Exfiltration,medium,"[{'feature': 'Fwd_Bwd_Byte_Ratio', 'reason': 'High relative backward byte volume indicates data exfiltration.'}]",Impact,low,heuristic,1.072883605846009e-06,stable,"[{'feature': 'Bwd Pkts/s', 'importance': 0.002310037612915039, 'direction': 'increases_risk'}, {'feature': 'Pkts_Per_Sec', 'importance': 0.0007107257843017578, 'direction': 'increases_risk'}, {'feature': 'Fwd Pkts/s', 'importance': 0.0006756186485290527, 'direction': 'increases_risk'}, {'feature': 'Flow Pkts/s', 'importance': 0.0001824498176574707, 'direction': 'increases_risk'}, {'feature': 'Fwd Seg Size Min', 'importance': 6.395578384399414e-05, 'direction': 'increases_risk'}]","[{'window_offset': -1, 'importance': 0.0005673766136169434}, {'window_offset': 0, 'importance': 0.00016987323760986328}, {'window_offset': -2, 'importance': 6.371736526489258e-05}]"
2018-02-14T11:02:00,2018-02-14T11:01:50,2018-02-14T11:02:00,0.9979129433631896,0.9830410480499268,1,CRITICAL,Exfiltration,medium,"[{'feature': 'Fwd_Bwd_Byte_Ratio', 'reason': 'High relative backward byte volume indicates data exfiltration.'}]",Impact,low,heuristic,-3.57627868663446e-06,stable,"[{'feature': 'Bwd Pkts/s', 'importance': 0.0022854208946228027, 'direction': 'increases_risk'}, {'feature': 'Pkts_Per_Sec', 'importance': 0.0007160305976867676, 'direction': 'increases_risk'}, {'feature': 'Fwd Pkts/s', 'importance': 0.0006792545318603516, 'direction': 'increases_risk'}, {'feature': 'Flow Pkts/s', 'importance': 0.00018680095672607422, 'direction': 'increases_risk'}, {'feature': 'Fwd Seg Size Min', 'importance': 6.347894668579102e-05, 'direction': 'increases_risk'}]","[{'window_offset': -1, 'importance': 0.0005643963813781738}, {'window_offset': 0, 'importance': 0.00016689300537109375}, {'window_offset': -2, 'importance': 6.181001663208008e-05}]"
2018-02-14T11:02:10,2018-02-14T11:02:00,2018-02-14T11:02:10,0.9979153275489808,0.9830410480499268,1,CRITICAL,Exfiltration,medium,"[{'feature': 'Fwd_Bwd_Byte_Ratio', 'reason': 'High relative backward byte volume indicates data exfiltration.'}]",Impact,low,heuristic,2.3841857912376696e-06,stable,"[{'feature': 'Bwd Pkts/s', 'importance': 0.002307891845703125, 'direction': 'increases_risk'}, {'feature': 'Pkts_Per_Sec', 'importance': 0.0007163882255554199, 'direction': 'increases_risk'}, {'feature': 'Fwd Pkts/s', 'importance': 0.0006766915321350098, 'direction': 'increases_risk'}, {'feature': 'Flow Pkts/s', 'importance': 0.0001831650733947754, 'direction': 'increases_risk'}, {'feature': 'Fwd Seg Size Min', 'importance': 6.288290023803711e-05, 'direction': 'increases_risk'}]","[{'window_offset': -1, 'importance': 0.0005661845207214355}, {'window_offset': 0, 'importance': 0.00017398595809936523}, {'window_offset': -2, 'importance': 6.210803985595703e-05}]"
2018-02-14T11:02:20,2018-02-14T11:02:10,2018-02-14T11:02:20,0.9979175925254822,0.9830410480499268,1,CRITICAL,Exfiltration,medium,"[{'feature': 'Fwd_Bwd_Byte_Ratio', 'reason': 'High relative backward byte volume indicates data exfiltration.'}]",Impact,low,heuristic,2.2649765013538214e-06,stable,"[{'feature': 'Bwd Pkts/s', 'importance': 0.002326071262359619, 'direction': 'increases_risk'}, {'feature': 'Pkts_Per_Sec', 'importance': 0.0007134079933166504, 'direction': 'increases_risk'}, {'feature': 'Fwd Pkts/s', 'importance': 0.000674903392791748, 'direction': 'increases_risk'}, {'feature': 'Flow Pkts/s', 'importance': 0.0001812577247619629, 'direction': 'increases_risk'}, {'feature': 'Fwd Seg Size Min', 'importance': 6.377696990966797e-05, 'direction': 'increases_risk'}]","[{'window_offset': -1, 'importance': 0.0005703568458557129}, {'window_offset': 0, 'importance': 0.00017398595809936523}, {'window_offset': -2, 'importance': 6.139278411865234e-05}]"
2018-02-14T11:02:30,2018-02-14T11:02:20,2018-02-14T11:02:30,0.9979185461997986,0.9830410480499268,1,CRITICAL,Exfiltration,medium,"[{'feature': 'Fwd_Bwd_Byte_Ratio', 'reason': 'High relative backward byte volume indicates data exfiltration.'}]",Impact,low,heuristic,9.5367431640625e-07,stable,"[{'feature': 'Bwd Pkts/s', 'importance': 0.002324342727661133, 'direction': 'increases_risk'}, {'feature': 'Pkts_Per_Sec', 'importance': 0.0007112026214599609, 'direction': 'increases_risk'}, {'feature': 'Fwd Pkts/s', 'importance': 0.000674903392791748, 'direction': 'increases_risk'}, {'feature': 'Flow Pkts/s', 'importance': 0.00018221139907836914, 'direction': 'increases_risk'}, {'feature': 'Fwd Seg Size Min', 'importance': 6.437301635742188e-05, 'direction': 'increases_risk'}]","[{'window_offset': -1, 'importance': 0.0005703568458557129}, {'window_offset': 0, 'importance': 0.00017201900482177734}, {'window_offset': -2, 'importance': 6.306171417236328e-05}]"
2018-02-14T11:02:40,2018-02-14T11:02:30,2018-02-14T11:02:40,0.9979166388511658,0.9830410480499268,1,CRITICAL,Exfiltration,medium,"[{'feature': 'Fwd_Bwd_Byte_Ratio', 'reason': 'High relative backward byte volume indicates data exfiltration.'}]",Impact,low,heuristic,-1.9073486328125e-06,stable,"[{'feature': 'Bwd Pkts/s', 'importance': 0.0023058652877807617, 'direction': 'increases_risk'}, {'feature': 'Pkts_Per_Sec', 'importance': 0.0007125139236450195, 'direction': 'increases_risk'}, {'feature': 'Fwd Pkts/s', 'importance': 0.0006766915321350098, 'direction': 'increases_risk'}, {'feature': 'Flow Pkts/s', 'importance': 0.0001849532127380371, 'direction': 'increases_risk'}, {'feature': 'Fwd Seg Size Min', 'importance': 6.41942024230957e-05, 'direction': 'increases_risk'}]","[{'window_offset': -1, 'importance': 0.0005676150321960449}, {'window_offset': 0, 'importance': 0.00016939640045166016}, {'window_offset': -2, 'importance': 6.341934204101562e-05}]"
2018-02-14T11:02:50,2018-02-14T11:02:40,2018-02-14T11:02:50,0.9979113936424256,0.9830410480499268,1,CRITICAL,Exfiltration,medium,"[{'feature': 'Fwd_Bwd_Byte_Ratio', 'reason': 'High relative backward byte volume indicates data exfiltration.'}]",Impact,low,heuristic,-5.245208740123353e-06,stable,"[{'feature': 'Bwd Pkts/s', 'importance': 0.002266108989715576, 'direction': 'increases_risk'}, {'feature': 'Pkts_Per_Sec', 'importance': 0.0007213354110717773, 'direction': 'increases_risk'}, {'feature': 'Fwd Pkts/s', 'importance': 0.0006825923919677734, 'direction': 'increases_risk'}, {'feature': 'Flow Pkts/s', 'importance': 0.0001919269561767578, 'direction': 'increases_risk'}, {'feature': 'Fwd Seg Size Min', 'importance': 6.300210952758789e-05, 'direction': 'increases_risk'}]","[{'window_offset': -1, 'importance': 0.0005617737770080566}, {'window_offset': 0, 'importance': 0.00016498565673828125}, {'window_offset': -2, 'importance': 6.157159805297852e-05}]"
2018-02-14T11:03:00,2018-02-14T11:02:50,2018-02-14T11:03:00,0.9979119896888732,0.9830410480499268,1,CRITICAL,Exfiltration,medium,"[{'feature': 'Fwd_Bwd_Byte_Ratio', 'reason': 'High relative backward byte volume indicates data exfiltration.'}]",Impact,low,heuristic,5.960464475318616e-07,stable,"[{'feature': 'Bwd Pkts/s', 'importance': 0.002280890941619873, 'direction': 'increases_risk'}, {'feature': 'Pkts_Per_Sec', 'importance': 0.0007252693176269531, 'direction': 'increases_risk'}, {'feature': 'Fwd Pkts/s', 'importance': 0.0006808042526245117, 'direction': 'increases_risk'}, {'feature': 'Flow Pkts/s', 'importance': 0.0001863241195678711, 'direction': 'increases_risk'}, {'feature': 'Fwd Seg Size Min', 'importance': 6.192922592163086e-05, 'direction': 'increases_risk'}]","[{'window_offset': -1, 'importance': 0.0005617737770080566}, {'window_offset': 0, 'importance': 0.0001742243766784668}, {'window_offset': -2, 'importance': 6.0498714447021484e-05}]"
2018-02-14T11:03:10,2018-02-14T11:03:00,2018-02-14T11:03:10,0.9979129433631896,0.9830410480499268,1,CRITICAL,Exfiltration,medium,"[{'feature': 'Fwd_Bwd_Byte_Ratio', 'reason': 'High relative backward byte volume indicates data exfiltration.'}]",Impact,low,heuristic,9.5367431640625e-07,stable,"[{'feature': 'Bwd Pkts/s', 'importance': 0.0023193359375, 'direction': 'increases_risk'}, {'feature': 'Pkts_Per_Sec', 'importance': 0.0007221698760986328, 'direction': 'increases_risk'}, {'feature': 'Fwd Pkts/s', 'importance': 0.0006773471832275391, 'direction': 'increases_risk'}, {'feature': 'Flow Pkts/s', 'importance': 0.00018167495727539062, 'direction': 'increases_risk'}, {'feature': 'Fwd Seg Size Min', 'importance': 6.22868537902832e-05, 'direction': 'increases_risk'}]","[{'window_offset': -1, 'importance': 0.0005686283111572266}, {'window_offset': 0, 'importance': 0.00017505884170532227}, {'window_offset': -2, 'importance': 5.9485435485839844e-05}]"
2018-02-14T11:03:20,2018-02-14T11:03:10,2018-02-14T11:03:20,0.9979081153869628,0.9830410480499268,1,CRITICAL,Exfiltration,medium,"[{'feature': 'Fwd_Bwd_Byte_Ratio', 'reason': 'High relative backward byte volume indicates data exfiltration.'}]",Impact,low,heuristic,-4.827976226806641e-06,stable,"[{'feature': 'Bwd Pkts/s', 'importance': 0.002287566661834717, 'direction': 'increases_risk'}, {'feature': 'Pkts_Per_Sec', 'importance': 0.0007243752479553223, 'direction': 'increases_risk'}, {'feature': 'Fwd Pkts/s', 'importance': 0.0006819367408752441, 'direction': 'increases_risk'}, {'feature': 'Flow Pkts/s', 'importance': 0.00018650293350219727, 'direction': 'increases_risk'}, {'feature': 'Fwd Seg Size Min', 'importance': 6.258487701416016e-05, 'direction': 'increases_risk'}]","[{'window_offset': -1, 'importance': 0.0005660653114318848}, {'window_offset': 0, 'importance': 0.00016558170318603516}, {'window_offset': -2, 'importance': 5.8650970458984375e-05}]"
2018-02-14T11:03:30,2018-02-14T11:03:20,2018-02-14T11:03:30,0.9979169964790344,0.9830410480499268,1,CRITICAL,Exfiltration,medium,"[{'feature': 'Fwd_Bwd_Byte_Ratio', 'reason': 'High relative backward byte volume indicates data exfiltration.'}]",Impact,low,heuristic,8.881092071644225e-06,stable,"[{'feature': 'Bwd Pkts/s', 'importance': 0.002346038818359375, 'direction': 'increases_risk'}, {'feature': 'Pkts_Per_Sec', 'importance': 0.000719606876373291, 'direction': 'increases_risk'}, {'feature': 'Fwd Pkts/s', 'importance': 0.000675499439239502, 'direction': 'increases_risk'}, {'feature': 'Flow Pkts/s', 'importance': 0.00018078088760375977, 'direction': 'increases_risk'}, {'feature': 'Fwd Seg Size Min', 'importance': 6.23464584350586e-05, 'direction': 'increases_risk'}]","[{'window_offset': -1, 'importance': 0.0005688071250915527}, {'window_offset': 0, 'importance': 0.00017839670181274414}, {'window_offset': -2, 'importance': 6.282329559326172e-05}]"
2018-02-14T11:03:40,2018-02-14T11:03:30,2018-02-14T11:03:40,0.9979140162467957,0.9830410480499268,1,CRITICAL,Exfiltration,medium,"[{'feature': 'Fwd_Bwd_Byte_Ratio', 'reason': 'High relative backward byte volume indicates data exfiltration.'}]",Impact,low,heuristic,-2.9802322387695312e-06,stable,"[{'feature': 'Bwd Pkts/s', 'importance': 0.0023310184478759766, 'direction': 'increases_risk'}, {'feature': 'Pkts_Per_Sec', 'importance': 0.000715792179107666, 'direction': 'increases_risk'}, {'feature': 'Fwd Pkts/s', 'importance': 0.0006763339042663574, 'direction': 'increases_risk'}, {'feature': 'Flow Pkts/s', 'importance': 0.00018090009689331055, 'direction': 'increases_risk'}, {'feature': 'Fwd Seg Size Min', 'importance': 6.371736526489258e-05, 'direction': 'increases_risk'}]","[{'window_offset': -1, 'importance': 0.000571131706237793}, {'window_offset': 0, 'importance': 0.00017017126083374023}, {'window_offset': -2, 'importance': 5.996227264404297e-05}]"
2018-02-14T11:03:50,2018-02-14T11:03:40,2018-02-14T11:03:50,0.9979154467582704,0.9830410480499268,1,CRITICAL,Exfiltration,medium,"[{'feature': 'Fwd_Bwd_Byte_Ratio', 'reason': 'High relative backward byte volume indicates data exfiltration.'}]",Impact,low,heuristic,1.4305114747203973e-06,stable,"[{'feature': 'Bwd Pkts/s', 'importance': 0.002325117588043213, 'direction': 'increases_risk'}, {'feature': 'Pkts_Per_Sec', 'importance': 0.0007148385047912598, 'direction': 'increases_risk'}, {'feature': 'Fwd Pkts/s', 'importance': 0.0006768107414245605, 'direction': 'increases_risk'}, {'feature': 'Flow Pkts/s', 'importance': 0.00018280744552612305, 'direction': 'increases_risk'}, {'feature': 'Fwd Seg Size Min', 'importance': 6.347894668579102e-05, 'direction': 'increases_risk'}]","[{'window_offset': -1, 'importance': 0.0005683302879333496}, {'window_offset': 0, 'importance': 0.0001703500747680664}, {'window_offset': -2, 'importance': 6.312131881713867e-05}]"
2018-02-14T11:04:00,2018-02-14T11:03:50,2018-02-14T11:04:00,0.9979148507118224,0.9830410480499268,1,CRITICAL,Exfiltration,medium,"[{'feature': 'Fwd_Bwd_Byte_Ratio', 'reason': 'High relative backward byte volume indicates data exfiltration.'}]",Impact,low,heuristic,-5.960464479759509e-07,stable,"[{'feature': 'Bwd Pkts/s', 'importance': 0.0023154616355895996, 'direction': 'increases_risk'}, {'feature': 'Pkts_Per_Sec', 'importance': 0.0007159113883972168, 'direction': 'increases_risk'}, {'feature': 'Fwd Pkts/s', 'importance': 0.0006777644157409668, 'direction': 'increases_risk'}, {'feature': 'Flow Pkts/s', 'importance': 0.00018405914306640625, 'direction': 'increases_risk'}, {'feature': 'Fwd Seg Size Min', 'importance': 6.347894668579102e-05, 'direction': 'increases_risk'}]","[{'window_offset': -1, 'importance': 0.0005671381950378418}, {'window_offset': 0, 'importance': 0.00016993284225463867}, {'window_offset': -2, 'importance': 6.240606307983398e-05}]"
2018-02-14T11:04:10,2018-02-14T11:04:00,2018-02-14T11:04:10,0.9979137778282166,0.9830410480499268,1,CRITICAL,Exfiltration,medium,"[{'feature': 'Fwd_Bwd_Byte_Ratio', 'reason': 'High relative backward byte volume indicates data exfiltration.'}]",Impact,low,heuristic,-1.072883605846009e-06,stable,"[{'feature': 'Bwd Pkts/s', 'importance': 0.0023050308227539062, 'direction': 'increases_risk'}, {'feature': 'Pkts_Per_Sec', 'importance': 0.000717461109161377, 'direction': 'increases_risk'}, {'feature': 'Fwd Pkts/s', 'importance': 0.0006786584854125977, 'direction': 'increases_risk'}, {'feature': 'Flow Pkts/s', 'importance': 0.00018453598022460938, 'direction': 'increases_risk'}, {'feature': 'Fwd Seg Size Min', 'importance': 6.312131881713867e-05, 'direction': 'increases_risk'}]","[{'window_offset': -1, 'importance': 0.0005660653114318848}, {'window_offset': 0, 'importance': 0.00017017126083374023}, {'window_offset': -2, 'importance': 6.145238876342773e-05}]"
2018-02-14T11:04:20,2018-02-14T11:04:10,2018-02-14T11:04:20,0.9979173541069032,0.9830410480499268,1,CRITICAL,Exfiltration,medium,"[{'feature': 'Fwd_Bwd_Byte_Ratio', 'reason': 'High relative backward byte volume indicates data exfiltration.'}]",Impact,low,heuristic,3.57627868663446e-06,stable,"[{'feature': 'Bwd Pkts/s', 'importance': 0.0023314356803894043, 'direction': 'increases_risk'}, {'feature': 'Pkts_Per_Sec', 'importance': 0.0007149577140808105, 'direction': 'increases_risk'}, {'feature': 'Fwd Pkts/s', 'importance': 0.000675499439239502, 'direction': 'increases_risk'}, {'feature': 'Flow Pkts/s', 'importance': 0.0001811385154724121, 'direction': 'increases_risk'}, {'feature': 'Fwd Seg Size Min', 'importance': 6.330013275146484e-05, 'direction': 'increases_risk'}]","[{'window_offset': -1, 'importance': 0.0005689263343811035}, {'window_offset': 0, 'importance': 0.0001748204231262207}, {'window_offset': -2, 'importance': 6.222724914550781e-05}]"
2018-02-14T11:04:30,2018-02-14T11:04:20,2018-02-14T11:04:30,0.9979169964790344,0.9830410480499268,1,CRITICAL,Exfiltration,medium,"[{'feature': 'Fwd_Bwd_Byte_Ratio', 'reason': 'High relative backward byte volume indicates data exfiltration.'}]",Impact,low,heuristic,-3.5762786876336605e-07,stable,"[{'feature': 'Bwd Pkts/s', 'importance': 0.002328336238861084, 'direction': 'increases_risk'}, {'feature': 'Pkts_Per_Sec', 'importance': 0.000713646411895752, 'direction': 'increases_risk'}, {'feature': 'Fwd Pkts/s', 'importance': 0.0006758570671081543, 'direction': 'increases_risk'}, {'feature': 'Flow Pkts/s', 'importance': 0.0001830458641052246, 'direction': 'increases_risk'}, {'feature': 'Fwd Seg Size Min', 'importance': 6.395578384399414e-05, 'direction': 'increases_risk'}]","[{'window_offset': -1, 'importance': 0.0005698800086975098}, {'window_offset': 0, 'importance': 0.0001710653305053711}, {'window_offset': -2, 'importance': 6.198883056640625e-05}]"
2018-02-14T11:04:40,2018-02-14T11:04:30,2018-02-14T11:04:40,0.9979130625724792,0.9830410480499268,1,CRITICAL,Exfiltration,medium,"[{'feature': 'Fwd_Bwd_Byte_Ratio', 'reason': 'High relative backward byte volume indicates data exfiltration.'}]",Impact,low,heuristic,-3.933906555175781e-06,stable,"[{'feature': 'Bwd Pkts/s', 'importance': 0.002296149730682373, 'direction': 'increases_risk'}, {'feature': 'Pkts_Per_Sec', 'importance': 0.0007173418998718262, 'direction': 'increases_risk'}, {'feature': 'Fwd Pkts/s', 'importance': 0.0006797313690185547, 'direction': 'increases_risk'}, {'feature': 'Flow Pkts/s', 'importance': 0.00018727779388427734, 'direction': 'increases_risk'}, {'feature': 'Fwd Seg Size Min', 'importance': 6.347894668579102e-05, 'direction': 'increases_risk'}]","[{'window_offset': -1, 'importance': 0.0005653500556945801}, {'window_offset': 0, 'importance': 0.00016677379608154297}, {'window_offset': -2, 'importance': 6.22868537902832e-05}]"
2018-02-14T11:04:50,2018-02-14T11:04:40,2018-02-14T11:04:50,0.9979168772697448,0.9830410480499268,1,CRITICAL,Exfiltration,medium,"[{'feature': 'Fwd_Bwd_Byte_Ratio', 'reason': 'High relative backward byte volume indicates data exfiltration.'}]",Impact,low,heuristic,3.8146972655139777e-06,stable,"[{'feature': 'Bwd Pkts/s', 'importance': 0.0023238658905029297, 'direction': 'increases_risk'}, {'feature': 'Pkts_Per_Sec', 'importance': 0.0007149577140808105, 'direction': 'increases_risk'}, {'feature': 'Fwd Pkts/s', 'importance': 0.0006752610206604004, 'direction': 'increases_risk'}, {'feature': 'Flow Pkts/s', 'importance': 0.0001811385154724121, 'direction': 'increases_risk'}, {'feature': 'Fwd Seg Size Min', 'importance': 6.29425048828125e-05, 'direction': 'increases_risk'}]","[{'window_offset': -1, 'importance': 0.0005673766136169434}, {'window_offset': 0, 'importance': 0.00017565488815307617}, {'window_offset': -2, 'importance': 6.282329559326172e-05}]"
2018-02-14T11:05:00,2018-02-14T11:04:50,2018-02-14T11:05:00,0.9979107975959778,0.9830410480499268,1,CRITICAL,Exfiltration,medium,"[{'feature': 'Fwd_Bwd_Byte_Ratio', 'reason': 'High relative backward byte volume indicates data exfiltration.'}]",Impact,low,heuristic,-6.0796737669788214e-06,stable,"[{'feature': 'Bwd Pkts/s', 'importance': 0.0022891759872436523, 'direction': 'increases_risk'}, {'feature': 'Pkts_Per_Sec', 'importance': 0.0007172822952270508, 'direction': 'increases_risk'}, {'feature': 'Fwd Pkts/s', 'importance': 0.0006793737411499023, 'direction': 'increases_risk'}, {'feature': 'Flow Pkts/s', 'importance': 0.00018489360809326172, 'direction': 'increases_risk'}, {'feature': 'Fwd Seg Size Min', 'importance': 6.335973739624023e-05, 'direction': 'increases_risk'}]","[{'window_offset': -1, 'importance': 0.0005666017532348633}, {'window_offset': 0, 'importance': 0.0001659989356994629}, {'window_offset': -2, 'importance': 5.930662155151367e-05}]"
2018-02-14T11:05:10,2018-02-14T11:05:00,2018-02-14T11:05:10,0.997913897037506,0.9830410480499268,1,CRITICAL,Exfiltration,medium,"[{'feature': 'Fwd_Bwd_Byte_Ratio', 'reason': 'High relative backward byte volume indicates data exfiltration.'}]",Impact,low,heuristic,3.09944152820929e-06,stable,"[{'feature': 'Bwd Pkts/s', 'importance': 0.0023088455200195312, 'direction': 'increases_risk'}, {'feature': 'Pkts_Per_Sec', 'importance': 0.0007171034812927246, 'direction': 'increases_risk'}, {'feature': 'Fwd Pkts/s', 'importance': 0.0006769299507141113, 'direction': 'increases_risk'}, {'feature': 'Flow Pkts/s', 'importance': 0.00018197298049926758, 'direction': 'increases_risk'}, {'feature': 'Fwd Seg Size Min', 'importance': 6.264448165893555e-05, 'direction': 'increases_risk'}]","[{'window_offset': -1, 'importance': 0.0005663037300109863}, {'window_offset': 0, 'importance': 0.00017303228378295898}, {'window_offset': -2, 'importance': 6.216764450073242e-05}]"
2018-02-14T11:05:20,2018-02-14T11:05:10,2018-02-14T11:05:20,0.9979131817817688,0.9830410480499268,1,CRITICAL,Exfiltration,medium,"[{'feature': 'Fwd_Bwd_Byte_Ratio', 'reason': 'High relative backward byte volume indicates data exfiltration.'}]",Impact,low,heuristic,-7.152557371936652e-07,stable,"[{'feature': 'Bwd Pkts/s', 'importance': 0.0023106932640075684, 'direction': 'increases_risk'}, {'feature': 'Pkts_Per_Sec', 'importance': 0.0007169842720031738, 'direction': 'increases_risk'}, {'feature': 'Fwd Pkts/s', 'importance': 0.0006774663925170898, 'direction': 'increases_risk'}, {'feature': 'Flow Pkts/s', 'importance': 0.00018274784088134766, 'direction': 'increases_risk'}, {'feature': 'Fwd Seg Size Min', 'importance': 6.324052810668945e-05, 'direction': 'increases_risk'}]","[{'window_offset': -1, 'importance': 0.0005681514739990234}, {'window_offset': 0, 'importance': 0.00017029047012329102}, {'window_offset': -2, 'importance': 6.03795051574707e-05}]"
2018-02-14T11:05:30,2018-02-14T11:05:20,2018-02-14T11:05:30,0.9979159235954284,0.9830410480499268,1,CRITICAL,Exfiltration,medium,"[{'feature': 'Fwd_Bwd_Byte_Ratio', 'reason': 'High relative backward byte volume indicates data exfiltration.'}]",Impact,low,heuristic,2.7418136595569464e-06,stable,"[{'feature': 'Bwd Pkts/s', 'importance': 0.0023248791694641113, 'direction': 'increases_risk'}, {'feature': 'Pkts_Per_Sec', 'importance': 0.0007142424583435059, 'direction': 'increases_risk'}, {'feature': 'Fwd Pkts/s', 'importance': 0.000675499439239502, 'direction': 'increases_risk'}, {'feature': 'Flow Pkts/s', 'importance': 0.00018101930618286133, 'direction': 'increases_risk'}, {'feature': 'Fwd Seg Size Min', 'importance': 6.324052810668945e-05, 'direction': 'increases_risk'}]","[{'window_offset': -1, 'importance': 0.0005689263343811035}, {'window_offset': 0, 'importance': 0.00017267465591430664}, {'window_offset': -2, 'importance': 6.210803985595703e-05}]"
2018-02-14T11:05:40,2018-02-14T11:05:30,2018-02-14T11:05:40,0.997914731502533,0.9830410480499268,1,CRITICAL,Exfiltration,medium,"[{'feature': 'Fwd_Bwd_Byte_Ratio', 'reason': 'High relative backward byte volume indicates data exfiltration.'}]",Impact,low,heuristic,-1.1920928953967902e-06,stable,"[{'feature': 'Bwd Pkts/s', 'importance': 0.0023121237754821777, 'direction': 'increases_risk'}, {'feature': 'Pkts_Per_Sec', 'importance': 0.0007126927375793457, 'direction': 'increases_risk'}, {'feature': 'Fwd Pkts/s', 'importance': 0.0006760954856872559, 'direction': 'increases_risk'}, {'feature': 'Flow Pkts/s', 'importance': 0.0001812577247619629, 'direction': 'increases_risk'}, {'feature': 'Fwd Seg Size Min', 'importance': 6.371736526489258e-05, 'direction': 'increases_risk'}]","[{'window_offset': -1, 'importance': 0.0005687475204467773}, {'window_offset': 0, 'importance': 0.0001696944236755371}, {'window_offset': -2, 'importance': 6.151199340820312e-05}]"
2018-02-14T11:05:50,2018-02-14T11:05:40,2018-02-14T11:05:50,0.9979153275489808,0.9830410480499268,1,CRITICAL,Exfiltration,medium,"[{'feature': 'Fwd_Bwd_Byte_Ratio', 'reason': 'High relative backward byte volume indicates data exfiltration.'}]",Impact,low,heuristic,5.960464478649286e-07,stable,"[{'feature': 'Bwd Pkts/s', 'importance': 0.0023037195205688477, 'direction': 'increases_risk'}, {'feature': 'Pkts_Per_Sec', 'importance': 0.0007125735282897949, 'direction': 'increases_risk'}, {'feature': 'Fwd Pkts/s', 'importance': 0.0006768107414245605, 'direction': 'increases_risk'}, {'feature': 'Flow Pkts/s', 'importance': 0.00018066167831420898, 'direction': 'increases_risk'}, {'feature': 'Fwd Seg Size Min', 'importance': 6.371736526489258e-05, 'direction': 'increases_risk'}]","[{'window_offset': -1, 'importance': 0.0005667805671691895}, {'window_offset': 0, 'importance': 0.00017076730728149414}, {'window_offset': -2, 'importance': 6.210803985595703e-05}]"
2018-02-14T11:06:00,2018-02-14T11:05:50,2018-02-14T11:06:00,0.9979109168052672,0.9830410480499268,1,CRITICAL,Exfiltration,medium,"[{'feature': 'Fwd_Bwd_Byte_Ratio', 'reason': 'High relative backward byte volume indicates data exfiltration.'}]",Impact,low,heuristic,-4.410743713600951e-06,stable,"[{'feature': 'Bwd Pkts/s', 'importance': 0.002283632755279541, 'direction': 'increases_risk'}, {'feature': 'Pkts_Per_Sec', 'importance': 0.0007166266441345215, 'direction': 'increases_risk'}, {'feature': 'Fwd Pkts/s', 'importance': 0.0006791353225708008, 'direction': 'increases_risk'}, {'feature': 'Flow Pkts/s', 'importance': 0.00018346309661865234, 'direction': 'increases_risk'}, {'feature': 'Fwd Seg Size Min', 'importance': 6.300210952758789e-05, 'direction': 'increases_risk'}]","[{'window_offset': -1, 'importance': 0.0005645155906677246}, {'window_offset': 0, 'importance': 0.0001665949821472168}, {'window_offset': -2, 'importance': 6.085634231567383e-05}]"
2018-02-14T11:06:10,2018-02-14T11:06:00,2018-02-14T11:06:10,0.9979099631309508,0.9830410480499268,1,CRITICAL,Exfiltration,medium,"[{'feature': 'Fwd_Bwd_Byte_Ratio', 'reason': 'High relative backward byte volume indicates data exfiltration.'}]",Impact,low,heuristic,-9.5367431640625e-07,stable,"[{'feature': 'Bwd Pkts/s', 'importance': 0.0022788643836975098, 'direction': 'increases_risk'}, {'feature': 'Pkts_Per_Sec', 'importance': 0.0007218122482299805, 'direction': 'increases_risk'}, {'feature': 'Fwd Pkts/s', 'importance': 0.0006810426712036133, 'direction': 'increases_risk'}, {'feature': 'Flow Pkts/s', 'importance': 0.0001862049102783203, 'direction': 'increases_risk'}, {'feature': 'Fwd Seg Size Min', 'importance': 6.240606307983398e-05, 'direction': 'increases_risk'}]","[{'window_offset': -1, 'importance': 0.0005630850791931152}, {'window_offset': 0, 'importance': 0.00016826391220092773}, {'window_offset': -2, 'importance': 6.026029586791992e-05}]"
2018-02-14T11:06:20,2018-02-14T11:06:10,2018-02-14T11:06:20,0.9979121088981628,0.9830410480499268,1,CRITICAL,Exfiltration,medium,"[{'feature': 'Fwd_Bwd_Byte_Ratio', 'reason': 'High relative backward byte volume indicates data exfiltration.'}]",Impact,low,heuristic,2.145767212025085e-06,stable,"[{'feature': 'Bwd Pkts/s', 'importance': 0.0023050308227539062, 'direction': 'increases_risk'}, {'feature': 'Pkts_Per_Sec', 'importance': 0.0007224082946777344, 'direction': 'increases_risk'}, {'feature': 'Fwd Pkts/s', 'importance': 0.0006791353225708008, 'direction': 'increases_risk'}, {'feature': 'Flow Pkts/s', 'importance': 0.0001837015151977539, 'direction': 'increases_risk'}, {'feature': 'Fwd Seg Size Min', 'importance': 6.216764450073242e-05, 'direction': 'increases_risk'}]","[{'window_offset': -1, 'importance': 0.000565946102142334}, {'window_offset': 0, 'importance': 0.00017303228378295898}, {'window_offset': -2, 'importance': 5.990266799926758e-05}]"
2018-02-14T11:06:30,2018-02-14T11:06:20,2018-02-14T11:06:30,0.9979162812232972,0.9830410480499268,1,CRITICAL,Exfiltration,medium,"[{'feature': 'Fwd_Bwd_Byte_Ratio', 'reason': 'High relative backward byte volume indicates data exfiltration.'}]",Impact,low,heuristic,4.172325134388366e-06,stable,"[{'feature': 'Bwd Pkts/s', 'importance': 0.0023406147956848145, 'direction': 'increases_risk'}, {'feature': 'Pkts_Per_Sec', 'importance': 0.0007167458534240723, 'direction': 'increases_risk'}, {'feature': 'Fwd Pkts/s', 'importance': 0.0006751418113708496, 'direction': 'increases_risk'}, {'feature': 'Flow Pkts/s', 'importance': 0.0001793503761291504, 'direction': 'increases_risk'}, {'feature': 'Fwd Seg Size Min', 'importance': 6.306171417236328e-05, 'direction': 'increases_risk'}]","[{'window_offset': -1, 'importance': 0.0005710124969482422}, {'window_offset': 0, 'importance': 0.00017577409744262695}, {'window_offset': -2, 'importance': 6.0677528381347656e-05}]"
2018-02-14T11:06:40,2018-02-14T11:06:30,2018-02-14T11:06:40,0.9979155659675598,0.9830410480499268,1,CRITICAL,Exfiltration,medium,"[{'feature': 'Fwd_Bwd_Byte_Ratio', 'reason': 'High relative backward byte volume indicates data exfiltration.'}]",Impact,low,heuristic,-7.152557374157098e-07,stable,"[{'feature': 'Bwd Pkts/s', 'importance': 0.0023322105407714844, 'direction': 'increases_risk'}, {'feature': 'Pkts_Per_Sec', 'importance': 0.0007148385047912598, 'direction': 'increases_risk'}, {'feature': 'Fwd Pkts/s', 'importance': 0.000676572322845459, 'direction': 'increases_risk'}, {'feature': 'Flow Pkts/s', 'importance': 0.00018292665481567383, 'direction': 'increases_risk'}, {'feature': 'Fwd Seg Size Min', 'importance': 6.395578384399414e-05, 'direction': 'increases_risk'}]","[{'window_offset': -1, 'importance': 0.0005702972412109375}, {'window_offset': 0, 'importance': 0.00016963481903076172}, {'window_offset': -2, 'importance': 6.175041198730469e-05}]"
2018-02-14T11:06:50,2018-02-14T11:06:40,2018-02-14T11:06:50,0.9979196190834044,0.9830410480499268,1,CRITICAL,Exfiltration,medium,"[{'feature': 'Fwd_Bwd_Byte_Ratio', 'reason': 'High relative backward byte volume indicates data exfiltration.'}]",Impact,low,heuristic,4.05311584461554e-06,stable,"[{'feature': 'Bwd Pkts/s', 'importance': 0.0023439526557922363, 'direction': 'increases_risk'}, {'feature': 'Pkts_Per_Sec', 'importance': 0.0007110834121704102, 'direction': 'increases_risk'}, {'feature': 'Fwd Pkts/s', 'importance': 0.000673830509185791, 'direction': 'increases_risk'}, {'feature': 'Flow Pkts/s', 'importance': 0.00018066167831420898, 'direction': 'increases_risk'}, {'feature': 'Fwd Seg Size Min', 'importance': 6.389617919921875e-05, 'direction': 'increases_risk'}]","[{'window_offset': -1, 'importance': 0.0005698800086975098}, {'window_offset': 0, 'importance': 0.00017404556274414062}, {'window_offset': -2, 'importance': 6.42538070678711e-05}]"
2018-02-14T11:07:00,2018-02-14T11:06:50,2018-02-14T11:07:00,0.997912585735321,0.9830410480499268,1,CRITICAL,Exfiltration,medium,"[{'feature': 'Fwd_Bwd_Byte_Ratio', 'reason': 'High relative backward byte volume indicates data exfiltration.'}]",Impact,low,heuristic,-7.0333480833850714e-06,stable,"[{'feature': 'Bwd Pkts/s', 'importance': 0.0022940635681152344, 'direction': 'increases_risk'}, {'feature': 'Pkts_Per_Sec', 'importance': 0.0007146000862121582, 'direction': 'increases_risk'}, {'feature': 'Fwd Pkts/s', 'importance': 0.0006788969039916992, 'direction': 'increases_risk'}, {'feature': 'Flow Pkts/s', 'importance': 0.00018596649169921875, 'direction': 'increases_risk'}, {'feature': 'Fwd Seg Size Min', 'importance': 6.395578384399414e-05, 'direction': 'increases_risk'}]","[{'window_offset': -1, 'importance': 0.0005660653114318848}, {'window_offset': 0, 'importance': 0.0001652240753173828}, {'window_offset': -2, 'importance': 6.133317947387695e-05}]"
2018-02-14T11:07:10,2018-02-14T11:07:00,2018-02-14T11:07:10,0.9979141354560852,0.9830410480499268,1,CRITICAL,Exfiltration,medium,"[{'feature': 'Fwd_Bwd_Byte_Ratio', 'reason': 'High relative backward byte volume indicates data exfiltration.'}]",Impact,low,heuristic,1.5497207641601562e-06,stable,"[{'feature': 'Bwd Pkts/s', 'importance': 0.002300441265106201, 'direction': 'increases_risk'}, {'feature': 'Pkts_Per_Sec', 'importance': 0.0007172226905822754, 'direction': 'increases_risk'}, {'feature': 'Fwd Pkts/s', 'importance': 0.000677943229675293, 'direction': 'increases_risk'}, {'feature': 'Flow Pkts/s', 'importance': 0.00018453598022460938, 'direction': 'increases_risk'}, {'feature': 'Fwd Seg Size Min', 'importance': 6.288290023803711e-05, 'direction': 'increases_risk'}]","[{'window_offset': -1, 'importance': 0.0005645155906677246}, {'window_offset': 0, 'importance': 0.0001717209815979004}, {'window_offset': -2, 'importance': 6.288290023803711e-05}]"
2018-02-14T11:07:20,2018-02-14T11:07:10,2018-02-14T11:07:20,0.9979128241539,0.9830410480499268,1,CRITICAL,Exfiltration,medium,"[{'feature': 'Fwd_Bwd_Byte_Ratio', 'reason': 'High relative backward byte volume indicates data exfiltration.'}]",Impact,low,heuristic,-1.311302185169616e-06,stable,"[{'feature': 'Bwd Pkts/s', 'importance': 0.0023032426834106445, 'direction': 'increases_risk'}, {'feature': 'Pkts_Per_Sec', 'importance': 0.0007184147834777832, 'direction': 'increases_risk'}, {'feature': 'Fwd Pkts/s', 'importance': 0.0006781816482543945, 'direction': 'increases_risk'}, {'feature': 'Flow Pkts/s', 'importance': 0.00018405914306640625, 'direction': 'increases_risk'}, {'feature': 'Fwd Seg Size Min', 'importance': 6.300210952758789e-05, 'direction': 'increases_risk'}]","[{'window_offset': -1, 'importance': 0.0005667805671691895}, {'window_offset': 0, 'importance': 0.00017088651657104492}, {'window_offset': -2, 'importance': 6.026029586791992e-05}]"
2018-02-14T11:07:30,2018-02-14T11:07:20,2018-02-14T11:07:30,0.9979193806648254,0.9830410480499268,1,CRITICAL,Exfiltration,medium,"[{'feature': 'Fwd_Bwd_Byte_Ratio', 'reason': 'High relative backward byte volume indicates data exfiltration.'}]",Impact,low,heuristic,6.556510925403991e-06,stable,"[{'feature': 'Bwd Pkts/s', 'importance': 0.002344667911529541, 'direction': 'increases_risk'}, {'feature': 'Pkts_Per_Sec', 'importance': 0.0007137060165405273, 'direction': 'increases_risk'}, {'feature': 'Fwd Pkts/s', 'importance': 0.0006737112998962402, 'direction': 'increases_risk'}, {'feature': 'Flow Pkts/s', 'importance': 0.00018030405044555664, 'direction': 'increases_risk'}, {'feature': 'Fwd Seg Size Min', 'importance': 6.341934204101562e-05, 'direction': 'increases_risk'}]","[{'window_offset': -1, 'importance': 0.000570833683013916}, {'window_offset': 0, 'importance': 0.00017696619033813477}, {'window_offset': -2, 'importance': 6.270408630371094e-05}]"
2018-02-14T11:07:40,2018-02-14T11:07:30,2018-02-14T11:07:40,0.9979150891304016,0.9830410480499268,1,CRITICAL,Exfiltration,medium,"[{'feature': 'Fwd_Bwd_Byte_Ratio', 'reason': 'High relative backward byte volume indicates data exfiltration.'}]",Impact,low,heuristic,-4.291534423828125e-06,stable,"[{'feature': 'Bwd Pkts/s', 'importance': 0.002313673496246338, 'direction': 'increases_risk'}, {'feature': 'Pkts_Per_Sec', 'importance': 0.0007125735282897949, 'direction': 'increases_risk'}, {'feature': 'Fwd Pkts/s', 'importance': 0.0006763339042663574, 'direction': 'increases_risk'}, {'feature': 'Flow Pkts/s', 'importance': 0.00018328428268432617, 'direction': 'increases_risk'}, {'feature': 'Fwd Seg Size Min', 'importance': 6.431341171264648e-05, 'direction': 'increases_risk'}]","[{'window_offset': -1, 'importance': 0.0005695819854736328}, {'window_offset': 0, 'importance': 0.00016832351684570312}, {'window_offset': -2, 'importance': 6.151199340820312e-05}]"
2018-02-14T11:07:50,2018-02-14T11:07:40,2018-02-14T11:07:50,0.9979190230369568,0.9830410480499268,1,CRITICAL,Exfiltration,medium,"[{'feature': 'Fwd_Bwd_Byte_Ratio', 'reason': 'High relative backward byte volume indicates data exfiltration.'}]",Impact,low,heuristic,3.933906555175781e-06,stable,"[{'feature': 'Bwd Pkts/s', 'importance': 0.0023256540298461914, 'direction': 'increases_risk'}, {'feature': 'Pkts_Per_Sec', 'importance': 0.0007110834121704102, 'direction': 'increases_risk'}, {'feature': 'Fwd Pkts/s', 'importance': 0.0006743073463439941, 'direction': 'increases_risk'}, {'feature': 'Flow Pkts/s', 'importance': 0.00018173456192016602, 'direction': 'increases_risk'}, {'feature': 'Fwd Seg Size Min', 'importance': 6.389617919921875e-05, 'direction': 'increases_risk'}]","[{'window_offset': -1, 'importance': 0.0005685687065124512}, {'window_offset': 0, 'importance': 0.00017368793487548828}, {'window_offset': -2, 'importance': 6.449222564697266e-05}]"
2018-02-14T11:08:00,2018-02-14T11:07:50,2018-02-14T11:08:00,0.9979131817817688,0.9830410480499268,1,CRITICAL,Exfiltration,medium,"[{'feature': 'Fwd_Bwd_Byte_Ratio', 'reason': 'High relative backward byte volume indicates data exfiltration.'}]",Impact,low,heuristic,-5.841255187988281e-06,stable,"[{'feature': 'Bwd Pkts/s', 'importance': 0.0022843480110168457, 'direction': 'increases_risk'}, {'feature': 'Pkts_Per_Sec', 'importance': 0.0007162690162658691, 'direction': 'increases_risk'}, {'feature': 'Fwd Pkts/s', 'importance': 0.0006797313690185547, 'direction': 'increases_risk'}, {'feature': 'Flow Pkts/s', 'importance': 0.0001881122589111328, 'direction': 'increases_risk'}, {'feature': 'Fwd Seg Size Min', 'importance': 6.383657455444336e-05, 'direction': 'increases_risk'}]","[{'window_offset': -1, 'importance': 0.0005652308464050293}, {'window_offset': 0, 'importance': 0.00016546249389648438}, {'window_offset': -2, 'importance': 6.133317947387695e-05}]"
2018-02-14T11:08:10,2018-02-14T11:08:00,2018-02-14T11:08:10,0.9979141354560852,0.9830410480499268,1,CRITICAL,Exfiltration,medium,"[{'feature': 'Fwd_Bwd_Byte_Ratio', 'reason': 'High relative backward byte volume indicates data exfiltration.'}]",Impact,low,heuristic,9.5367431640625e-07,stable,"[{'feature': 'Bwd Pkts/s', 'importance': 0.0022951364517211914, 'direction': 'increases_risk'}, {'feature': 'Pkts_Per_Sec', 'importance': 0.0007186532020568848, 'direction': 'increases_risk'}, {'feature': 'Fwd Pkts/s', 'importance': 0.0006781816482543945, 'direction': 'increases_risk'}, {'feature': 'Flow Pkts/s', 'importance': 0.00018513202667236328, 'direction': 'increases_risk'}, {'feature': 'Fwd Seg Size Min', 'importance': 6.264448165893555e-05, 'direction': 'increases_risk'}]","[{'window_offset': -1, 'importance': 0.0005643963813781738}, {'window_offset': 0, 'importance': 0.00017279386520385742}, {'window_offset': -2, 'importance': 6.252527236938477e-05}]"
2018-02-14T11:08:20,2018-02-14T11:08:10,2018-02-14T11:08:20,0.997916042804718,0.9830410480499268,1,CRITICAL,Exfiltration,medium,"[{'feature': 'Fwd_Bwd_Byte_Ratio', 'reason': 'High relative backward byte volume indicates data exfiltration.'}]",Impact,low,heuristic,1.9073486328125e-06,stable,"[{'feature': 'Bwd Pkts/s', 'importance': 0.0023177266120910645, 'direction': 'increases_risk'}, {'feature': 'Pkts_Per_Sec', 'importance': 0.0007175803184509277, 'direction': 'increases_risk'}, {'feature': 'Fwd Pkts/s', 'importance': 0.0006769299507141113, 'direction': 'increases_risk'}, {'feature': 'Flow Pkts/s', 'importance': 0.00018352270126342773, 'direction': 'increases_risk'}, {'feature': 'Fwd Seg Size Min', 'importance': 6.324052810668945e-05, 'direction': 'increases_risk'}]","[{'window_offset': -1, 'importance': 0.0005688071250915527}, {'window_offset': 0, 'importance': 0.00017386674880981445}, {'window_offset': -2, 'importance': 6.103515625e-05}]"
2018-02-14T11:08:30,2018-02-14T11:08:20,2018-02-14T11:08:30,0.9979153275489808,0.9830410480499268,1,CRITICAL,Exfiltration,medium,"[{'feature': 'Fwd_Bwd_Byte_Ratio', 'reason': 'High relative backward byte volume indicates data exfiltration.'}]",Impact,low,heuristic,-7.152557371936652e-07,stable,"[{'feature': 'Bwd Pkts/s', 'importance': 0.0023131966590881348, 'direction': 'increases_risk'}, {'feature': 'Pkts_Per_Sec', 'importance': 0.0007166266441345215, 'direction': 'increases_risk'}, {'feature': 'Fwd Pkts/s', 'importance': 0.0006774067878723145, 'direction': 'increases_risk'}, {'feature': 'Flow Pkts/s', 'importance': 0.00018417835235595703, 'direction': 'increases_risk'}, {'feature': 'Fwd Seg Size Min', 'importance': 6.347894668579102e-05, 'direction': 'increases_risk'}]","[{'window_offset': -1, 'importance': 0.000568687915802002}, {'window_offset': 0, 'importance': 0.00017064809799194336}, {'window_offset': -2, 'importance': 6.151199340820312e-05}]"
2018-02-14T11:08:40,2018-02-14T11:08:30,2018-02-14T11:08:40,0.9979199767112732,0.9830410480499268,1,CRITICAL,Exfiltration,medium,"[{'feature': 'Fwd_Bwd_Byte_Ratio', 'reason': 'High relative backward byte volume indicates data exfiltration.'}]",Impact,low,heuristic,4.6491622923694464e-06,stable,"[{'feature': 'Bwd Pkts/s', 'importance': 0.002333223819732666, 'direction': 'increases_risk'}, {'feature': 'Pkts_Per_Sec', 'importance': 0.0007143020629882812, 'direction': 'increases_risk'}, {'feature': 'Fwd Pkts/s', 'importance': 0.0006753802299499512, 'direction': 'increases_risk'}, {'feature': 'Flow Pkts/s', 'importance': 0.0001818537712097168, 'direction': 'increases_risk'}, {'feature': 'Fwd Seg Size Min', 'importance': 6.389617919921875e-05, 'direction': 'increases_risk'}]","[{'window_offset': -1, 'importance': 0.0005690455436706543}, {'window_offset': 0, 'importance': 0.00017529726028442383}, {'window_offset': -2, 'importance': 6.330013275146484e-05}]"
2018-02-14T11:08:50,2018-02-14T11:08:40,2018-02-14T11:08:50,0.9979158043861388,0.9830410480499268,1,CRITICAL,Exfiltration,medium,"[{'feature': 'Fwd_Bwd_Byte_Ratio', 'reason': 'High relative backward byte volume indicates data exfiltration.'}]",Impact,low,heuristic,-4.172325134388366e-06,stable,"[{'feature': 'Bwd Pkts/s', 'importance': 0.0023145079612731934, 'direction': 'increases_risk'}, {'feature': 'Pkts_Per_Sec', 'importance': 0.0007140040397644043, 'direction': 'increases_risk'}, {'feature': 'Fwd Pkts/s', 'importance': 0.0006768107414245605, 'direction': 'increases_risk'}, {'feature': 'Flow Pkts/s', 'importance': 0.00018364191055297852, 'direction': 'increases_risk'}, {'feature': 'Fwd Seg Size Min', 'importance': 6.395578384399414e-05, 'direction': 'increases_risk'}]","[{'window_offset': -1, 'importance': 0.0005682110786437988}, {'window_offset': 0, 'importance': 0.0001690387725830078}, {'window_offset': -2, 'importance': 6.23464584350586e-05}]"
2018-02-14T11:09:00,2018-02-14T11:08:50,2018-02-14T11:09:00,0.9979191422462464,0.9830410480499268,1,CRITICAL,Exfiltration,medium,"[{'feature': 'Fwd_Bwd_Byte_Ratio', 'reason': 'High relative backward byte volume indicates data exfiltration.'}]",Impact,low,heuristic,3.3378601076439196e-06,stable,"[{'feature': 'Bwd Pkts/s', 'importance': 0.002324342727661133, 'direction': 'increases_risk'}, {'feature': 'Pkts_Per_Sec', 'importance': 0.0007123947143554688, 'direction': 'increases_risk'}, {'feature': 'Fwd Pkts/s', 'importance': 0.0006753802299499512, 'direction': 'increases_risk'}, {'feature': 'Flow Pkts/s', 'importance': 0.00018256902694702148, 'direction': 'increases_risk'}, {'feature': 'Fwd Seg Size Min', 'importance': 6.401538848876953e-05, 'direction': 'increases_risk'}]","[{'window_offset': -1, 'importance': 0.0005685687065124512}, {'window_offset': 0, 'importance': 0.0001735687255859375}, {'window_offset': -2, 'importance': 6.389617919921875e-05}]"
2018-02-14T11:09:10,2018-02-14T11:09:00,2018-02-14T11:09:10,0.9979148507118224,0.9830410480499268,1,CRITICAL,Exfiltration,medium,"[{'feature': 'Fwd_Bwd_Byte_Ratio', 'reason': 'High relative backward byte volume indicates data exfiltration.'}]",Impact,low,heuristic,-4.29153442405017e-06,stable,"[{'feature': 'Bwd Pkts/s', 'importance': 0.002294778823852539, 'direction': 'increases_risk'}, {'feature': 'Pkts_Per_Sec', 'importance': 0.0007151961326599121, 'direction': 'increases_risk'}, {'feature': 'Fwd Pkts/s', 'importance': 0.0006786584854125977, 'direction': 'increases_risk'}, {'feature': 'Flow Pkts/s', 'importance': 0.00018608570098876953, 'direction': 'increases_risk'}, {'feature': 'Fwd Seg Size Min', 'importance': 6.395578384399414e-05, 'direction': 'increases_risk'}]","[{'window_offset': -1, 'importance': 0.0005666613578796387}, {'window_offset': 0, 'importance': 0.00016796588897705078}, {'window_offset': -2, 'importance': 6.16908073425293e-05}]"
2018-02-14T11:09:20,2018-02-14T11:09:10,2018-02-14T11:09:20,0.9979162812232972,0.9830410480499268,1,CRITICAL,Exfiltration,medium,"[{'feature': 'Fwd_Bwd_Byte_Ratio', 'reason': 'High relative backward byte volume indicates data exfiltration.'}]",Impact,low,heuristic,1.4305114748314196e-06,stable,"[{'feature': 'Bwd Pkts/s', 'importance': 0.0023035407066345215, 'direction': 'increases_risk'}, {'feature': 'Pkts_Per_Sec', 'importance': 0.000717461109161377, 'direction': 'increases_risk'}, {'feature': 'Fwd Pkts/s', 'importance': 0.0006782412528991699, 'direction': 'increases_risk'}, {'feature': 'Flow Pkts/s', 'importance': 0.0001857280731201172, 'direction': 'increases_risk'}, {'feature': 'Fwd Seg Size Min', 'importance': 6.324052810668945e-05, 'direction': 'increases_risk'}]","[{'window_offset': -1, 'importance': 0.0005657076835632324}, {'window_offset': 0, 'importance': 0.00017243623733520508}, {'window_offset': -2, 'importance': 6.306171417236328e-05}]"
2018-02-14T11:09:30,2018-02-14T11:09:20,2018-02-14T11:09:30,0.9979150891304016,0.9830410480499268,1,CRITICAL,Exfiltration,medium,"[{'feature': 'Fwd_Bwd_Byte_Ratio', 'reason': 'High relative backward byte volume indicates data exfiltration.'}]",Impact,low,heuristic,-1.1920928956188348e-06,stable,"[{'feature': 'Bwd Pkts/s', 'importance': 0.002305150032043457, 'direction': 'increases_risk'}, {'feature': 'Pkts_Per_Sec', 'importance': 0.0007199645042419434, 'direction': 'increases_risk'}, {'feature': 'Fwd Pkts/s', 'importance': 0.0006793737411499023, 'direction': 'increases_risk'}, {'feature': 'Flow Pkts/s', 'importance': 0.00018727779388427734, 'direction': 'increases_risk'}, {'feature': 'Fwd Seg Size Min', 'importance': 6.335973739624023e-05, 'direction': 'increases_risk'}]","[{'window_offset': -1, 'importance': 0.0005666613578796387}, {'window_offset': 0, 'importance': 0.0001710057258605957}, {'window_offset': -2, 'importance': 6.139278411865234e-05}]"
2018-02-14T11:09:40,2018-02-14T11:09:30,2018-02-14T11:09:40,0.9979152083396912,0.9830410480499268,1,CRITICAL,Exfiltration,medium,"[{'feature': 'Fwd_Bwd_Byte_Ratio', 'reason': 'High relative backward byte volume indicates data exfiltration.'}]",Impact,low,heuristic,1.1920928955078125e-07,stable,"[{'feature': 'Bwd Pkts/s', 'importance': 0.002308964729309082, 'direction': 'increases_risk'}, {'feature': 'Pkts_Per_Sec', 'importance': 0.0007211565971374512, 'direction': 'increases_risk'}, {'feature': 'Fwd Pkts/s', 'importance': 0.0006794929504394531, 'direction': 'increases_risk'}, {'feature': 'Flow Pkts/s', 'importance': 0.00018715858459472656, 'direction': 'increases_risk'}, {'feature': 'Fwd Seg Size Min', 'importance': 6.300210952758789e-05, 'direction': 'increases_risk'}]","[{'window_offset': -1, 'importance': 0.0005665421485900879}, {'window_offset': 0, 'importance': 0.0001716017723083496}, {'window_offset': -2, 'importance': 6.175041198730469e-05}]"
2018-02-14T11:09:50,2018-02-14T11:09:40,2018-02-14T11:09:50,0.9979167580604552,0.9830410480499268,1,CRITICAL,Exfiltration,medium,"[{'feature': 'Fwd_Bwd_Byte_Ratio', 'reason': 'High relative backward byte volume indicates data exfiltration.'}]",Impact,low,heuristic,1.549720764049134e-06,stable,"[{'feature': 'Bwd Pkts/s', 'importance': 0.002327263355255127, 'direction': 'increases_risk'}, {'feature': 'Pkts_Per_Sec', 'importance': 0.0007181763648986816, 'direction': 'increases_risk'}, {'feature': 'Fwd Pkts/s', 'importance': 0.0006769299507141113, 'direction': 'increases_risk'}, {'feature': 'Flow Pkts/s', 'importance': 0.00018328428268432617, 'direction': 'increases_risk'}, {'feature': 'Fwd Seg Size Min', 'importance': 6.318092346191406e-05, 'direction': 'increases_risk'}]","[{'window_offset': -1, 'importance': 0.0005689263343811035}, {'window_offset': 0, 'importance': 0.00017434358596801758}, {'window_offset': -2, 'importance': 6.186962127685547e-05}]"
2018-02-14T11:10:00,2018-02-14T11:09:50,2018-02-14T11:10:00,0.9979116320610046,0.9830410480499268,1,CRITICAL,Exfiltration,medium,"[{'feature': 'Fwd_Bwd_Byte_Ratio', 'reason': 'High relative backward byte volume indicates data exfiltration.'}]",Impact,low,heuristic,-5.1259994505725714e-06,stable,"[{'feature': 'Bwd Pkts/s', 'importance': 0.002296149730682373, 'direction': 'increases_risk'}, {'feature': 'Pkts_Per_Sec', 'importance': 0.0007205009460449219, 'direction': 'increases_risk'}, {'feature': 'Fwd Pkts/s', 'importance': 0.0006806850433349609, 'direction': 'increases_risk'}, {'feature': 'Flow Pkts/s', 'importance': 0.00018715858459472656, 'direction': 'increases_risk'}, {'feature': 'Fwd Seg Size Min', 'importance': 6.324052810668945e-05, 'direction': 'increases_risk'}]","[{'window_offset': -1, 'importance': 0.0005663633346557617}, {'window_offset': 0, 'importance': 0.0001665949821472168}, {'window_offset': -2, 'importance': 6.026029586791992e-05}]"
2018-02-14T11:10:10,2018-02-14T11:10:00,2018-02-14T11:10:10,0.997913420200348,0.9830410480499268,1,CRITICAL,Exfiltration,medium,"[{'feature': 'Fwd_Bwd_Byte_Ratio', 'reason': 'High relative backward byte volume indicates data exfiltration.'}]",Impact,low,heuristic,1.788139343372741e-06,stable,"[{'feature': 'Bwd Pkts/s', 'importance': 0.002310454845428467, 'direction': 'increases_risk'}, {'feature': 'Pkts_Per_Sec', 'importance': 0.0007197856903076172, 'direction': 'increases_risk'}, {'feature': 'Fwd Pkts/s', 'importance': 0.0006780624389648438, 'direction': 'increases_risk'}, {'feature': 'Flow Pkts/s', 'importance': 0.00018286705017089844, 'direction': 'increases_risk'}, {'feature': 'Fwd Seg Size Min', 'importance': 6.240606307983398e-05, 'direction': 'increases_risk'}]","[{'window_offset': -1, 'importance': 0.0005660653114318848}, {'window_offset': 0, 'importance': 0.00017303228378295898}, {'window_offset': -2, 'importance': 6.16908073425293e-05}]"
2018-02-14T11:10:20,2018-02-14T11:10:10,2018-02-14T11:10:20,0.997913658618927,0.9830410480499268,1,CRITICAL,Exfiltration,medium,"[{'feature': 'Fwd_Bwd_Byte_Ratio', 'reason': 'High relative backward byte volume indicates data exfiltration.'}]",Impact,low,heuristic,2.384185789905402e-07,stable,"[{'feature': 'Bwd Pkts/s', 'importance': 0.002319812774658203, 'direction': 'increases_risk'}, {'feature': 'Pkts_Per_Sec', 'importance': 0.0007186532020568848, 'direction': 'increases_risk'}, {'feature': 'Fwd Pkts/s', 'importance': 0.0006778240203857422, 'direction': 'increases_risk'}, {'feature': 'Flow Pkts/s', 'importance': 0.00018274784088134766, 'direction': 'increases_risk'}, {'feature': 'Fwd Seg Size Min', 'importance': 6.300210952758789e-05, 'direction': 'increases_risk'}]","[{'window_offset': -1, 'importance': 0.0005685091018676758}, {'window_offset': 0, 'importance': 0.00017124414443969727}, {'window_offset': -2, 'importance': 6.031990051269531e-05}]"
2018-02-14T11:10:30,2018-02-14T11:10:20,2018-02-14T11:10:30,0.9979137778282166,0.9830410480499268,1,CRITICAL,Exfiltration,medium,"[{'feature': 'Fwd_Bwd_Byte_Ratio', 'reason': 'High relative backward byte volume indicates data exfiltration.'}]",Impact,low,heuristic,1.1920928955078125e-07,stable,"[{'feature': 'Bwd Pkts/s', 'importance': 0.0023183822631835938, 'direction': 'increases_risk'}, {'feature': 'Pkts_Per_Sec', 'importance': 0.0007180571556091309, 'direction': 'increases_risk'}, {'feature': 'Fwd Pkts/s', 'importance': 0.000677943229675293, 'direction': 'increases_risk'}, {'feature': 'Flow Pkts/s', 'importance': 0.00018346309661865234, 'direction': 'increases_risk'}, {'feature': 'Fwd Seg Size Min', 'importance': 6.312131881713867e-05, 'direction': 'increases_risk'}]","[{'window_offset': -1, 'importance': 0.0005677938461303711}, {'window_offset': 0, 'importance': 0.00017017126083374023}, {'window_offset': -2, 'importance': 6.133317947387695e-05}]"
2018-02-14T11:10:40,2018-02-14T11:10:30,2018-02-14T11:10:40,0.9979131817817688,0.9830410480499268,1,CRITICAL,Exfiltration,medium,"[{'feature': 'Fwd_Bwd_Byte_Ratio', 'reason': 'High relative backward byte volume indicates data exfiltration.'}]",Impact,low,heuristic,-5.960464477539062e-07,stable,"[{'feature': 'Bwd Pkts/s', 'importance': 0.0023127198219299316, 'direction': 'increases_risk'}, {'feature': 'Pkts_Per_Sec', 'importance': 0.0007187724113464355, 'direction': 'increases_risk'}, {'feature': 'Fwd Pkts/s', 'importance': 0.0006787776947021484, 'direction': 'increases_risk'}, {'feature': 'Flow Pkts/s', 'importance': 0.0001842975616455078, 'direction': 'increases_risk'}, {'feature': 'Fwd Seg Size Min', 'importance': 6.300210952758789e-05, 'direction': 'increases_risk'}]","[{'window_offset': -1, 'importance': 0.0005667805671691895}, {'window_offset': 0, 'importance': 0.00016945600509643555}, {'window_offset': -2, 'importance': 6.133317947387695e-05}]"
2018-02-14T11:10:50,2018-02-14T11:10:40,2018-02-14T11:10:50,0.9979119896888732,0.9830410480499268,1,CRITICAL,Exfiltration,medium,"[{'feature': 'Fwd_Bwd_Byte_Ratio', 'reason': 'High relative backward byte volume indicates data exfiltration.'}]",Impact,low,heuristic,-1.1920928956188348e-06,stable,"[{'feature': 'Bwd Pkts/s', 'importance': 0.002310335636138916, 'direction': 'increases_risk'}, {'feature': 'Pkts_Per_Sec', 'importance': 0.0007178187370300293, 'direction': 'increases_risk'}, {'feature': 'Fwd Pkts/s', 'importance': 0.0006778240203857422, 'direction': 'increases_risk'}, {'feature': 'Flow Pkts/s', 'importance': 0.00018203258514404297, 'direction': 'increases_risk'}, {'feature': 'Fwd Seg Size Min', 'importance': 6.264448165893555e-05, 'direction': 'increases_risk'}]","[{'window_offset': -1, 'importance': 0.0005666017532348633}, {'window_offset': 0, 'importance': 0.00017017126083374023}, {'window_offset': -2, 'importance': 6.0617923736572266e-05}]"
2018-02-14T11:11:00,2018-02-14T11:10:50,2018-02-14T11:11:00,0.9979106783866882,0.9830410480499268,1,CRITICAL,Exfiltration,medium,"[{'feature': 'Fwd_Bwd_Byte_Ratio', 'reason': 'High relative backward byte volume indicates data exfiltration.'}]",Impact,low,heuristic,-1.3113021849475714e-06,stable,"[{'feature': 'Bwd Pkts/s', 'importance': 0.002301812171936035, 'direction': 'increases_risk'}, {'feature': 'Pkts_Per_Sec', 'importance': 0.0007187128067016602, 'direction': 'increases_risk'}, {'feature': 'Fwd Pkts/s', 'importance': 0.0006791353225708008, 'direction': 'increases_risk'}, {'feature': 'Flow Pkts/s', 'importance': 0.00018286705017089844, 'direction': 'increases_risk'}, {'feature': 'Fwd Seg Size Min', 'importance': 6.276369094848633e-05, 'direction': 'increases_risk'}]","[{'window_offset': -1, 'importance': 0.0005663633346557617}, {'window_offset': 0, 'importance': 0.00016838312149047852}, {'window_offset': -2, 'importance': 5.990266799926758e-05}]"
2018-02-14T11:11:10,2018-02-14T11:11:00,2018-02-14T11:11:10,0.997905969619751,0.9830410480499268,1,CRITICAL,Exfiltration,medium,"[{'feature': 'Fwd_Bwd_Byte_Ratio', 'reason': 'High relative backward byte volume indicates data exfiltration.'}]",Impact,low,heuristic,-4.708766937255859e-06,stable,"[{'feature': 'Bwd Pkts/s', 'importance': 0.0022771358489990234, 'direction': 'increases_risk'}, {'feature': 'Pkts_Per_Sec', 'importance': 0.0007224678993225098, 'direction': 'increases_risk'}, {'feature': 'Fwd Pkts/s', 'importance': 0.0006815195083618164, 'direction': 'increases_risk'}, {'feature': 'Flow Pkts/s', 'importance': 0.00018411874771118164, 'direction': 'increases_risk'}, {'feature': 'Fwd Seg Size Min', 'importance': 6.198883056640625e-05, 'direction': 'increases_risk'}]","[{'window_offset': -1, 'importance': 0.000563204288482666}, {'window_offset': 0, 'importance': 0.00016570091247558594}, {'window_offset': -2, 'importance': 5.8650970458984375e-05}]"
2018-02-14T11:11:20,2018-02-14T11:11:10,2018-02-14T11:11:20,0.9979058504104614,0.9830410480499268,1,CRITICAL,Exfiltration,medium,"[{'feature': 'Fwd_Bwd_Byte_Ratio', 'reason': 'High relative backward byte volume indicates data exfiltration.'}]",Impact,low,heuristic,-1.1920928955078125e-07,stable,"[{'feature': 'Bwd Pkts/s', 'importance': 0.002287626266479492, 'direction': 'increases_risk'}, {'feature': 'Pkts_Per_Sec', 'importance': 0.0007257461547851562, 'direction': 'increases_risk'}, {'feature': 'Fwd Pkts/s', 'importance': 0.0006810426712036133, 'direction': 'increases_risk'}, {'feature': 'Flow Pkts/s', 'importance': 0.00018364191055297852, 'direction': 'increases_risk'}, {'feature': 'Fwd Seg Size Min', 'importance': 6.139278411865234e-05, 'direction': 'increases_risk'}]","[{'window_offset': -1, 'importance': 0.000563204288482666}, {'window_offset': 0, 'importance': 0.0001691579818725586}, {'window_offset': -2, 'importance': 5.841255187988281e-05}]"
2018-02-14T11:11:30,2018-02-14T11:11:20,2018-02-14T11:11:30,0.9979111552238464,0.9830410480499268,1,CRITICAL,Exfiltration,medium,"[{'feature': 'Fwd_Bwd_Byte_Ratio', 'reason': 'High relative backward byte volume indicates data exfiltration.'}]",Impact,low,heuristic,5.304813385009766e-06,stable,"[{'feature': 'Bwd Pkts/s', 'importance': 0.0023267269134521484, 'direction': 'increases_risk'}, {'feature': 'Pkts_Per_Sec', 'importance': 0.0007214546203613281, 'direction': 'increases_risk'}, {'feature': 'Fwd Pkts/s', 'importance': 0.0006771087646484375, 'direction': 'increases_risk'}, {'feature': 'Flow Pkts/s', 'importance': 0.00017780065536499023, 'direction': 'increases_risk'}, {'feature': 'Fwd Seg Size Min', 'importance': 6.192922592163086e-05, 'direction': 'increases_risk'}]","[{'window_offset': -1, 'importance': 0.0005677938461303711}, {'window_offset': 0, 'importance': 0.00017458200454711914}, {'window_offset': -2, 'importance': 5.84721565246582e-05}]"
2018-02-14T11:11:40,2018-02-14T11:11:30,2018-02-14T11:11:40,0.997913658618927,0.9830410480499268,1,CRITICAL,Exfiltration,medium,"[{'feature': 'Fwd_Bwd_Byte_Ratio', 'reason': 'High relative backward byte volume indicates data exfiltration.'}]",Impact,low,heuristic,2.5033950805664062e-06,stable,"[{'feature': 'Bwd Pkts/s', 'importance': 0.0023553967475891113, 'direction': 'increases_risk'}, {'feature': 'Pkts_Per_Sec', 'importance': 0.0007142424583435059, 'direction': 'increases_risk'}, {'feature': 'Fwd Pkts/s', 'importance': 0.0006734728813171387, 'direction': 'increases_risk'}, {'feature': 'Flow Pkts/s', 'importance': 0.0001754164695739746, 'direction': 'increases_risk'}, {'feature': 'Fwd Seg Size Min', 'importance': 6.300210952758789e-05, 'direction': 'increases_risk'}]","[{'window_offset': -1, 'importance': 0.0005719661712646484}, {'window_offset': 0, 'importance': 0.00017279386520385742}, {'window_offset': -2, 'importance': 6.020069122314453e-05}]"
2018-02-14T11:11:50,2018-02-14T11:11:40,2018-02-14T11:11:50,0.9979141354560852,0.9830410480499268,1,CRITICAL,Exfiltration,medium,"[{'feature': 'Fwd_Bwd_Byte_Ratio', 'reason': 'High relative backward byte volume indicates data exfiltration.'}]",Impact,low,heuristic,4.76837158203125e-07,stable,"[{'feature': 'Bwd Pkts/s', 'importance': 0.0023400187492370605, 'direction': 'increases_risk'}, {'feature': 'Pkts_Per_Sec', 'importance': 0.0007100105285644531, 'direction': 'increases_risk'}, {'feature': 'Fwd Pkts/s', 'importance': 0.0006739497184753418, 'direction': 'increases_risk'}, {'feature': 'Flow Pkts/s', 'importance': 0.00017768144607543945, 'direction': 'increases_risk'}, {'feature': 'Fwd Seg Size Min', 'importance': 6.395578384399414e-05, 'direction': 'increases_risk'}]","[{'window_offset': -1, 'importance': 0.0005706548690795898}, {'window_offset': 0, 'importance': 0.00016880035400390625}, {'window_offset': -2, 'importance': 6.16908073425293e-05}]"
2018-02-14T11:12:00,2018-02-14T11:11:50,2018-02-14T11:12:00,0.9979109168052672,0.9830410480499268,1,CRITICAL,Exfiltration,medium,"[{'feature': 'Fwd_Bwd_Byte_Ratio', 'reason': 'High relative backward byte volume indicates data exfiltration.'}]",Impact,low,heuristic,-3.218650817982116e-06,stable,"[{'feature': 'Bwd Pkts/s', 'importance': 0.0023012161254882812, 'direction': 'increases_risk'}, {'feature': 'Pkts_Per_Sec', 'importance': 0.0007116198539733887, 'direction': 'increases_risk'}, {'feature': 'Fwd Pkts/s', 'importance': 0.0006769895553588867, 'direction': 'increases_risk'}, {'feature': 'Flow Pkts/s', 'importance': 0.00018107891082763672, 'direction': 'increases_risk'}, {'feature': 'Fwd Seg Size Min', 'importance': 6.35981559753418e-05, 'direction': 'increases_risk'}]","[{'window_offset': -1, 'importance': 0.0005657672882080078}, {'window_offset': 0, 'importance': 0.0001652240753173828}, {'window_offset': -2, 'importance': 6.192922592163086e-05}]"
2018-02-14T11:12:10,2018-02-14T11:12:00,2018-02-14T11:12:10,0.9979116320610046,0.9830410480499268,1,CRITICAL,Exfiltration,medium,"[{'feature': 'Fwd_Bwd_Byte_Ratio', 'reason': 'High relative backward byte volume indicates data exfiltration.'}]",Impact,low,heuristic,7.152557374157098e-07,stable,"[{'feature': 'Bwd Pkts/s', 'importance': 0.0022999048233032227, 'direction': 'increases_risk'}, {'feature': 'Pkts_Per_Sec', 'importance': 0.0007135272026062012, 'direction': 'increases_risk'}, {'feature': 'Fwd Pkts/s', 'importance': 0.0006766319274902344, 'direction': 'increases_risk'}, {'feature': 'Flow Pkts/s', 'importance': 0.00018024444580078125, 'direction': 'increases_risk'}, {'feature': 'Fwd Seg Size Min', 'importance': 6.288290023803711e-05, 'direction': 'increases_risk'}]","[{'window_offset': -1, 'importance': 0.000564873218536377}, {'window_offset': 0, 'importance': 0.00016945600509643555}, {'window_offset': -2, 'importance': 6.145238876342773e-05}]"
2018-02-14T11:12:20,2018-02-14T11:12:10,2018-02-14T11:12:20,0.9979105591773988,0.9830410480499268,1,CRITICAL,Exfiltration,medium,"[{'feature': 'Fwd_Bwd_Byte_Ratio', 'reason': 'High relative backward byte volume indicates data exfiltration.'}]",Impact,low,heuristic,-1.072883605846009e-06,stable,"[{'feature': 'Bwd Pkts/s', 'importance': 0.002299070358276367, 'direction': 'increases_risk'}, {'feature': 'Pkts_Per_Sec', 'importance': 0.0007134079933166504, 'direction': 'increases_risk'}, {'feature': 'Fwd Pkts/s', 'importance': 0.000676274299621582, 'direction': 'increases_risk'}, {'feature': 'Flow Pkts/s', 'importance': 0.00017887353897094727, 'direction': 'increases_risk'}, {'feature': 'Fwd Seg Size Min', 'importance': 6.288290023803711e-05, 'direction': 'increases_risk'}]","[{'window_offset': -1, 'importance': 0.0005667209625244141}, {'window_offset': 0, 'importance': 0.00016957521438598633}, {'window_offset': -2, 'importance': 5.9664249420166016e-05}]"
2018-02-14T11:12:30,2018-02-14T11:12:20,2018-02-14T11:12:30,0.9979146122932434,0.9830410480499268,1,CRITICAL,Exfiltration,medium,"[{'feature': 'Fwd_Bwd_Byte_Ratio', 'reason': 'High relative backward byte volume indicates data exfiltration.'}]",Impact,low,heuristic,4.05311584461554e-06,stable,"[{'feature': 'Bwd Pkts/s', 'importance': 0.0023202896118164062, 'direction': 'increases_risk'}, {'feature': 'Pkts_Per_Sec', 'importance': 0.0007110238075256348, 'direction': 'increases_risk'}, {'feature': 'Fwd Pkts/s', 'importance': 0.0006741881370544434, 'direction': 'increases_risk'}, {'feature': 'Flow Pkts/s', 'importance': 0.00017756223678588867, 'direction': 'increases_risk'}, {'feature': 'Fwd Seg Size Min', 'importance': 6.335973739624023e-05, 'direction': 'increases_risk'}]","[{'window_offset': -1, 'importance': 0.0005691051483154297}, {'window_offset': 0, 'importance': 0.00017255544662475586}, {'window_offset': -2, 'importance': 6.127357482910156e-05}]"
2018-02-14T11:12:40,2018-02-14T11:12:30,2018-02-14T11:12:40,0.9979098439216614,0.9830410480499268,1,CRITICAL,Exfiltration,medium,"[{'feature': 'Fwd_Bwd_Byte_Ratio', 'reason': 'High relative backward byte volume indicates data exfiltration.'}]",Impact,low,heuristic,-4.76837158203125e-06,stable,"[{'feature': 'Bwd Pkts/s', 'importance': 0.002285003662109375, 'direction': 'increases_risk'}, {'feature': 'Pkts_Per_Sec', 'importance': 0.0007137656211853027, 'direction': 'increases_risk'}, {'feature': 'Fwd Pkts/s', 'importance': 0.0006781816482543945, 'direction': 'increases_risk'}, {'feature': 'Flow Pkts/s', 'importance': 0.00018227100372314453, 'direction': 'increases_risk'}, {'feature': 'Fwd Seg Size Min', 'importance': 6.347894668579102e-05, 'direction': 'increases_risk'}]","[{'window_offset': -1, 'importance': 0.0005661249160766602}, {'window_offset': 0, 'importance': 0.00016504526138305664}, {'window_offset': -2, 'importance': 6.002187728881836e-05}]"
2018-02-14T11:12:50,2018-02-14T11:12:40,2018-02-14T11:12:50,0.9979106783866882,0.9830410480499268,1,CRITICAL,Exfiltration,medium,"[{'feature': 'Fwd_Bwd_Byte_Ratio', 'reason': 'High relative backward byte volume indicates data exfiltration.'}]",Impact,low,heuristic,8.344650268554688e-07,stable,"[{'feature': 'Bwd Pkts/s', 'importance': 0.002286672592163086, 'direction': 'increases_risk'}, {'feature': 'Pkts_Per_Sec', 'importance': 0.0007167458534240723, 'direction': 'increases_risk'}, {'feature': 'Fwd Pkts/s', 'importance': 0.0006781816482543945, 'direction': 'increases_risk'}, {'feature': 'Flow Pkts/s', 'importance': 0.0001823902130126953, 'direction': 'increases_risk'}, {'feature': 'Fwd Seg Size Min', 'importance': 6.252527236938477e-05, 'direction': 'increases_risk'}]","[{'window_offset': -1, 'importance': 0.0005640387535095215}, {'window_offset': 0, 'importance': 0.00016921758651733398}, {'window_offset': -2, 'importance': 6.121397018432617e-05}]"
2018-02-14T11:13:00,2018-02-14T11:12:50,2018-02-14T11:13:00,0.9979050159454346,0.9830410480499268,1,CRITICAL,Exfiltration,medium,"[{'feature': 'Fwd_Bwd_Byte_Ratio', 'reason': 'High relative backward byte volume indicates data exfiltration.'}]",Impact,low,heuristic,-5.662441253662109e-06,stable,"[{'feature': 'Bwd Pkts/s', 'importance': 0.002259492874145508, 'direction': 'increases_risk'}, {'feature': 'Pkts_Per_Sec', 'importance': 0.000723719596862793, 'direction': 'increases_risk'}, {'feature': 'Fwd Pkts/s', 'importance': 0.0006824731826782227, 'direction': 'increases_risk'}, {'feature': 'Flow Pkts/s', 'importance': 0.0001863241195678711, 'direction': 'increases_risk'}, {'feature': 'Fwd Seg Size Min', 'importance': 6.186962127685547e-05, 'direction': 'increases_risk'}]","[{'window_offset': -1, 'importance': 0.0005616545677185059}, {'window_offset': 0, 'importance': 0.0001646280288696289}, {'window_offset': -2, 'importance': 5.7697296142578125e-05}]"
2018-02-14T11:13:10,2018-02-14T11:13:00,2018-02-14T11:13:10,0.9979058504104614,0.9830410480499268,1,CRITICAL,Exfiltration,medium,"[{'feature': 'Fwd_Bwd_Byte_Ratio', 'reason': 'High relative backward byte volume indicates data exfiltration.'}]",Impact,low,heuristic,8.344650268554688e-07,stable,"[{'feature': 'Bwd Pkts/s', 'importance': 0.0022812485694885254, 'direction': 'increases_risk'}, {'feature': 'Pkts_Per_Sec', 'importance': 0.0007252693176269531, 'direction': 'increases_risk'}, {'feature': 'Fwd Pkts/s', 'importance': 0.0006797909736633301, 'direction': 'increases_risk'}, {'feature': 'Flow Pkts/s', 'importance': 0.00018161535263061523, 'direction': 'increases_risk'}, {'feature': 'Fwd Seg Size Min', 'importance': 6.091594696044922e-05, 'direction': 'increases_risk'}]","[{'window_offset': -1, 'importance': 0.000563204288482666}, {'window_offset': 0, 'importance': 0.000171661376953125}, {'window_offset': -2, 'importance': 5.805492401123047e-05}]"
2018-02-14T11:13:20,2018-02-14T11:13:10,2018-02-14T11:13:20,0.997907280921936,0.9830410480499268,1,CRITICAL,Exfiltration,medium,"[{'feature': 'Fwd_Bwd_Byte_Ratio', 'reason': 'High relative backward byte volume indicates data exfiltration.'}]",Impact,low,heuristic,1.430511474609375e-06,stable,"[{'feature': 'Bwd Pkts/s', 'importance': 0.002304673194885254, 'direction': 'increases_risk'}, {'feature': 'Pkts_Per_Sec', 'importance': 0.0007229447364807129, 'direction': 'increases_risk'}, {'feature': 'Fwd Pkts/s', 'importance': 0.0006785988807678223, 'direction': 'increases_risk'}, {'feature': 'Flow Pkts/s', 'importance': 0.00017946958541870117, 'direction': 'increases_risk'}, {'feature': 'Fwd Seg Size Min', 'importance': 6.175041198730469e-05, 'direction': 'increases_risk'}]","[{'window_offset': -1, 'importance': 0.0005678534507751465}, {'window_offset': 0, 'importance': 0.00017082691192626953}, {'window_offset': -2, 'importance': 5.733966827392578e-05}]"
2018-02-14T11:13:30,2018-02-14T11:13:20,2018-02-14T11:13:30,0.9979068040847778,0.9830410480499268,1,CRITICAL,Exfiltration,medium,"[{'feature': 'Fwd_Bwd_Byte_Ratio', 'reason': 'High relative backward byte volume indicates data exfiltration.'}]",Impact,low,heuristic,-4.76837158203125e-07,stable,"[{'feature': 'Bwd Pkts/s', 'importance': 0.0023032426834106445, 'direction': 'increases_risk'}, {'feature': 'Pkts_Per_Sec', 'importance': 0.0007209181785583496, 'direction': 'increases_risk'}, {'feature': 'Fwd Pkts/s', 'importance': 0.0006788372993469238, 'direction': 'increases_risk'}, {'feature': 'Flow Pkts/s', 'importance': 0.0001792311668395996, 'direction': 'increases_risk'}, {'feature': 'Fwd Seg Size Min', 'importance': 6.198883056640625e-05, 'direction': 'increases_risk'}]","[{'window_offset': -1, 'importance': 0.0005673766136169434}, {'window_offset': 0, 'importance': 0.0001678466796875}, {'window_offset': -2, 'importance': 5.829334259033203e-05}]"
2018-02-14T11:13:40,2018-02-14T11:13:30,2018-02-14T11:13:40,0.9979071617126464,0.9830410480499268,1,CRITICAL,Exfiltration,medium,"[{'feature': 'Fwd_Bwd_Byte_Ratio', 'reason': 'High relative backward byte volume indicates data exfiltration.'}]",Impact,low,heuristic,3.5762786854132145e-07,stable,"[{'feature': 'Bwd Pkts/s', 'importance': 0.002304673194885254, 'direction': 'increases_risk'}, {'feature': 'Pkts_Per_Sec', 'importance': 0.0007193684577941895, 'direction': 'increases_risk'}, {'feature': 'Fwd Pkts/s', 'importance': 0.0006783604621887207, 'direction': 'increases_risk'}, {'feature': 'Flow Pkts/s', 'importance': 0.00017839670181274414, 'direction': 'increases_risk'}, {'feature': 'Fwd Seg Size Min', 'importance': 6.198883056640625e-05, 'direction': 'increases_risk'}]","[{'window_offset': -1, 'importance': 0.0005665421485900879}, {'window_offset': 0, 'importance': 0.00016808509826660156}, {'window_offset': -2, 'importance': 5.888938903808594e-05}]"
2018-02-14T11:13:50,2018-02-14T11:13:40,2018-02-14T11:13:50,0.9979092478752136,0.9830410480499268,1,CRITICAL,Exfiltration,medium,"[{'feature': 'Fwd_Bwd_Byte_Ratio', 'reason': 'High relative backward byte volume indicates data exfiltration.'}]",Impact,low,heuristic,2.086162567249694e-06,stable,"[{'feature': 'Bwd Pkts/s', 'importance': 0.0023174285888671875, 'direction': 'increases_risk'}, {'feature': 'Pkts_Per_Sec', 'importance': 0.0007163286209106445, 'direction': 'increases_risk'}, {'feature': 'Fwd Pkts/s', 'importance': 0.0006765127182006836, 'direction': 'increases_risk'}, {'feature': 'Flow Pkts/s', 'importance': 0.00017648935317993164, 'direction': 'increases_risk'}, {'feature': 'Fwd Seg Size Min', 'importance': 6.22868537902832e-05, 'direction': 'increases_risk'}]","[{'window_offset': -1, 'importance': 0.0005680322647094727}, {'window_offset': 0, 'importance': 0.00017005205154418945}, {'window_offset': -2, 'importance': 5.930662155151367e-05}]"
2018-02-14T11:14:00,2018-02-14T11:13:50,2018-02-14T11:14:00,0.997905969619751,0.9830410480499268,1,CRITICAL,Exfiltration,medium,"[{'feature': 'Fwd_Bwd_Byte_Ratio', 'reason': 'High relative backward byte volume indicates data exfiltration.'}]",Impact,low,heuristic,-3.2782554626464844e-06,stable,"[{'feature': 'Bwd Pkts/s', 'importance': 0.0022908449172973633, 'direction': 'increases_risk'}, {'feature': 'Pkts_Per_Sec', 'importance': 0.0007180571556091309, 'direction': 'increases_risk'}, {'feature': 'Fwd Pkts/s', 'importance': 0.0006795525550842285, 'direction': 'increases_risk'}, {'feature': 'Flow Pkts/s', 'importance': 0.0001799464225769043, 'direction': 'increases_risk'}, {'feature': 'Fwd Seg Size Min', 'importance': 6.246566772460938e-05, 'direction': 'increases_risk'}]","[{'window_offset': -1, 'importance': 0.0005657076835632324}, {'window_offset': 0, 'importance': 0.00016450881958007812}, {'window_offset': -2, 'importance': 5.841255187988281e-05}]"
2018-02-14T11:14:10,2018-02-14T11:14:00,2018-02-14T11:14:10,0.9979058504104614,0.9830410480499268,1,CRITICAL,Exfiltration,medium,"[{'feature': 'Fwd_Bwd_Byte_Ratio', 'reason': 'High relative backward byte volume indicates data exfiltration.'}]",Impact,low,heuristic,-1.1920928955078125e-07,stable,"[{'feature': 'Bwd Pkts/s', 'importance': 0.0022881031036376953, 'direction': 'increases_risk'}, {'feature': 'Pkts_Per_Sec', 'importance': 0.0007199645042419434, 'direction': 'increases_risk'}, {'feature': 'Fwd Pkts/s', 'importance': 0.0006795525550842285, 'direction': 'increases_risk'}, {'feature': 'Flow Pkts/s', 'importance': 0.00017958879470825195, 'direction': 'increases_risk'}, {'feature': 'Fwd Seg Size Min', 'importance': 6.175041198730469e-05, 'direction': 'increases_risk'}]","[{'window_offset': -1, 'importance': 0.0005639195442199707}, {'window_offset': 0, 'importance': 0.00016748905181884766}, {'window_offset': -2, 'importance': 5.91278076171875e-05}]"
2018-02-14T11:14:20,2018-02-14T11:14:10,2018-02-14T11:14:20,0.997908353805542,0.9830410480499268,1,CRITICAL,Exfiltration,medium,"[{'feature': 'Fwd_Bwd_Byte_Ratio', 'reason': 'High relative backward byte volume indicates data exfiltration.'}]",Impact,low,heuristic,2.5033950805664062e-06,stable,"[{'feature': 'Bwd Pkts/s', 'importance': 0.0023061037063598633, 'direction': 'increases_risk'}, {'feature': 'Pkts_Per_Sec', 'importance': 0.0007188916206359863, 'direction': 'increases_risk'}, {'feature': 'Fwd Pkts/s', 'importance': 0.0006780028343200684, 'direction': 'increases_risk'}, {'feature': 'Flow Pkts/s', 'importance': 0.00017654895782470703, 'direction': 'increases_risk'}, {'feature': 'Fwd Seg Size Min', 'importance': 6.198883056640625e-05, 'direction': 'increases_risk'}]","[{'window_offset': -1, 'importance': 0.000565946102142334}, {'window_offset': 0, 'importance': 0.00017118453979492188}, {'window_offset': -2, 'importance': 5.817413330078125e-05}]"
2018-02-14T11:14:30,2018-02-14T11:14:20,2018-02-14T11:14:30,0.9979044198989868,0.9830410480499268,1,CRITICAL,Exfiltration,medium,"[{'feature': 'Fwd_Bwd_Byte_Ratio', 'reason': 'High relative backward byte volume indicates data exfiltration.'}]",Impact,low,heuristic,-3.933906555175781e-06,stable,"[{'feature': 'Bwd Pkts/s', 'importance': 0.0022936463356018066, 'direction': 'increases_risk'}, {'feature': 'Pkts_Per_Sec', 'importance': 0.0007215738296508789, 'direction': 'increases_risk'}, {'feature': 'Fwd Pkts/s', 'importance': 0.0006802082061767578, 'direction': 'increases_risk'}, {'feature': 'Flow Pkts/s', 'importance': 0.00018066167831420898, 'direction': 'increases_risk'}, {'feature': 'Fwd Seg Size Min', 'importance': 6.198883056640625e-05, 'direction': 'increases_risk'}]","[{'window_offset': -1, 'importance': 0.0005647540092468262}, {'window_offset': 0, 'importance': 0.00016450881958007812}, {'window_offset': -2, 'importance': 5.7697296142578125e-05}]"
2018-02-14T11:14:40,2018-02-14T11:14:30,2018-02-14T11:14:40,0.997912347316742,0.9830410480499268,1,CRITICAL,Exfiltration,medium,"[{'feature': 'Fwd_Bwd_Byte_Ratio', 'reason': 'High relative backward byte volume indicates data exfiltration.'}]",Impact,low,heuristic,7.927417755237975e-06,stable,"[{'feature': 'Bwd Pkts/s', 'importance': 0.002339780330657959, 'direction': 'increases_risk'}, {'feature': 'Pkts_Per_Sec', 'importance': 0.000716865062713623, 'direction': 'increases_risk'}, {'feature': 'Fwd Pkts/s', 'importance': 0.0006747841835021973, 'direction': 'increases_risk'}, {'feature': 'Flow Pkts/s', 'importance': 0.0001761317253112793, 'direction': 'increases_risk'}, {'feature': 'Fwd Seg Size Min', 'importance': 6.204843521118164e-05, 'direction': 'increases_risk'}]","[{'window_offset': -1, 'importance': 0.0005681514739990234}, {'window_offset': 0, 'importance': 0.00017446279525756836}, {'window_offset': -2, 'importance': 6.0498714447021484e-05}]"
2018-02-14T11:14:50,2018-02-14T11:14:40,2018-02-14T11:14:50,0.9979129433631896,0.9830410480499268,1,CRITICAL,Exfiltration,medium,"[{'feature': 'Fwd_Bwd_Byte_Ratio', 'reason': 'High relative backward byte volume indicates data exfiltration.'}]",Impact,low,heuristic,5.960464475318616e-07,stable,"[{'feature': 'Bwd Pkts/s', 'importance': 0.0023415088653564453, 'direction': 'increases_risk'}, {'feature': 'Pkts_Per_Sec', 'importance': 0.0007115006446838379, 'direction': 'increases_risk'}, {'feature': 'Fwd Pkts/s', 'importance': 0.0006739497184753418, 'direction': 'increases_risk'}, {'feature': 'Flow Pkts/s', 'importance': 0.00017577409744262695, 'direction': 'increases_risk'}, {'feature': 'Fwd Seg Size Min', 'importance': 6.347894668579102e-05, 'direction': 'increases_risk'}]","[{'window_offset': -1, 'importance': 0.0005712509155273438}, {'window_offset': 0, 'importance': 0.00017029047012329102}, {'window_offset': -2, 'importance': 5.9604644775390625e-05}]"
2018-02-14T11:15:00,2018-02-14T11:14:50,2018-02-14T11:15:00,0.9979097247123718,0.9830410480499268,1,CRITICAL,Exfiltration,medium,"[{'feature': 'Fwd_Bwd_Byte_Ratio', 'reason': 'High relative backward byte volume indicates data exfiltration.'}]",Impact,low,heuristic,-3.2186508177600714e-06,stable,"[{'feature': 'Bwd Pkts/s', 'importance': 0.0023072361946105957, 'direction': 'increases_risk'}, {'feature': 'Pkts_Per_Sec', 'importance': 0.0007106661796569824, 'direction': 'increases_risk'}, {'feature': 'Fwd Pkts/s', 'importance': 0.0006760358810424805, 'direction': 'increases_risk'}, {'feature': 'Flow Pkts/s', 'importance': 0.0001780986785888672, 'direction': 'increases_risk'}, {'feature': 'Fwd Seg Size Min', 'importance': 6.335973739624023e-05, 'direction': 'increases_risk'}]","[{'window_offset': -1, 'importance': 0.0005671977996826172}, {'window_offset': 0, 'importance': 0.0001652836799621582}, {'window_offset': -2, 'importance': 6.085634231567383e-05}]"
2018-02-14T11:15:10,2018-02-14T11:15:00,2018-02-14T11:15:10,0.9979097247123718,0.9830410480499268,1,CRITICAL,Exfiltration,medium,"[{'feature': 'Fwd_Bwd_Byte_Ratio', 'reason': 'High relative backward byte volume indicates data exfiltration.'}]",Impact,low,heuristic,0.0,stable,"[{'feature': 'Bwd Pkts/s', 'importance': 0.0023006200790405273, 'direction': 'increases_risk'}, {'feature': 'Pkts_Per_Sec', 'importance': 0.0007113814353942871, 'direction': 'increases_risk'}, {'feature': 'Fwd Pkts/s', 'importance': 0.0006756782531738281, 'direction': 'increases_risk'}, {'feature': 'Flow Pkts/s', 'importance': 0.0001774430274963379, 'direction': 'increases_risk'}, {'feature': 'Fwd Seg Size Min', 'importance': 6.288290023803711e-05, 'direction': 'increases_risk'}]","[{'window_offset': -1, 'importance': 0.0005655288696289062}, {'window_offset': 0, 'importance': 0.00016814470291137695}, {'window_offset': -2, 'importance': 6.109476089477539e-05}]"
2018-02-14T11:15:20,2018-02-14T11:15:10,2018-02-14T11:15:20,0.9979152083396912,0.9830410480499268,1,CRITICAL,Exfiltration,medium,"[{'feature': 'Fwd_Bwd_Byte_Ratio', 'reason': 'High relative backward byte volume indicates data exfiltration.'}]",Impact,low,heuristic,5.4836273193359375e-06,stable,"[{'feature': 'Bwd Pkts/s', 'importance': 0.0023305416107177734, 'direction': 'increases_risk'}, {'feature': 'Pkts_Per_Sec', 'importance': 0.0007081031799316406, 'direction': 'increases_risk'}, {'feature': 'Fwd Pkts/s', 'importance': 0.0006719231605529785, 'direction': 'increases_risk'}, {'feature': 'Flow Pkts/s', 'importance': 0.00017493963241577148, 'direction': 'increases_risk'}, {'feature': 'Fwd Seg Size Min', 'importance': 6.324052810668945e-05, 'direction': 'increases_risk'}]","[{'window_offset': -1, 'importance': 0.000569462776184082}, {'window_offset': 0, 'importance': 0.0001736283302307129}, {'window_offset': -2, 'importance': 6.127357482910156e-05}]"
2018-02-14T11:15:30,2018-02-14T11:15:20,2018-02-14T11:15:30,0.9979115128517152,0.9830410480499268,1,CRITICAL,Exfiltration,medium,"[{'feature': 'Fwd_Bwd_Byte_Ratio', 'reason': 'High relative backward byte volume indicates data exfiltration.'}]",Impact,low,heuristic,-3.6954879759631964e-06,stable,"[{'feature': 'Bwd Pkts/s', 'importance': 0.002299368381500244, 'direction': 'increases_risk'}, {'feature': 'Pkts_Per_Sec', 'importance': 0.0007082819938659668, 'direction': 'increases_risk'}, {'feature': 'Fwd Pkts/s', 'importance': 0.000674903392791748, 'direction': 'increases_risk'}, {'feature': 'Flow Pkts/s', 'importance': 0.00017899274826049805, 'direction': 'increases_risk'}, {'feature': 'Fwd Seg Size Min', 'importance': 6.407499313354492e-05, 'direction': 'increases_risk'}]","[{'window_offset': -1, 'importance': 0.0005682706832885742}, {'window_offset': 0, 'importance': 0.00016629695892333984}, {'window_offset': -2, 'importance': 6.0498714447021484e-05}]"
2018-02-14T11:15:40,2018-02-14T11:15:30,2018-02-14T11:15:40,0.9979105591773988,0.9830410480499268,1,CRITICAL,Exfiltration,medium,"[{'feature': 'Fwd_Bwd_Byte_Ratio', 'reason': 'High relative backward byte volume indicates data exfiltration.'}]",Impact,low,heuristic,-9.5367431640625e-07,stable,"[{'feature': 'Bwd Pkts/s', 'importance': 0.0022789835929870605, 'direction': 'increases_risk'}, {'feature': 'Pkts_Per_Sec', 'importance': 0.0007116198539733887, 'direction': 'increases_risk'}, {'feature': 'Fwd Pkts/s', 'importance': 0.0006771087646484375, 'direction': 'increases_risk'}, {'feature': 'Flow Pkts/s', 'importance': 0.0001811981201171875, 'direction': 'increases_risk'}, {'feature': 'Fwd Seg Size Min', 'importance': 6.312131881713867e-05, 'direction': 'increases_risk'}]","[{'window_offset': -1, 'importance': 0.0005643963813781738}, {'window_offset': 0, 'importance': 0.0001665949821472168}, {'window_offset': -2, 'importance': 6.192922592163086e-05}]"
2018-02-14T11:15:50,2018-02-14T11:15:40,2018-02-14T11:15:50,0.9979056119918824,0.9830410480499268,1,CRITICAL,Exfiltration,medium,"[{'feature': 'Fwd_Bwd_Byte_Ratio', 'reason': 'High relative backward byte volume indicates data exfiltration.'}]",Impact,low,heuristic,-4.947185516357422e-06,stable,"[{'feature': 'Bwd Pkts/s', 'importance': 0.0022533535957336426, 'direction': 'increases_risk'}, {'feature': 'Pkts_Per_Sec', 'importance': 0.0007175803184509277, 'direction': 'increases_risk'}, {'feature': 'Fwd Pkts/s', 'importance': 0.0006801486015319824, 'direction': 'increases_risk'}, {'feature': 'Flow Pkts/s', 'importance': 0.00018268823623657227, 'direction': 'increases_risk'}, {'feature': 'Fwd Seg Size Min', 'importance': 6.222724914550781e-05, 'direction': 'increases_risk'}]","[{'window_offset': -1, 'importance': 0.0005616545677185059}, {'window_offset': 0, 'importance': 0.00016510486602783203}, {'window_offset': -2, 'importance': 5.8770179748535156e-05}]"
2018-02-14T11:16:00,2018-02-14T11:15:50,2018-02-14T11:16:00,0.9979088306427002,0.9830410480499268,1,CRITICAL,Exfiltration,medium,"[{'feature': 'Fwd_Bwd_Byte_Ratio', 'reason': 'High relative backward byte volume indicates data exfiltration.'}]",Impact,low,heuristic,3.2186508177600714e-06,stable,"[{'feature': 'Bwd Pkts/s', 'importance': 0.002285182476043701, 'direction': 'increases_risk'}, {'feature': 'Pkts_Per_Sec', 'importance': 0.0007184147834777832, 'direction': 'increases_risk'}, {'feature': 'Fwd Pkts/s', 'importance': 0.0006774067878723145, 'direction': 'increases_risk'}, {'feature': 'Flow Pkts/s', 'importance': 0.00017899274826049805, 'direction': 'increases_risk'}, {'feature': 'Fwd Seg Size Min', 'importance': 6.186962127685547e-05, 'direction': 'increases_risk'}]","[{'window_offset': -1, 'importance': 0.0005649924278259277}, {'window_offset': 0, 'importance': 0.00017261505126953125}, {'window_offset': -2, 'importance': 5.91278076171875e-05}]"
2018-02-14T11:16:10,2018-02-14T11:16:00,2018-02-14T11:16:10,0.997908353805542,0.9830410480499268,1,CRITICAL,Exfiltration,medium,"[{'feature': 'Fwd_Bwd_Byte_Ratio', 'reason': 'High relative backward byte volume indicates data exfiltration.'}]",Impact,low,heuristic,-4.76837158203125e-07,stable,"[{'feature': 'Bwd Pkts/s', 'importance': 0.0022917985916137695, 'direction': 'increases_risk'}, {'feature': 'Pkts_Per_Sec', 'importance': 0.0007175803184509277, 'direction': 'increases_risk'}, {'feature': 'Fwd Pkts/s', 'importance': 0.0006777644157409668, 'direction': 'increases_risk'}, {'feature': 'Flow Pkts/s', 'importance': 0.00017887353897094727, 'direction': 'increases_risk'}, {'feature': 'Fwd Seg Size Min', 'importance': 6.258487701416016e-05, 'direction': 'increases_risk'}]","[{'window_offset': -1, 'importance': 0.0005678534507751465}, {'window_offset': 0, 'importance': 0.00016927719116210938}, {'window_offset': -2, 'importance': 5.805492401123047e-05}]"
2018-02-14T11:16:20,2018-02-14T11:16:10,2018-02-14T11:16:20,0.9979135394096376,0.9830410480499268,1,CRITICAL,Exfiltration,medium,"[{'feature': 'Fwd_Bwd_Byte_Ratio', 'reason': 'High relative backward byte volume indicates data exfiltration.'}]",Impact,low,heuristic,5.185604095570007e-06,stable,"[{'feature': 'Bwd Pkts/s', 'importance': 0.002321004867553711, 'direction': 'increases_risk'}, {'feature': 'Pkts_Per_Sec', 'importance': 0.0007146000862121582, 'direction': 'increases_risk'}, {'feature': 'Fwd Pkts/s', 'importance': 0.0006753802299499512, 'direction': 'increases_risk'}, {'feature': 'Flow Pkts/s', 'importance': 0.00017839670181274414, 'direction': 'increases_risk'}, {'feature': 'Fwd Seg Size Min', 'importance': 6.288290023803711e-05, 'direction': 'increases_risk'}]","[{'window_offset': -1, 'importance': 0.0005692243576049805}, {'window_offset': 0, 'importance': 0.00017255544662475586}, {'window_offset': -2, 'importance': 6.109476089477539e-05}]"
2018-02-14T11:16:30,2018-02-14T11:16:20,2018-02-14T11:16:30,0.9979110360145568,0.9830410480499268,1,CRITICAL,Exfiltration,medium,"[{'feature': 'Fwd_Bwd_Byte_Ratio', 'reason': 'High relative backward byte volume indicates data exfiltration.'}]",Impact,low,heuristic,-2.503395080788451e-06,stable,"[{'feature': 'Bwd Pkts/s', 'importance': 0.0023003816604614258, 'direction': 'increases_risk'}, {'feature': 'Pkts_Per_Sec', 'importance': 0.0007154345512390137, 'direction': 'increases_risk'}, {'feature': 'Fwd Pkts/s', 'importance': 0.0006778240203857422, 'direction': 'increases_risk'}, {'feature': 'Flow Pkts/s', 'importance': 0.0001817941665649414, 'direction': 'increases_risk'}, {'feature': 'Fwd Seg Size Min', 'importance': 6.324052810668945e-05, 'direction': 'increases_risk'}]","[{'window_offset': -1, 'importance': 0.0005674362182617188}, {'window_offset': 0, 'importance': 0.00016671419143676758}, {'window_offset': -2, 'importance': 6.026029586791992e-05}]"
2018-02-14T11:16:40,2018-02-14T11:16:30,2018-02-14T11:16:40,0.9979161620140076,0.9830410480499268,1,CRITICAL,Exfiltration,medium,"[{'feature': 'Fwd_Bwd_Byte_Ratio', 'reason': 'High relative backward byte volume indicates data exfiltration.'}]",Impact,low,heuristic,5.125999450794616e-06,stable,"[{'feature': 'Bwd Pkts/s', 'importance': 0.002325594425201416, 'direction': 'increases_risk'}, {'feature': 'Pkts_Per_Sec', 'importance': 0.000713050365447998, 'direction': 'increases_risk'}, {'feature': 'Fwd Pkts/s', 'importance': 0.0006747841835021973, 'direction': 'increases_risk'}, {'feature': 'Flow Pkts/s', 'importance': 0.0001793503761291504, 'direction': 'increases_risk'}, {'feature': 'Fwd Seg Size Min', 'importance': 6.300210952758789e-05, 'direction': 'increases_risk'}]","[{'window_offset': -1, 'importance': 0.0005682110786437988}, {'window_offset': 0, 'importance': 0.00017374753952026367}, {'window_offset': -2, 'importance': 6.270408630371094e-05}]"
2018-02-14T11:16:50,2018-02-14T11:16:40,2018-02-14T11:16:50,0.9979140162467957,0.9830410480499268,1,CRITICAL,Exfiltration,medium,"[{'feature': 'Fwd_Bwd_Byte_Ratio', 'reason': 'High relative backward byte volume indicates data exfiltration.'}]",Impact,low,heuristic,-2.1457672119140625e-06,stable,"[{'feature': 'Bwd Pkts/s', 'importance': 0.0023110508918762207, 'direction': 'increases_risk'}, {'feature': 'Pkts_Per_Sec', 'importance': 0.0007131695747375488, 'direction': 'increases_risk'}, {'feature': 'Fwd Pkts/s', 'importance': 0.000676572322845459, 'direction': 'increases_risk'}, {'feature': 'Flow Pkts/s', 'importance': 0.0001818537712097168, 'direction': 'increases_risk'}, {'feature': 'Fwd Seg Size Min', 'importance': 6.383657455444336e-05, 'direction': 'increases_risk'}]","[{'window_offset': -1, 'importance': 0.0005687475204467773}, {'window_offset': 0, 'importance': 0.0001690387725830078}, {'window_offset': -2, 'importance': 6.103515625e-05}]"
2018-02-14T11:17:00,2018-02-14T11:16:50,2018-02-14T11:17:00,0.9979166388511658,0.9830410480499268,1,CRITICAL,Exfiltration,medium,"[{'feature': 'Fwd_Bwd_Byte_Ratio', 'reason': 'High relative backward byte volume indicates data exfiltration.'}]",Impact,low,heuristic,2.6226043701171875e-06,stable,"[{'feature': 'Bwd Pkts/s', 'importance': 0.002316772937774658, 'direction': 'increases_risk'}, {'feature': 'Pkts_Per_Sec', 'importance': 0.0007124543190002441, 'direction': 'increases_risk'}, {'feature': 'Fwd Pkts/s', 'importance': 0.0006757378578186035, 'direction': 'increases_risk'}, {'feature': 'Flow Pkts/s', 'importance': 0.0001818537712097168, 'direction': 'increases_risk'}, {'feature': 'Fwd Seg Size Min', 'importance': 6.35981559753418e-05, 'direction': 'increases_risk'}]","[{'window_offset': -1, 'importance': 0.000568091869354248}, {'window_offset': 0, 'importance': 0.00017184019088745117}, {'window_offset': -2, 'importance': 6.318092346191406e-05}]"
2018-02-14T11:17:10,2018-02-14T11:17:00,2018-02-14T11:17:10,0.997912347316742,0.9830410480499268,1,CRITICAL,Exfiltration,medium,"[{'feature': 'Fwd_Bwd_Byte_Ratio', 'reason': 'High relative backward byte volume indicates data exfiltration.'}]",Impact,low,heuristic,-4.291534423717103e-06,stable,"[{'feature': 'Bwd Pkts/s', 'importance': 0.002282440662384033, 'direction': 'increases_risk'}, {'feature': 'Pkts_Per_Sec', 'importance': 0.0007166266441345215, 'direction': 'increases_risk'}, {'feature': 'Fwd Pkts/s', 'importance': 0.0006799697875976562, 'direction': 'increases_risk'}, {'feature': 'Flow Pkts/s', 'importance': 0.00018477439880371094, 'direction': 'increases_risk'}, {'feature': 'Fwd Seg Size Min', 'importance': 6.35981559753418e-05, 'direction': 'increases_risk'}]","[{'window_offset': -1, 'importance': 0.0005645155906677246}, {'window_offset': 0, 'importance': 0.0001671314239501953}, {'window_offset': -2, 'importance': 6.073713302612305e-05}]"
2018-02-14T11:17:20,2018-02-14T11:17:10,2018-02-14T11:17:20,0.9979113936424256,0.9830410480499268,1,CRITICAL,Exfiltration,medium,"[{'feature': 'Fwd_Bwd_Byte_Ratio', 'reason': 'High relative backward byte volume indicates data exfiltration.'}]",Impact,low,heuristic,-9.5367431640625e-07,stable,"[{'feature': 'Bwd Pkts/s', 'importance': 0.002289414405822754, 'direction': 'increases_risk'}, {'feature': 'Pkts_Per_Sec', 'importance': 0.0007210969924926758, 'direction': 'increases_risk'}, {'feature': 'Fwd Pkts/s', 'importance': 0.0006797313690185547, 'direction': 'increases_risk'}, {'feature': 'Flow Pkts/s', 'importance': 0.00018537044525146484, 'direction': 'increases_risk'}, {'feature': 'Fwd Seg Size Min', 'importance': 6.240606307983398e-05, 'direction': 'increases_risk'}]","[{'window_offset': -1, 'importance': 0.0005634427070617676}, {'window_offset': 0, 'importance': 0.00017005205154418945}, {'window_offset': -2, 'importance': 6.145238876342773e-05}]"
2018-02-14T11:17:30,2018-02-14T11:17:20,2018-02-14T11:17:30,0.9979111552238464,0.9830410480499268,1,CRITICAL,Exfiltration,medium,"[{'feature': 'Fwd_Bwd_Byte_Ratio', 'reason': 'High relative backward byte volume indicates data exfiltration.'}]",Impact,low,heuristic,-2.384185792125848e-07,stable,"[{'feature': 'Bwd Pkts/s', 'importance': 0.0022954344749450684, 'direction': 'increases_risk'}, {'feature': 'Pkts_Per_Sec', 'importance': 0.0007227659225463867, 'direction': 'increases_risk'}, {'feature': 'Fwd Pkts/s', 'importance': 0.0006803274154663086, 'direction': 'increases_risk'}, {'feature': 'Flow Pkts/s', 'importance': 0.00018489360809326172, 'direction': 'increases_risk'}, {'feature': 'Fwd Seg Size Min', 'importance': 6.240606307983398e-05, 'direction': 'increases_risk'}]","[{'window_offset': -1, 'importance': 0.0005655288696289062}, {'window_offset': 0, 'importance': 0.00017064809799194336}, {'window_offset': -2, 'importance': 5.9545040130615234e-05}]"
2018-02-14T11:17:40,2018-02-14T11:17:30,2018-02-14T11:17:40,0.9979122281074524,0.9830410480499268,1,CRITICAL,Exfiltration,medium,"[{'feature': 'Fwd_Bwd_Byte_Ratio', 'reason': 'High relative backward byte volume indicates data exfiltration.'}]",Impact,low,heuristic,1.0728836059570312e-06,stable,"[{'feature': 'Bwd Pkts/s', 'importance': 0.0023140907287597656, 'direction': 'increases_risk'}, {'feature': 'Pkts_Per_Sec', 'importance': 0.0007213354110717773, 'direction': 'increases_risk'}, {'feature': 'Fwd Pkts/s', 'importance': 0.0006784200668334961, 'direction': 'increases_risk'}, {'feature': 'Flow Pkts/s', 'importance': 0.00018262863159179688, 'direction': 'increases_risk'}, {'feature': 'Fwd Seg Size Min', 'importance': 6.240606307983398e-05, 'direction': 'increases_risk'}]","[{'window_offset': -1, 'importance': 0.0005674362182617188}, {'window_offset': 0, 'importance': 0.0001723170280456543}, {'window_offset': -2, 'importance': 5.990266799926758e-05}]"
2018-02-14T11:17:50,2018-02-14T11:17:40,2018-02-14T11:17:50,0.9979093670845032,0.9830410480499268,1,CRITICAL,Exfiltration,medium,"[{'feature': 'Fwd_Bwd_Byte_Ratio', 'reason': 'High relative backward byte volume indicates data exfiltration.'}]",Impact,low,heuristic,-2.86102294921875e-06,stable,"[{'feature': 'Bwd Pkts/s', 'importance': 0.002301335334777832, 'direction': 'increases_risk'}, {'feature': 'Pkts_Per_Sec', 'importance': 0.0007236003875732422, 'direction': 'increases_risk'}, {'feature': 'Fwd Pkts/s', 'importance': 0.0006810426712036133, 'direction': 'increases_risk'}, {'feature': 'Flow Pkts/s', 'importance': 0.00018596649169921875, 'direction': 'increases_risk'}, {'feature': 'Fwd Seg Size Min', 'importance': 6.252527236938477e-05, 'direction': 'increases_risk'}]","[{'window_offset': -1, 'importance': 0.0005658864974975586}, {'window_offset': 0, 'importance': 0.00016731023788452148}, {'window_offset': -2, 'importance': 5.942583084106445e-05}]"
2018-02-14T11:18:00,2018-02-14T11:17:50,2018-02-14T11:18:00,0.9979098439216614,0.9830410480499268,1,CRITICAL,Exfiltration,medium,"[{'feature': 'Fwd_Bwd_Byte_Ratio', 'reason': 'High relative backward byte volume indicates data exfiltration.'}]",Impact,low,heuristic,4.76837158203125e-07,stable,"[{'feature': 'Bwd Pkts/s', 'importance': 0.0023083090782165527, 'direction': 'increases_risk'}, {'feature': 'Pkts_Per_Sec', 'importance': 0.0007230043411254883, 'direction': 'increases_risk'}, {'feature': 'Fwd Pkts/s', 'importance': 0.0006794929504394531, 'direction': 'increases_risk'}, {'feature': 'Flow Pkts/s', 'importance': 0.00018274784088134766, 'direction': 'increases_risk'}, {'feature': 'Fwd Seg Size Min', 'importance': 6.192922592163086e-05, 'direction': 'increases_risk'}]","[{'window_offset': -1, 'importance': 0.0005655288696289062}, {'window_offset': 0, 'importance': 0.00017088651657104492}, {'window_offset': -2, 'importance': 6.002187728881836e-05}]"
2018-02-14T11:18:10,2018-02-14T11:18:00,2018-02-14T11:18:10,0.9979098439216614,0.9830410480499268,1,CRITICAL,Exfiltration,medium,"[{'feature': 'Fwd_Bwd_Byte_Ratio', 'reason': 'High relative backward byte volume indicates data exfiltration.'}]",Impact,low,heuristic,0.0,stable,"[{'feature': 'Bwd Pkts/s', 'importance': 0.0023183822631835938, 'direction': 'increases_risk'}, {'feature': 'Pkts_Per_Sec', 'importance': 0.0007200241088867188, 'direction': 'increases_risk'}, {'feature': 'Fwd Pkts/s', 'importance': 0.0006778240203857422, 'direction': 'increases_risk'}, {'feature': 'Flow Pkts/s', 'importance': 0.00017964839935302734, 'direction': 'increases_risk'}, {'feature': 'Fwd Seg Size Min', 'importance': 6.22868537902832e-05, 'direction': 'increases_risk'}]","[{'window_offset': -1, 'importance': 0.0005679130554199219}, {'window_offset': 0, 'importance': 0.00017088651657104492}, {'window_offset': -2, 'importance': 5.894899368286133e-05}]"
2018-02-14T11:18:20,2018-02-14T11:18:10,2018-02-14T11:18:20,0.9979128241539,0.9830410480499268,1,CRITICAL,Exfiltration,medium,"[{'feature': 'Fwd_Bwd_Byte_Ratio', 'reason': 'High relative backward byte volume indicates data exfiltration.'}]",Impact,low,heuristic,2.980232238658509e-06,stable,"[{'feature': 'Bwd Pkts/s', 'importance': 0.0023351311683654785, 'direction': 'increases_risk'}, {'feature': 'Pkts_Per_Sec', 'importance': 0.0007156729698181152, 'direction': 'increases_risk'}, {'feature': 'Fwd Pkts/s', 'importance': 0.000675499439239502, 'direction': 'increases_risk'}, {'feature': 'Flow Pkts/s', 'importance': 0.0001780390739440918, 'direction': 'increases_risk'}, {'feature': 'Fwd Seg Size Min', 'importance': 6.288290023803711e-05, 'direction': 'increases_risk'}]","[{'window_offset': -1, 'importance': 0.0005698204040527344}, {'window_offset': 0, 'importance': 0.0001717209815979004}, {'window_offset': -2, 'importance': 6.03795051574707e-05}]"
2018-02-14T11:18:30,2018-02-14T11:18:20,2018-02-14T11:18:30,0.9979092478752136,0.9830410480499268,1,CRITICAL,Exfiltration,medium,"[{'feature': 'Fwd_Bwd_Byte_Ratio', 'reason': 'High relative backward byte volume indicates data exfiltration.'}]",Impact,low,heuristic,-3.576278686412415e-06,stable,"[{'feature': 'Bwd Pkts/s', 'importance': 0.0023044943809509277, 'direction': 'increases_risk'}, {'feature': 'Pkts_Per_Sec', 'importance': 0.000716090202331543, 'direction': 'increases_risk'}, {'feature': 'Fwd Pkts/s', 'importance': 0.0006784200668334961, 'direction': 'increases_risk'}, {'feature': 'Flow Pkts/s', 'importance': 0.00018131732940673828, 'direction': 'increases_risk'}, {'feature': 'Fwd Seg Size Min', 'importance': 6.300210952758789e-05, 'direction': 'increases_risk'}]","[{'window_offset': -1, 'importance': 0.0005668401718139648}, {'window_offset': 0, 'importance': 0.0001652836799621582}, {'window_offset': -2, 'importance': 5.990266799926758e-05}]"
2018-02-14T11:18:40,2018-02-14T11:18:30,2018-02-14T11:18:40,0.997913420200348,0.9830410480499268,1,CRITICAL,Exfiltration,medium,"[{'feature': 'Fwd_Bwd_Byte_Ratio', 'reason': 'High relative backward byte volume indicates data exfiltration.'}]",Impact,low,heuristic,4.172325134388366e-06,stable,"[{'feature': 'Bwd Pkts/s', 'importance': 0.0023253560066223145, 'direction': 'increases_risk'}, {'feature': 'Pkts_Per_Sec', 'importance': 0.0007125735282897949, 'direction': 'increases_risk'}, {'feature': 'Fwd Pkts/s', 'importance': 0.0006745457649230957, 'direction': 'increases_risk'}, {'feature': 'Flow Pkts/s', 'importance': 0.00017660856246948242, 'direction': 'increases_risk'}, {'feature': 'Fwd Seg Size Min', 'importance': 6.264448165893555e-05, 'direction': 'increases_risk'}]","[{'window_offset': -1, 'importance': 0.0005676746368408203}, {'window_offset': 0, 'importance': 0.00017303228378295898}, {'window_offset': -2, 'importance': 6.16908073425293e-05}]"
2018-02-14T11:18:50,2018-02-14T11:18:40,2018-02-14T11:18:50,0.9979135394096376,0.9830410480499268,1,CRITICAL,Exfiltration,medium,"[{'feature': 'Fwd_Bwd_Byte_Ratio', 'reason': 'High relative backward byte volume indicates data exfiltration.'}]",Impact,low,heuristic,1.1920928955078125e-07,stable,"[{'feature': 'Bwd Pkts/s', 'importance': 0.0023227334022521973, 'direction': 'increases_risk'}, {'feature': 'Pkts_Per_Sec', 'importance': 0.0007099509239196777, 'direction': 'increases_risk'}, {'feature': 'Fwd Pkts/s', 'importance': 0.0006743073463439941, 'direction': 'increases_risk'}, {'feature': 'Flow Pkts/s', 'importance': 0.00017720460891723633, 'direction': 'increases_risk'}, {'feature': 'Fwd Seg Size Min', 'importance': 6.371736526489258e-05, 'direction': 'increases_risk'}]","[{'window_offset': -1, 'importance': 0.0005700588226318359}, {'window_offset': 0, 'importance': 0.00017005205154418945}, {'window_offset': -2, 'importance': 6.0439109802246094e-05}]"
2018-02-14T11:19:00,2018-02-14T11:18:50,2018-02-14T11:19:00,0.9979113936424256,0.9830410480499268,1,CRITICAL,Exfiltration,medium,"[{'feature': 'Fwd_Bwd_Byte_Ratio', 'reason': 'High relative backward byte volume indicates data exfiltration.'}]",Impact,low,heuristic,-2.1457672119140625e-06,stable,"[{'feature': 'Bwd Pkts/s', 'importance': 0.002296149730682373, 'direction': 'increases_risk'}, {'feature': 'Pkts_Per_Sec', 'importance': 0.0007118582725524902, 'direction': 'increases_risk'}, {'feature': 'Fwd Pkts/s', 'importance': 0.0006771087646484375, 'direction': 'increases_risk'}, {'feature': 'Flow Pkts/s', 'importance': 0.00018107891082763672, 'direction': 'increases_risk'}, {'feature': 'Fwd Seg Size Min', 'importance': 6.35981559753418e-05, 'direction': 'increases_risk'}]","[{'window_offset': -1, 'importance': 0.0005664825439453125}, {'window_offset': 0, 'importance': 0.00016641616821289062}, {'window_offset': -2, 'importance': 6.145238876342773e-05}]"
2018-02-14T11:19:10,2018-02-14T11:19:00,2018-02-14T11:19:10,0.997913420200348,0.9830410480499268,1,CRITICAL,Exfiltration,medium,"[{'feature': 'Fwd_Bwd_Byte_Ratio', 'reason': 'High relative backward byte volume indicates data exfiltration.'}]",Impact,low,heuristic,2.0265579223632812e-06,stable,"[{'feature': 'Bwd Pkts/s', 'importance': 0.002303481101989746, 'direction': 'increases_risk'}, {'feature': 'Pkts_Per_Sec', 'importance': 0.0007141232490539551, 'direction': 'increases_risk'}, {'feature': 'Fwd Pkts/s', 'importance': 0.0006768107414245605, 'direction': 'increases_risk'}, {'feature': 'Flow Pkts/s', 'importance': 0.0001819133758544922, 'direction': 'increases_risk'}, {'feature': 'Fwd Seg Size Min', 'importance': 6.312131881713867e-05, 'direction': 'increases_risk'}]","[{'window_offset': -1, 'importance': 0.0005655884742736816}, {'window_offset': 0, 'importance': 0.00017017126083374023}, {'window_offset': -2, 'importance': 6.204843521118164e-05}]"
2018-02-14T11:19:20,2018-02-14T11:19:10,2018-02-14T11:19:20,0.9979137778282166,0.9830410480499268,1,CRITICAL,Exfiltration,medium,"[{'feature': 'Fwd_Bwd_Byte_Ratio', 'reason': 'High relative backward byte volume indicates data exfiltration.'}]",Impact,low,heuristic,3.5762786854132145e-07,stable,"[{'feature': 'Bwd Pkts/s', 'importance': 0.002309143543243408, 'direction': 'increases_risk'}, {'feature': 'Pkts_Per_Sec', 'importance': 0.0007142424583435059, 'direction': 'increases_risk'}, {'feature': 'Fwd Pkts/s', 'importance': 0.0006763339042663574, 'direction': 'increases_risk'}, {'feature': 'Flow Pkts/s', 'importance': 0.00018137693405151367, 'direction': 'increases_risk'}, {'feature': 'Fwd Seg Size Min', 'importance': 6.324052810668945e-05, 'direction': 'increases_risk'}]","[{'window_offset': -1, 'importance': 0.0005673766136169434}, {'window_offset': 0, 'importance': 0.00017076730728149414}, {'window_offset': -2, 'importance': 6.085634231567383e-05}]"
2018-02-14T11:19:30,2018-02-14T11:19:20,2018-02-14T11:19:30,0.997912347316742,0.9830410480499268,1,CRITICAL,Exfiltration,medium,"[{'feature': 'Fwd_Bwd_Byte_Ratio', 'reason': 'High relative backward byte volume indicates data exfiltration.'}]",Impact,low,heuristic,-1.4305114744983527e-06,stable,"[{'feature': 'Bwd Pkts/s', 'importance': 0.0022997260093688965, 'direction': 'increases_risk'}, {'feature': 'Pkts_Per_Sec', 'importance': 0.0007153153419494629, 'direction': 'increases_risk'}, {'feature': 'Fwd Pkts/s', 'importance': 0.0006775856018066406, 'direction': 'increases_risk'}, {'feature': 'Flow Pkts/s', 'importance': 0.00018262863159179688, 'direction': 'increases_risk'}, {'feature': 'Fwd Seg Size Min', 'importance': 6.312131881713867e-05, 'direction': 'increases_risk'}]","[{'window_offset': -1, 'importance': 0.0005666017532348633}, {'window_offset': 0, 'importance': 0.0001685023307800293}, {'window_offset': -2, 'importance': 6.073713302612305e-05}]"
2018-02-14T11:19:40,2018-02-14T11:19:30,2018-02-14T11:19:40,0.9979119896888732,0.9830410480499268,1,CRITICAL,Exfiltration,medium,"[{'feature': 'Fwd_Bwd_Byte_Ratio', 'reason': 'High relative backward byte volume indicates data exfiltration.'}]",Impact,low,heuristic,-3.5762786887438835e-07,stable,"[{'feature': 'Bwd Pkts/s', 'importance': 0.0023006200790405273, 'direction': 'increases_risk'}, {'feature': 'Pkts_Per_Sec', 'importance': 0.0007156729698181152, 'direction': 'increases_risk'}, {'feature': 'Fwd Pkts/s', 'importance': 0.0006771087646484375, 'direction': 'increases_risk'}, {'feature': 'Flow Pkts/s', 'importance': 0.00018155574798583984, 'direction': 'increases_risk'}, {'feature': 'Fwd Seg Size Min', 'importance': 6.288290023803711e-05, 'direction': 'increases_risk'}]","[{'window_offset': -1, 'importance': 0.0005662441253662109}, {'window_offset': 0, 'importance': 0.00016993284225463867}, {'window_offset': -2, 'importance': 6.097555160522461e-05}]"
2018-02-14T11:19:50,2018-02-14T11:19:40,2018-02-14T11:19:50,0.997911274433136,0.9830410480499268,1,CRITICAL,Exfiltration,medium,"[{'feature': 'Fwd_Bwd_Byte_Ratio', 'reason': 'High relative backward byte volume indicates data exfiltration.'}]",Impact,low,heuristic,-7.152557371936652e-07,stable,"[{'feature': 'Bwd Pkts/s', 'importance': 0.002292931079864502, 'direction': 'increases_risk'}, {'feature': 'Pkts_Per_Sec', 'importance': 0.0007176399230957031, 'direction': 'increases_risk'}, {'feature': 'Fwd Pkts/s', 'importance': 0.0006788969039916992, 'direction': 'increases_risk'}, {'feature': 'Flow Pkts/s', 'importance': 0.00018227100372314453, 'direction': 'increases_risk'}, {'feature': 'Fwd Seg Size Min', 'importance': 6.288290023803711e-05, 'direction': 'increases_risk'}]","[{'window_offset': -1, 'importance': 0.0005651116371154785}, {'window_offset': 0, 'importance': 0.00016885995864868164}, {'window_offset': -2, 'importance': 5.97834587097168e-05}]"
2018-02-14T11:20:00,2018-02-14T11:19:50,2018-02-14T11:20:00,0.9979098439216614,0.9830410480499268,1,CRITICAL,Exfiltration,medium,"[{'feature': 'Fwd_Bwd_Byte_Ratio', 'reason': 'High relative backward byte volume indicates data exfiltration.'}]",Impact,low,heuristic,-1.430511474609375e-06,stable,"[{'feature': 'Bwd Pkts/s', 'importance': 0.002299070358276367, 'direction': 'increases_risk'}, {'feature': 'Pkts_Per_Sec', 'importance': 0.0007178783416748047, 'direction': 'increases_risk'}, {'feature': 'Fwd Pkts/s', 'importance': 0.0006775856018066406, 'direction': 'increases_risk'}, {'feature': 'Flow Pkts/s', 'importance': 0.00018036365509033203, 'direction': 'increases_risk'}, {'feature': 'Fwd Seg Size Min', 'importance': 6.240606307983398e-05, 'direction': 'increases_risk'}]","[{'window_offset': -1, 'importance': 0.0005654096603393555}, {'window_offset': 0, 'importance': 0.00016957521438598633}, {'window_offset': -2, 'importance': 6.014108657836914e-05}]"
2018-02-14T11:20:10,2018-02-14T11:20:00,2018-02-14T11:20:10,0.997918426990509,0.9830410480499268,1,CRITICAL,Exfiltration,medium,"[{'feature': 'Fwd_Bwd_Byte_Ratio', 'reason': 'High relative backward byte volume indicates data exfiltration.'}]",Impact,low,heuristic,8.58306884765625e-06,stable,"[{'feature': 'Bwd Pkts/s', 'importance': 0.0023500919342041016, 'direction': 'increases_risk'}, {'feature': 'Pkts_Per_Sec', 'importance': 0.0007108449935913086, 'direction': 'increases_risk'}, {'feature': 'Fwd Pkts/s', 'importance': 0.0006718039512634277, 'direction': 'increases_risk'}, {'feature': 'Flow Pkts/s', 'importance': 0.00017565488815307617, 'direction': 'increases_risk'}, {'feature': 'Fwd Seg Size Min', 'importance': 6.330013275146484e-05, 'direction': 'increases_risk'}]","[{'window_offset': -1, 'importance': 0.0005716681480407715}, {'window_offset': 0, 'importance': 0.0001774430274963379}, {'window_offset': -2, 'importance': 6.16312026977539e-05}]"
2018-02-14T11:20:20,2018-02-14T11:20:10,2018-02-14T11:20:20,0.9979154467582704,0.9830410480499268,1,CRITICAL,Exfiltration,medium,"[{'feature': 'Fwd_Bwd_Byte_Ratio', 'reason': 'High relative backward byte volume indicates data exfiltration.'}]",Impact,low,heuristic,-2.980232238658509e-06,stable,"[{'feature': 'Bwd Pkts/s', 'importance': 0.002321958541870117, 'direction': 'increases_risk'}, {'feature': 'Pkts_Per_Sec', 'importance': 0.0007076263427734375, 'direction': 'increases_risk'}, {'feature': 'Fwd Pkts/s', 'importance': 0.0006734728813171387, 'direction': 'increases_risk'}, {'feature': 'Flow Pkts/s', 'importance': 0.00017839670181274414, 'direction': 'increases_risk'}, {'feature': 'Fwd Seg Size Min', 'importance': 6.455183029174805e-05, 'direction': 'increases_risk'}]","[{'window_offset': -1, 'importance': 0.0005713701248168945}, {'window_offset': 0, 'importance': 0.0001691579818725586}, {'window_offset': -2, 'importance': 6.127357482910156e-05}]"
2018-02-14T11:20:30,2018-02-14T11:20:20,2018-02-14T11:20:30,0.9979127049446106,0.9830410480499268,1,CRITICAL,Exfiltration,medium,"[{'feature': 'Fwd_Bwd_Byte_Ratio', 'reason': 'High relative backward byte volume indicates data exfiltration.'}]",Impact,low,heuristic,-2.741813659778991e-06,stable,"[{'feature': 'Bwd Pkts/s', 'importance': 0.002283036708831787, 'direction': 'increases_risk'}, {'feature': 'Pkts_Per_Sec', 'importance': 0.0007123351097106934, 'direction': 'increases_risk'}, {'feature': 'Fwd Pkts/s', 'importance': 0.0006783008575439453, 'direction': 'increases_risk'}, {'feature': 'Flow Pkts/s', 'importance': 0.00018513202667236328, 'direction': 'increases_risk'}, {'feature': 'Fwd Seg Size Min', 'importance': 6.371736526489258e-05, 'direction': 'increases_risk'}]","[{'window_offset': -1, 'importance': 0.0005647540092468262}, {'window_offset': 0, 'importance': 0.00016510486602783203}, {'window_offset': -2, 'importance': 6.335973739624023e-05}]"
2018-02-14T11:20:40,2018-02-14T11:20:30,2018-02-14T11:20:40,0.9979159235954284,0.9830410480499268,1,CRITICAL,Exfiltration,medium,"[{'feature': 'Fwd_Bwd_Byte_Ratio', 'reason': 'High relative backward byte volume indicates data exfiltration.'}]",Impact,low,heuristic,3.2186508177600714e-06,stable,"[{'feature': 'Bwd Pkts/s', 'importance': 0.0023030638694763184, 'direction': 'increases_risk'}, {'feature': 'Pkts_Per_Sec', 'importance': 0.0007144808769226074, 'direction': 'increases_risk'}, {'feature': 'Fwd Pkts/s', 'importance': 0.0006763339042663574, 'direction': 'increases_risk'}, {'feature': 'Flow Pkts/s', 'importance': 0.00018280744552612305, 'direction': 'increases_risk'}, {'feature': 'Fwd Seg Size Min', 'importance': 6.312131881713867e-05, 'direction': 'increases_risk'}]","[{'window_offset': -1, 'importance': 0.0005653500556945801}, {'window_offset': 0, 'importance': 0.0001735091209411621}, {'window_offset': -2, 'importance': 6.300210952758789e-05}]"
2018-02-14T11:20:50,2018-02-14T11:20:40,2018-02-14T11:20:50,0.9979146122932434,0.9830410480499268,1,CRITICAL,Exfiltration,medium,"[{'feature': 'Fwd_Bwd_Byte_Ratio', 'reason': 'High relative backward byte volume indicates data exfiltration.'}]",Impact,low,heuristic,-1.3113021849475714e-06,stable,"[{'feature': 'Bwd Pkts/s', 'importance': 0.0022991299629211426, 'direction': 'increases_risk'}, {'feature': 'Pkts_Per_Sec', 'importance': 0.0007159113883972168, 'direction': 'increases_risk'}, {'feature': 'Fwd Pkts/s', 'importance': 0.0006778836250305176, 'direction': 'increases_risk'}, {'feature': 'Flow Pkts/s', 'importance': 0.00018417835235595703, 'direction': 'increases_risk'}, {'feature': 'Fwd Seg Size Min', 'importance': 6.35981559753418e-05, 'direction': 'increases_risk'}]","[{'window_offset': -1, 'importance': 0.0005676150321960449}, {'window_offset': 0, 'importance': 0.0001704096794128418}, {'window_offset': -2, 'importance': 6.0677528381347656e-05}]"
2018-02-14T11:21:00,2018-02-14T11:20:50,2018-02-14T11:21:00,0.9979130625724792,0.9830410480499268,1,CRITICAL,Exfiltration,medium,"[{'feature': 'Fwd_Bwd_Byte_Ratio', 'reason': 'High relative backward byte volume indicates data exfiltration.'}]",Impact,low,heuristic,-1.5497207641601562e-06,stable,"[{'feature': 'Bwd Pkts/s', 'importance': 0.002289295196533203, 'direction': 'increases_risk'}, {'feature': 'Pkts_Per_Sec', 'importance': 0.0007186532020568848, 'direction': 'increases_risk'}, {'feature': 'Fwd Pkts/s', 'importance': 0.0006793737411499023, 'direction': 'increases_risk'}, {'feature': 'Flow Pkts/s', 'importance': 0.00018584728240966797, 'direction': 'increases_risk'}, {'feature': 'Fwd Seg Size Min', 'importance': 6.300210952758789e-05, 'direction': 'increases_risk'}]","[{'window_offset': -1, 'importance': 0.0005654692649841309}, {'window_offset': 0, 'importance': 0.0001690983772277832}, {'window_offset': -2, 'importance': 6.133317947387695e-05}]"
2018-02-14T11:21:10,2018-02-14T11:21:00,2018-02-14T11:21:10,0.9979137778282166,0.9830410480499268,1,CRITICAL,Exfiltration,medium,"[{'feature': 'Fwd_Bwd_Byte_Ratio', 'reason': 'High relative backward byte volume indicates data exfiltration.'}]",Impact,low,heuristic,7.152557373046875e-07,stable,"[{'feature': 'Bwd Pkts/s', 'importance': 0.0023032426834106445, 'direction': 'increases_risk'}, {'feature': 'Pkts_Per_Sec', 'importance': 0.0007203817367553711, 'direction': 'increases_risk'}, {'feature': 'Fwd Pkts/s', 'importance': 0.0006788969039916992, 'direction': 'increases_risk'}, {'feature': 'Flow Pkts/s', 'importance': 0.00018537044525146484, 'direction': 'increases_risk'}, {'feature': 'Fwd Seg Size Min', 'importance': 6.276369094848633e-05, 'direction': 'increases_risk'}]","[{'window_offset': -1, 'importance': 0.0005661845207214355}, {'window_offset': 0, 'importance': 0.00017195940017700195}, {'window_offset': -2, 'importance': 6.133317947387695e-05}]"
2018-02-14T11:21:20,2018-02-14T11:21:10,2018-02-14T11:21:20,0.9979128241539,0.9830410480499268,1,CRITICAL,Exfiltration,medium,"[{'feature': 'Fwd_Bwd_Byte_Ratio', 'reason': 'High relative backward byte volume indicates data exfiltration.'}]",Impact,low,heuristic,-9.536743165172723e-07,stable,"[{'feature': 'Bwd Pkts/s', 'importance': 0.002303004264831543, 'direction': 'increases_risk'}, {'feature': 'Pkts_Per_Sec', 'importance': 0.0007215738296508789, 'direction': 'increases_risk'}, {'feature': 'Fwd Pkts/s', 'importance': 0.0006797313690185547, 'direction': 'increases_risk'}, {'feature': 'Flow Pkts/s', 'importance': 0.00018584728240966797, 'direction': 'increases_risk'}, {'feature': 'Fwd Seg Size Min', 'importance': 6.276369094848633e-05, 'direction': 'increases_risk'}]","[{'window_offset': -1, 'importance': 0.0005666613578796387}, {'window_offset': 0, 'importance': 0.00017029047012329102}, {'window_offset': -2, 'importance': 6.03795051574707e-05}]"
2018-02-14T11:21:30,2018-02-14T11:21:20,2018-02-14T11:21:30,0.9979093670845032,0.9830410480499268,1,CRITICAL,Exfiltration,medium,"[{'feature': 'Fwd_Bwd_Byte_Ratio', 'reason': 'High relative backward byte volume indicates data exfiltration.'}]",Impact,low,heuristic,-3.457069396861634e-06,stable,"[{'feature': 'Bwd Pkts/s', 'importance': 0.002288222312927246, 'direction': 'increases_risk'}, {'feature': 'Pkts_Per_Sec', 'importance': 0.0007253885269165039, 'direction': 'increases_risk'}, {'feature': 'Fwd Pkts/s', 'importance': 0.0006819963455200195, 'direction': 'increases_risk'}, {'feature': 'Flow Pkts/s', 'importance': 0.00018787384033203125, 'direction': 'increases_risk'}, {'feature': 'Fwd Seg Size Min', 'importance': 6.216764450073242e-05, 'direction': 'increases_risk'}]","[{'window_offset': -1, 'importance': 0.0005640983581542969}, {'window_offset': 0, 'importance': 0.0001677870750427246}, {'window_offset': -2, 'importance': 5.9664249420166016e-05}]"
2018-02-14T11:21:40,2018-02-14T11:21:30,2018-02-14T11:21:40,0.9979128241539,0.9830410480499268,1,CRITICAL,Exfiltration,medium,"[{'feature': 'Fwd_Bwd_Byte_Ratio', 'reason': 'High relative backward byte volume indicates data exfiltration.'}]",Impact,low,heuristic,3.457069396861634e-06,stable,"[{'feature': 'Bwd Pkts/s', 'importance': 0.0023230910301208496, 'direction': 'increases_risk'}, {'feature': 'Pkts_Per_Sec', 'importance': 0.0007222890853881836, 'direction': 'increases_risk'}, {'feature': 'Fwd Pkts/s', 'importance': 0.0006774663925170898, 'direction': 'increases_risk'}, {'feature': 'Flow Pkts/s', 'importance': 0.00018155574798583984, 'direction': 'increases_risk'}, {'feature': 'Fwd Seg Size Min', 'importance': 6.192922592163086e-05, 'direction': 'increases_risk'}]","[{'window_offset': -1, 'importance': 0.000567317008972168}, {'window_offset': 0, 'importance': 0.00017517805099487305}, {'window_offset': -2, 'importance': 6.03795051574707e-05}]"
2018-02-14T11:21:50,2018-02-14T11:21:40,2018-02-14T11:21:50,0.9979113936424256,0.9830410480499268,1,CRITICAL,Exfiltration,medium,"[{'feature': 'Fwd_Bwd_Byte_Ratio', 'reason': 'High relative backward byte volume indicates data exfiltration.'}]",Impact,low,heuristic,-1.4305114743873304e-06,stable,"[{'feature': 'Bwd Pkts/s', 'importance': 0.0023195743560791016, 'direction': 'increases_risk'}, {'feature': 'Pkts_Per_Sec', 'importance': 0.0007203817367553711, 'direction': 'increases_risk'}, {'feature': 'Fwd Pkts/s', 'importance': 0.0006785392761230469, 'direction': 'increases_risk'}, {'feature': 'Flow Pkts/s', 'importance': 0.00018274784088134766, 'direction': 'increases_risk'}, {'feature': 'Fwd Seg Size Min', 'importance': 6.288290023803711e-05, 'direction': 'increases_risk'}]","[{'window_offset': -1, 'importance': 0.0005689859390258789}, {'window_offset': 0, 'importance': 0.00016921758651733398}, {'window_offset': -2, 'importance': 5.918741226196289e-05}]"
2018-02-14T11:22:00,2018-02-14T11:21:50,2018-02-14T11:22:00,0.9979094862937928,0.9830410480499268,1,CRITICAL,Exfiltration,medium,"[{'feature': 'Fwd_Bwd_Byte_Ratio', 'reason': 'High relative backward byte volume indicates data exfiltration.'}]",Impact,low,heuristic,-1.9073486328125e-06,stable,"[{'feature': 'Bwd Pkts/s', 'importance': 0.002303600311279297, 'direction': 'increases_risk'}, {'feature': 'Pkts_Per_Sec', 'importance': 0.0007207393646240234, 'direction': 'increases_risk'}, {'feature': 'Fwd Pkts/s', 'importance': 0.0006797313690185547, 'direction': 'increases_risk'}, {'feature': 'Flow Pkts/s', 'importance': 0.00018322467803955078, 'direction': 'increases_risk'}, {'feature': 'Fwd Seg Size Min', 'importance': 6.240606307983398e-05, 'direction': 'increases_risk'}]","[{'window_offset': -1, 'importance': 0.0005658864974975586}, {'window_offset': 0, 'importance': 0.00016766786575317383}, {'window_offset': -2, 'importance': 6.03795051574707e-05}]"
2018-02-14T11:22:10,2018-02-14T11:22:00,2018-02-14T11:22:10,0.9979092478752136,0.9830410480499268,1,CRITICAL,Exfiltration,medium,"[{'feature': 'Fwd_Bwd_Byte_Ratio', 'reason': 'High relative backward byte volume indicates data exfiltration.'}]",Impact,low,heuristic,-2.384185792125848e-07,stable,"[{'feature': 'Bwd Pkts/s', 'importance': 0.0023058056831359863, 'direction': 'increases_risk'}, {'feature': 'Pkts_Per_Sec', 'importance': 0.0007202625274658203, 'direction': 'increases_risk'}, {'feature': 'Fwd Pkts/s', 'importance': 0.0006787776947021484, 'direction': 'increases_risk'}, {'feature': 'Flow Pkts/s', 'importance': 0.00018072128295898438, 'direction': 'increases_risk'}, {'feature': 'Fwd Seg Size Min', 'importance': 6.216764450073242e-05, 'direction': 'increases_risk'}]","[{'window_offset': -1, 'importance': 0.0005658864974975586}, {'window_offset': 0, 'importance': 0.0001698136329650879}, {'window_offset': -2, 'importance': 5.9664249420166016e-05}]"
2018-02-14T11:22:20,2018-02-14T11:22:10,2018-02-14T11:22:20,0.9979093670845032,0.9830410480499268,1,CRITICAL,Exfiltration,medium,"[{'feature': 'Fwd_Bwd_Byte_Ratio', 'reason': 'High relative backward byte volume indicates data exfiltration.'}]",Impact,low,heuristic,1.1920928955078125e-07,stable,"[{'feature': 'Bwd Pkts/s', 'importance': 0.0023102164268493652, 'direction': 'increases_risk'}, {'feature': 'Pkts_Per_Sec', 'importance': 0.0007193088531494141, 'direction': 'increases_risk'}, {'feature': 'Fwd Pkts/s', 'importance': 0.0006783008575439453, 'direction': 'increases_risk'}, {'feature': 'Flow Pkts/s', 'importance': 0.00018024444580078125, 'direction': 'increases_risk'}, {'feature': 'Fwd Seg Size Min', 'importance': 6.22868537902832e-05, 'direction': 'increases_risk'}]","[{'window_offset': -1, 'importance': 0.0005670785903930664}, {'window_offset': 0, 'importance': 0.00016921758651733398}, {'window_offset': -2, 'importance': 5.906820297241211e-05}]"
2018-02-14T11:22:30,2018-02-14T11:22:20,2018-02-14T11:22:30,0.997912347316742,0.9830410480499268,1,CRITICAL,Exfiltration,medium,"[{'feature': 'Fwd_Bwd_Byte_Ratio', 'reason': 'High relative backward byte volume indicates data exfiltration.'}]",Impact,low,heuristic,2.9802322388805536e-06,stable,"[{'feature': 'Bwd Pkts/s', 'importance': 0.0023275017738342285, 'direction': 'increases_risk'}, {'feature': 'Pkts_Per_Sec', 'importance': 0.0007159113883972168, 'direction': 'increases_risk'}, {'feature': 'Fwd Pkts/s', 'importance': 0.0006760358810424805, 'direction': 'increases_risk'}, {'feature': 'Flow Pkts/s', 'importance': 0.00017815828323364258, 'direction': 'increases_risk'}, {'feature': 'Fwd Seg Size Min', 'importance': 6.276369094848633e-05, 'direction': 'increases_risk'}]","[{'window_offset': -1, 'importance': 0.0005688667297363281}, {'window_offset': 0, 'importance': 0.0001717209815979004}, {'window_offset': -2, 'importance': 6.03795051574707e-05}]"
2018-02-14T11:22:40,2018-02-14T11:22:30,2018-02-14T11:22:40,0.9979164004325868,0.9830410480499268,1,CRITICAL,Exfiltration,medium,"[{'feature': 'Fwd_Bwd_Byte_Ratio', 'reason': 'High relative backward byte volume indicates data exfiltration.'}]",Impact,low,heuristic,4.0531158447265625e-06,stable,"[{'feature': 'Bwd Pkts/s', 'importance': 0.0023400187492370605, 'direction': 'increases_risk'}, {'feature': 'Pkts_Per_Sec', 'importance': 0.0007114410400390625, 'direction': 'increases_risk'}, {'feature': 'Fwd Pkts/s', 'importance': 0.0006740689277648926, 'direction': 'increases_risk'}, {'feature': 'Flow Pkts/s', 'importance': 0.00017637014389038086, 'direction': 'increases_risk'}, {'feature': 'Fwd Seg Size Min', 'importance': 6.35981559753418e-05, 'direction': 'increases_risk'}]","[{'window_offset': -1, 'importance': 0.0005701184272766113}, {'window_offset': 0, 'importance': 0.00017315149307250977}, {'window_offset': -2, 'importance': 6.127357482910156e-05}]"
2018-02-14T11:22:50,2018-02-14T11:22:40,2018-02-14T11:22:50,0.9979082345962524,0.9830410480499268,1,CRITICAL,Exfiltration,medium,"[{'feature': 'Fwd_Bwd_Byte_Ratio', 'reason': 'High relative backward byte volume indicates data exfiltration.'}]",Impact,low,heuristic,-8.165836334339538e-06,stable,"[{'feature': 'Bwd Pkts/s', 'importance': 0.002289712429046631, 'direction': 'increases_risk'}, {'feature': 'Pkts_Per_Sec', 'importance': 0.0007161498069763184, 'direction': 'increases_risk'}, {'feature': 'Fwd Pkts/s', 'importance': 0.0006797909736633301, 'direction': 'increases_risk'}, {'feature': 'Flow Pkts/s', 'importance': 0.00018399953842163086, 'direction': 'increases_risk'}, {'feature': 'Fwd Seg Size Min', 'importance': 6.341934204101562e-05, 'direction': 'increases_risk'}]","[{'window_offset': -1, 'importance': 0.0005647540092468262}, {'window_offset': 0, 'importance': 0.0001621842384338379}, {'window_offset': -2, 'importance': 6.0558319091796875e-05}]"
2018-02-14T11:23:00,2018-02-14T11:22:50,2018-02-14T11:23:00,0.9979117512702942,0.9830410480499268,1,CRITICAL,Exfiltration,medium,"[{'feature': 'Fwd_Bwd_Byte_Ratio', 'reason': 'High relative backward byte volume indicates data exfiltration.'}]",Impact,low,heuristic,3.516674041748047e-06,stable,"[{'feature': 'Bwd Pkts/s', 'importance': 0.0023068785667419434, 'direction': 'increases_risk'}, {'feature': 'Pkts_Per_Sec', 'importance': 0.0007172226905822754, 'direction': 'increases_risk'}, {'feature': 'Fwd Pkts/s', 'importance': 0.0006771087646484375, 'direction': 'increases_risk'}, {'feature': 'Flow Pkts/s', 'importance': 0.00018084049224853516, 'direction': 'increases_risk'}, {'feature': 'Fwd Seg Size Min', 'importance': 6.22868537902832e-05, 'direction': 'increases_risk'}]","[{'window_offset': -1, 'importance': 0.000564277172088623}, {'window_offset': 0, 'importance': 0.00017195940017700195}, {'window_offset': -2, 'importance': 6.181001663208008e-05}]"
2018-02-14T11:23:10,2018-02-14T11:23:00,2018-02-14T11:23:10,0.9979103207588196,0.9830410480499268,1,CRITICAL,Exfiltration,medium,"[{'feature': 'Fwd_Bwd_Byte_Ratio', 'reason': 'High relative backward byte volume indicates data exfiltration.'}]",Impact,low,heuristic,-1.430511474609375e-06,stable,"[{'feature': 'Bwd Pkts/s', 'importance': 0.002308189868927002, 'direction': 'increases_risk'}, {'feature': 'Pkts_Per_Sec', 'importance': 0.0007175207138061523, 'direction': 'increases_risk'}, {'feature': 'Fwd Pkts/s', 'importance': 0.0006777048110961914, 'direction': 'increases_risk'}, {'feature': 'Flow Pkts/s', 'importance': 0.00018107891082763672, 'direction': 'increases_risk'}, {'feature': 'Fwd Seg Size Min', 'importance': 6.276369094848633e-05, 'direction': 'increases_risk'}]","[{'window_offset': -1, 'importance': 0.0005670785903930664}, {'window_offset': 0, 'importance': 0.00016933679580688477}, {'window_offset': -2, 'importance': 5.882978439331055e-05}]"
2018-02-14T11:23:20,2018-02-14T11:23:10,2018-02-14T11:23:20,0.9979133009910583,0.9830410480499268,1,CRITICAL,Exfiltration,medium,"[{'feature': 'Fwd_Bwd_Byte_Ratio', 'reason': 'High relative backward byte volume indicates data exfiltration.'}]",Impact,low,heuristic,2.9802322387695312e-06,stable,"[{'feature': 'Bwd Pkts/s', 'importance': 0.002323925495147705, 'direction': 'increases_risk'}, {'feature': 'Pkts_Per_Sec', 'importance': 0.0007151961326599121, 'direction': 'increases_risk'}, {'feature': 'Fwd Pkts/s', 'importance': 0.0006759762763977051, 'direction': 'increases_risk'}, {'feature': 'Flow Pkts/s', 'importance': 0.00017982721328735352, 'direction': 'increases_risk'}, {'feature': 'Fwd Seg Size Min', 'importance': 6.288290023803711e-05, 'direction': 'increases_risk'}]","[{'window_offset': -1, 'importance': 0.0005682706832885742}, {'window_offset': 0, 'importance': 0.0001716017723083496}, {'window_offset': -2, 'importance': 6.097555160522461e-05}]"
2018-02-14T11:23:30,2018-02-14T11:23:20,2018-02-14T11:23:30,0.997905969619751,0.9830410480499268,1,CRITICAL,Exfiltration,medium,"[{'feature': 'Fwd_Bwd_Byte_Ratio', 'reason': 'High relative backward byte volume indicates data exfiltration.'}]",Impact,low,heuristic,-7.331371307373047e-06,stable,"[{'feature': 'Bwd Pkts/s', 'importance': 0.0022753477096557617, 'direction': 'increases_risk'}, {'feature': 'Pkts_Per_Sec', 'importance': 0.0007169842720031738, 'direction': 'increases_risk'}, {'feature': 'Fwd Pkts/s', 'importance': 0.0006801486015319824, 'direction': 'increases_risk'}, {'feature': 'Flow Pkts/s', 'importance': 0.00018101930618286133, 'direction': 'increases_risk'}, {'feature': 'Fwd Seg Size Min', 'importance': 6.246566772460938e-05, 'direction': 'increases_risk'}]","[{'window_offset': -1, 'importance': 0.0005641579627990723}, {'window_offset': 0, 'importance': 0.0001634359359741211}, {'window_offset': -2, 'importance': 5.8531761169433594e-05}]"
2018-02-14T11:23:40,2018-02-14T11:23:30,2018-02-14T11:23:40,0.9973783493041992,0.9830410480499268,1,CRITICAL,Exfiltration,medium,"[{'feature': 'Fwd_Bwd_Byte_Ratio', 'reason': 'High relative backward byte volume indicates data exfiltration.'}]",Impact,low,heuristic,-0.0005276203155517578,stable,"[{'feature': 'Bwd Pkts/s', 'importance': 0.007433116436004639, 'direction': 'increases_risk'}, {'feature': 'Pkts_Per_Sec', 'importance': 0.0019006133079528809, 'direction': 'increases_risk'}, {'feature': 'Fwd Pkts/s', 'importance': 0.0006344318389892578, 'direction': 'increases_risk'}, {'feature': 'Flow Pkts/s', 'importance': 0.00022739171981811523, 'direction': 'increases_risk'}, {'feature': 'Bwd Seg Size Avg', 'importance': -8.124113082885742e-05, 'direction': 'decreases_risk'}]","[{'window_offset': -1, 'importance': 0.0013210773468017578}, {'window_offset': 0, 'importance': -0.00035858154296875}, {'window_offset': -2, 'importance': 0.00031179189682006836}]"
2018-02-14T11:23:50,2018-02-14T11:23:40,2018-02-14T11:23:50,0.99518084526062,0.9830410480499268,1,CRITICAL,Exfiltration,medium,"[{'feature': 'Fwd_Bwd_Byte_Ratio', 'reason': 'High relative backward byte volume indicates data exfiltration.'}]",Impact,low,heuristic,-0.0021975040435792126,stable,"[{'feature': 'Bwd Pkts/s', 'importance': 0.03648251295089722, 'direction': 'increases_risk'}, {'feature': 'Pkts_Per_Sec', 'importance': 0.0050095319747924805, 'direction': 'increases_risk'}, {'feature': 'Fwd Pkts/s', 'importance': 0.0009643435478210449, 'direction': 'increases_risk'}, {'feature': 'Fwd_Bwd_Byte_Ratio', 'importance': -0.00034999847412109375, 'direction': 'decreases_risk'}, {'feature': 'Pkt Len Std', 'importance': -0.0003389716148376465, 'direction': 'decreases_risk'}]","[{'window_offset': -2, 'importance': 0.0031946301460266113}, {'window_offset': -3, 'importance': 0.0016453862190246582}, {'window_offset': -4, 'importance': 0.001091301441192627}]"
2018-02-14T11:24:00,2018-02-14T11:23:50,2018-02-14T11:24:00,0.9889158010482788,0.9830410480499268,1,CRITICAL,Exfiltration,medium,"[{'feature': 'Fwd_Bwd_Byte_Ratio', 'reason': 'High relative backward byte volume indicates data exfiltration.'}]",Impact,low,heuristic,-0.006265044212341198,stable,"[{'feature': 'Bwd Pkts/s', 'importance': 0.2197362184524536, 'direction': 'increases_risk'}, {'feature': 'Pkts_Per_Sec', 'importance': 0.01284879446029663, 'direction': 'increases_risk'}, {'feature': 'RST_SYN_Ratio', 'importance': -0.001599729061126709, 'direction': 'decreases_risk'}, {'feature': 'Pkt Len Std', 'importance': -0.0014013051986694336, 'direction': 'decreases_risk'}, {'feature': 'Fwd_Pkt_Proportion', 'importance': -0.0013885498046875, 'direction': 'decreases_risk'}]","[{'window_offset': -3, 'importance': 0.013590872287750244}, {'window_offset': -4, 'importance': 0.007182598114013672}, {'window_offset': -5, 'importance': 0.005491673946380615}]"
2018-02-14T11:24:10,2018-02-14T11:24:00,2018-02-14T11:24:10,0.9676373600959778,0.9830410480499268,0,CRITICAL,Exfiltration,medium,"[{'feature': 'Fwd_Bwd_Byte_Ratio', 'reason': 'High relative backward byte volume indicates data exfiltration.'}]",Impact,low,heuristic,-0.021278440952301025,stable,"[{'feature': 'Bwd Pkts/s', 'importance': 0.6937136650085449, 'direction': 'increases_risk'}, {'feature': 'Pkts_Per_Sec', 'importance': 0.03621351718902588, 'direction': 'increases_risk'}, {'feature': 'RST_SYN_Ratio', 'importance': -0.007876217365264893, 'direction': 'decreases_risk'}, {'feature': 'Flow Pkts/s', 'importance': -0.006581425666809082, 'direction': 'decreases_risk'}, {'feature': 'Fwd_Pkt_Proportion', 'importance': -0.006052851676940918, 'direction': 'decreases_risk'}]","[{'window_offset': -4, 'importance': 0.06200695037841797}, {'window_offset': -5, 'importance': 0.032475411891937256}, {'window_offset': -6, 'importance': 0.025588572025299072}]"
2018-02-14T11:24:20,2018-02-14T11:24:10,2018-02-14T11:24:20,0.8877797722816467,0.9830410480499268,0,CRITICAL,Exfiltration,medium,"[{'feature': 'Fwd_Bwd_Byte_Ratio', 'reason': 'High relative backward byte volume indicates data exfiltration.'}]",,low,heuristic,-0.07985758781433105,de-escalating,"[{'feature': 'Bwd Pkts/s', 'importance': 0.8530240096151829, 'direction': 'increases_risk'}, {'feature': 'Pkts_Per_Sec', 'importance': 0.10539418458938599, 'direction': 'increases_risk'}, {'feature': 'RST_SYN_Ratio', 'importance': -0.038536131381988525, 'direction': 'decreases_risk'}, {'feature': 'Fwd_Pkt_Proportion', 'importance': -0.02716463804244995, 'direction': 'decreases_risk'}, {'feature': 'Fwd Pkts/s', 'importance': -0.026939332485198975, 'direction': 'decreases_risk'}]","[{'window_offset': -5, 'importance': 0.24547255039215088}, {'window_offset': -6, 'importance': 0.14297032356262207}, {'window_offset': -7, 'importance': 0.11536431312561035}]"
2018-02-14T11:24:30,2018-02-14T11:24:20,2018-02-14T11:24:30,0.6376226544380188,0.9830410480499268,0,HIGH,Exfiltration,medium,"[{'feature': 'Fwd_Bwd_Byte_Ratio', 'reason': 'High relative backward byte volume indicates data exfiltration.'}]",,low,heuristic,-0.25015711784362793,de-escalating,"[{'feature': 'Bwd Pkts/s', 'importance': 0.6327570406720042, 'direction': 'increases_risk'}, {'feature': 'Pkts_Per_Sec', 'importance': 0.20581921935081482, 'direction': 'increases_risk'}, {'feature': 'RST_SYN_Ratio', 'importance': -0.1345454454421997, 'direction': 'decreases_risk'}, {'feature': 'Fwd_Pkt_Proportion', 'importance': -0.07962673902511597, 'direction': 'decreases_risk'}, {'feature': 'Pkt Len Std', 'importance': -0.06161212921142578, 'direction': 'decreases_risk'}]","[{'window_offset': -6, 'importance': 0.41851697862148285}, {'window_offset': -7, 'importance': 0.3109414875507355}, {'window_offset': -8, 'importance': 0.27105075120925903}]"
2018-02-14T11:24:40,2018-02-14T11:24:30,2018-02-14T11:24:40,0.2402251660823822,0.9830410480499268,0,LOW,Exfiltration,medium,"[{'feature': 'Fwd_Bwd_Byte_Ratio', 'reason': 'High relative backward byte volume indicates data exfiltration.'}]",,low,heuristic,-0.3973974883556366,de-escalating,"[{'feature': 'Bwd Pkts/s', 'importance': 0.23848094861023128, 'direction': 'increases_risk'}, {'feature': 'RST_SYN_Ratio', 'importance': -0.1889205276966095, 'direction': 'decreases_risk'}, {'feature': 'Pkts_Per_Sec', 'importance': 0.12474370002746582, 'direction': 'increases_risk'}, {'feature': 'Fwd_Pkt_Proportion', 'importance': -0.09037137031555176, 'direction': 'decreases_risk'}, {'feature': 'Fwd Seg Size Min', 'importance': -0.06976047158241272, 'direction': 'decreases_risk'}]","[{'window_offset': -7, 'importance': 0.20448614656925201}, {'window_offset': -1, 'importance': -0.19136551022529602}, {'window_offset': -8, 'importance': 0.1771596446633339}]"
2018-02-14T11:24:50,2018-02-14T11:24:40,2018-02-14T11:24:50,0.0434087850153446,0.9830410480499268,0,LOW,Exfiltration,medium,"[{'feature': 'Fwd_Bwd_Byte_Ratio', 'reason': 'High relative backward byte volume indicates data exfiltration.'}]",,low,heuristic,-0.1968163810670376,de-escalating,"[{'feature': 'RST_SYN_Ratio', 'importance': -0.07118569687008858, 'direction': 'decreases_risk'}, {'feature': 'Bwd Pkts/s', 'importance': 0.042192874825559556, 'direction': 'increases_risk'}, {'feature': 'Fwd_Pkt_Proportion', 'importance': -0.028151120990514755, 'direction': 'decreases_risk'}, {'feature': 'Pkts_Per_Sec', 'importance': 0.023072820156812668, 'direction': 'increases_risk'}, {'feature': 'Fwd Seg Size Min', 'importance': -0.022796299308538437, 'direction': 'decreases_risk'}]","[{'window_offset': -1, 'importance': -0.054997485131025314}, {'window_offset': -2, 'importance': -0.05380595102906227}, {'window_offset': -3, 'importance': -0.03967434540390968}]"
2018-02-14T11:25:00,2018-02-14T11:24:50,2018-02-14T11:25:00,0.008269352838397,0.9830410480499268,0,LOW,Exfiltration,medium,"[{'feature': 'Fwd_Bwd_Byte_Ratio', 'reason': 'High relative backward byte volume indicates data exfiltration.'}]",Impact,low,heuristic,-0.0351394321769476,stable,[],[]
2018-02-14T11:25:10,2018-02-14T11:25:00,2018-02-14T11:25:10,0.0030583518091589,0.9830410480499268,0,LOW,Exfiltration,medium,"[{'feature': 'Fwd_Bwd_Byte_Ratio', 'reason': 'High relative backward byte volume indicates data exfiltration.'}]",Impact,low,heuristic,-0.0052110010292381,stable,[],[]
2018-02-14T11:25:20,2018-02-14T11:25:10,2018-02-14T11:25:20,0.0018788645975291,0.9830410480499268,0,LOW,Exfiltration,medium,"[{'feature': 'Fwd_Bwd_Byte_Ratio', 'reason': 'High relative backward byte volume indicates data exfiltration.'}]",Impact,low,heuristic,-0.0011794872116298,stable,[],[]
2018-02-14T11:25:30,2018-02-14T11:25:20,2018-02-14T11:25:30,0.0068407771177589,0.9830410480499268,0,LOW,Exfiltration,medium,"[{'feature': 'Fwd_Bwd_Byte_Ratio', 'reason': 'High relative backward byte volume indicates data exfiltration.'}]",Impact,low,heuristic,0.0049619125202298,stable,[],[]
