timestamp,window_start,window_end,attack_probability,model_threshold,binary_prediction,risk_level,flow_count,history_windows
2018-02-14T08:33:40,2018-02-14T08:33:30,2018-02-14T08:33:40,0.0009934428380802274,0.9830410480499268,0,LOW,0,20
2018-02-14T08:33:50,2018-02-14T08:33:40,2018-02-14T08:33:50,0.004749892745167017,0.9830410480499268,0,LOW,1,20
2018-02-14T08:34:00,2018-02-14T08:33:50,2018-02-14T08:34:00,0.004797137808054686,0.9830410480499268,0,LOW,0,20
2018-02-14T08:34:10,2018-02-14T08:34:00,2018-02-14T08:34:10,0.002860400825738907,0.9830410480499268,0,LOW,0,20
2018-02-14T08:34:20,2018-02-14T08:34:10,2018-02-14T08:34:20,0.0018773680785670877,0.9830410480499268,0,LOW,0,20
2018-02-14T08:34:30,2018-02-14T08:34:20,2018-02-14T08:34:30,0.0014468381414189935,0.9830410480499268,0,LOW,0,20
2018-02-14T08:34:40,2018-02-14T08:34:30,2018-02-14T08:34:40,0.0012434041127562523,0.9830410480499268,0,LOW,0,20
2018-02-14T08:34:50,2018-02-14T08:34:40,2018-02-14T08:34:50,0.0011378710623830557,0.9830410480499268,0,LOW,0,20
2018-02-14T08:35:00,2018-02-14T08:34:50,2018-02-14T08:35:00,0.001079180627129972,0.9830410480499268,0,LOW,0,20
2018-02-14T08:35:10,2018-02-14T08:35:00,2018-02-14T08:35:10,0.001044914941303432,0.9830410480499268,0,LOW,0,20
2018-02-14T08:35:20,2018-02-14T08:35:10,2018-02-14T08:35:20,0.0010244440054520965,0.9830410480499268,0,LOW,0,20
2018-02-14T08:35:30,2018-02-14T08:35:20,2018-02-14T08:35:30,0.0010120449587702751,0.9830410480499268,0,LOW,0,20
2018-02-14T08:35:40,2018-02-14T08:35:30,2018-02-14T08:35:40,0.0010043411748483777,0.9830410480499268,0,LOW,0,20
2018-02-14T08:35:50,2018-02-14T08:35:40,2018-02-14T08:35:50,0.0009995506843551993,0.9830410480499268,0,LOW,0,20
2018-02-14T08:36:00,2018-02-14T08:35:50,2018-02-14T08:36:00,0.0009966888464987278,0.9830410480499268,0,LOW,0,20
2018-02-14T08:36:10,2018-02-14T08:36:00,2018-02-14T08:36:10,0.000994973466731608,0.9830410480499268,0,LOW,0,20
2018-02-14T08:36:20,2018-02-14T08:36:10,2018-02-14T08:36:20,0.0009939157171174884,0.9830410480499268,0,LOW,0,20
2018-02-14T08:36:30,2018-02-14T08:36:20,2018-02-14T08:36:30,0.004752203822135925,0.9830410480499268,0,LOW,1,20
2018-02-14T08:36:40,2018-02-14T08:36:30,2018-02-14T08:36:40,0.004799428395926952,0.9830410480499268,0,LOW,0,20
2018-02-14T08:36:50,2018-02-14T08:36:40,2018-02-14T08:36:50,0.002860935404896736,0.9830410480499268,0,LOW,0,20
2018-02-14T08:37:00,2018-02-14T08:36:50,2018-02-14T08:37:00,0.0018781098769977689,0.9830410480499268,0,LOW,0,20
2018-02-14T08:37:10,2018-02-14T08:37:00,2018-02-14T08:37:10,0.0014467739965766668,0.9830410480499268,0,LOW,0,20
2018-02-14T08:37:20,2018-02-14T08:37:10,2018-02-14T08:37:20,0.0012433958472684026,0.9830410480499268,0,LOW,0,20
2018-02-14T08:37:30,2018-02-14T08:37:20,2018-02-14T08:37:30,0.0011378694325685501,0.9830410480499268,0,LOW,0,20
2018-02-14T08:37:40,2018-02-14T08:37:30,2018-02-14T08:37:40,0.0010791529202833772,0.9830410480499268,0,LOW,0,20
2018-02-14T08:37:50,2018-02-14T08:37:40,2018-02-14T08:37:50,0.0010449114488437772,0.9830410480499268,0,LOW,0,20
2018-02-14T08:38:00,2018-02-14T08:37:50,2018-02-14T08:38:00,0.001024436205625534,0.9830410480499268,0,LOW,0,20
2018-02-14T08:38:10,2018-02-14T08:38:00,2018-02-14T08:38:10,0.0010120426304638386,0.9830410480499268,0,LOW,0,20
2018-02-14T08:38:20,2018-02-14T08:38:10,2018-02-14T08:38:20,0.0010043407091870904,0.9830410480499268,0,LOW,0,20
2018-02-14T08:38:30,2018-02-14T08:38:20,2018-02-14T08:38:30,0.000999550218693912,0.9830410480499268,0,LOW,0,20
2018-02-14T08:38:40,2018-02-14T08:38:30,2018-02-14T08:38:40,0.0009966888464987278,0.9830410480499268,0,LOW,0,20
2018-02-14T08:38:50,2018-02-14T08:38:40,2018-02-14T08:38:50,0.000994973466731608,0.9830410480499268,0,LOW,0,20
2018-02-14T08:39:00,2018-02-14T08:38:50,2018-02-14T08:39:00,0.0009939147857949138,0.9830410480499268,0,LOW,0,20
2018-02-14T08:39:10,2018-02-14T08:39:00,2018-02-14T08:39:10,0.0009934811387211084,0.9830410480499268,0,LOW,0,20
2018-02-14T08:39:20,2018-02-14T08:39:10,2018-02-14T08:39:20,0.004749892745167017,0.9830410480499268,0,LOW,1,20
2018-02-14T08:39:30,2018-02-14T08:39:20,2018-02-14T08:39:30,0.004797226749360561,0.9830410480499268,0,LOW,0,20
2018-02-14T08:39:40,2018-02-14T08:39:30,2018-02-14T08:39:40,0.002860400825738907,0.9830410480499268,0,LOW,0,20
2018-02-14T08:39:50,2018-02-14T08:39:40,2018-02-14T08:39:50,0.0018773647025227547,0.9830410480499268,0,LOW,0,20
2018-02-14T08:40:00,2018-02-14T08:39:50,2018-02-14T08:40:00,0.0014468354638665915,0.9830410480499268,0,LOW,0,20
2018-02-14T08:40:10,2018-02-14T08:40:00,2018-02-14T08:40:10,0.017344241961836815,0.9830410480499268,0,LOW,1,20
2018-02-14T08:40:20,2018-02-14T08:40:10,2018-02-14T08:40:20,0.04599112644791603,0.9830410480499268,0,LOW,1,20
2018-02-14T08:40:30,2018-02-14T08:40:20,2018-02-14T08:40:30,0.06193140521645546,0.9830410480499268,0,LOW,1,20
2018-02-14T08:40:40,2018-02-14T08:40:30,2018-02-14T08:40:40,0.009935551322996616,0.9830410480499268,0,LOW,0,20
2018-02-14T08:40:50,2018-02-14T08:40:40,2018-02-14T08:40:50,0.0024158188607543707,0.9830410480499268,0,LOW,0,20
2018-02-14T08:41:00,2018-02-14T08:40:50,2018-02-14T08:41:00,0.001394949620589614,0.9830410480499268,0,LOW,0,20
2018-02-14T08:41:10,2018-02-14T08:41:00,2018-02-14T08:41:10,0.0011170246871188283,0.9830410480499268,0,LOW,0,20
2018-02-14T08:41:20,2018-02-14T08:41:10,2018-02-14T08:41:20,0.0010189026361331344,0.9830410480499268,0,LOW,0,20
2018-02-14T08:41:30,2018-02-14T08:41:20,2018-02-14T08:41:30,0.0009810625342652202,0.9830410480499268,0,LOW,0,20
2018-02-14T08:41:40,2018-02-14T08:41:30,2018-02-14T08:41:40,0.0009673669701442122,0.9830410480499268,0,LOW,0,20
2018-02-14T08:41:50,2018-02-14T08:41:40,2018-02-14T08:41:50,0.0009642530931159854,0.9830410480499268,0,LOW,0,20
2018-02-14T08:42:00,2018-02-14T08:41:50,2018-02-14T08:42:00,0.0009656109614297748,0.9830410480499268,0,LOW,0,20
2018-02-14T08:42:10,2018-02-14T08:42:00,2018-02-14T08:42:10,0.004618956707417965,0.9830410480499268,0,LOW,1,20
2018-02-14T08:42:20,2018-02-14T08:42:10,2018-02-14T08:42:20,0.004717540927231312,0.9830410480499268,0,LOW,0,20
2018-02-14T08:42:30,2018-02-14T08:42:20,2018-02-14T08:42:30,0.002836918458342552,0.9830410480499268,0,LOW,0,20
2018-02-14T08:42:40,2018-02-14T08:42:30,2018-02-14T08:42:40,0.0018702575471252203,0.9830410480499268,0,LOW,0,20
2018-02-14T08:42:50,2018-02-14T08:42:40,2018-02-14T08:42:50,0.0014424282126128674,0.9830410480499268,0,LOW,0,20
2018-02-14T08:43:00,2018-02-14T08:42:50,2018-02-14T08:43:00,0.0012399316765367985,0.9830410480499268,0,LOW,0,20
2018-02-14T08:43:10,2018-02-14T08:43:00,2018-02-14T08:43:10,0.0011349093401804566,0.9830410480499268,0,LOW,0,20
2018-02-14T08:43:20,2018-02-14T08:43:10,2018-02-14T08:43:20,0.0010768063366413116,0.9830410480499268,0,LOW,0,20
2018-02-14T08:43:30,2018-02-14T08:43:20,2018-02-14T08:43:30,0.001043772674165666,0.9830410480499268,0,LOW,0,20
2018-02-14T08:43:40,2018-02-14T08:43:30,2018-02-14T08:43:40,0.001023759599775076,0.9830410480499268,0,LOW,0,20
2018-02-14T08:43:50,2018-02-14T08:43:40,2018-02-14T08:43:50,0.0010120449587702751,0.9830410480499268,0,LOW,0,20
2018-02-14T08:44:00,2018-02-14T08:43:50,2018-02-14T08:44:00,0.0010043411748483777,0.9830410480499268,0,LOW,0,20
2018-02-14T08:44:10,2018-02-14T08:44:00,2018-02-14T08:44:10,0.000999550218693912,0.9830410480499268,0,LOW,0,20
2018-02-14T08:44:20,2018-02-14T08:44:10,2018-02-14T08:44:20,0.0009966888464987278,0.9830410480499268,0,LOW,0,20
2018-02-14T08:44:30,2018-02-14T08:44:20,2018-02-14T08:44:30,0.000994973466731608,0.9830410480499268,0,LOW,0,20
2018-02-14T08:44:40,2018-02-14T08:44:30,2018-02-14T08:44:40,0.0009939157171174884,0.9830410480499268,0,LOW,0,20
2018-02-14T08:44:50,2018-02-14T08:44:40,2018-02-14T08:44:50,0.0009934811387211084,0.9830410480499268,0,LOW,0,20
2018-02-14T08:45:00,2018-02-14T08:44:50,2018-02-14T08:45:00,0.004749892745167017,0.9830410480499268,0,LOW,1,20
2018-02-14T08:45:10,2018-02-14T08:45:00,2018-02-14T08:45:10,0.004797229077666998,0.9830410480499268,0,LOW,0,20
2018-02-14T08:45:20,2018-02-14T08:45:10,2018-02-14T08:45:20,0.002860400825738907,0.9830410480499268,0,LOW,0,20
2018-02-14T08:45:30,2018-02-14T08:45:20,2018-02-14T08:45:30,0.0018773647025227547,0.9830410480499268,0,LOW,0,20
2018-02-14T08:45:40,2018-02-14T08:45:30,2018-02-14T08:45:40,0.0014468354638665915,0.9830410480499268,0,LOW,0,20
2018-02-14T08:45:50,2018-02-14T08:45:40,2018-02-14T08:45:50,0.001243402948603034,0.9830410480499268,0,LOW,0,20
2018-02-14T08:46:00,2018-02-14T08:45:50,2018-02-14T08:46:00,0.0011378710623830557,0.9830410480499268,0,LOW,0,20
2018-02-14T08:46:10,2018-02-14T08:46:00,2018-02-14T08:46:10,0.001079180627129972,0.9830410480499268,0,LOW,0,20
2018-02-14T08:46:20,2018-02-14T08:46:10,2018-02-14T08:46:20,0.001044914941303432,0.9830410480499268,0,LOW,0,20
2018-02-14T08:46:30,2018-02-14T08:46:20,2018-02-14T08:46:30,0.0010244444711133838,0.9830410480499268,0,LOW,0,20
2018-02-14T08:46:40,2018-02-14T08:46:30,2018-02-14T08:46:40,0.0010120449587702751,0.9830410480499268,0,LOW,0,20
2018-02-14T08:46:50,2018-02-14T08:46:40,2018-02-14T08:46:50,0.0010043411748483777,0.9830410480499268,0,LOW,0,20
2018-02-14T08:47:00,2018-02-14T08:46:50,2018-02-14T08:47:00,0.000999550218693912,0.9830410480499268,0,LOW,0,20
2018-02-14T08:47:10,2018-02-14T08:47:00,2018-02-14T08:47:10,0.002654503332450986,0.9830410480499268,0,LOW,11,20
2018-02-14T08:47:20,2018-02-14T08:47:10,2018-02-14T08:47:20,0.009259295649826527,0.9830410480499268,0,LOW,19,20
2018-02-14T08:47:30,2018-02-14T08:47:20,2018-02-14T08:47:30,0.028082672506570816,0.9830410480499268,0,LOW,3,20
2018-02-14T08:47:40,2018-02-14T08:47:30,2018-02-14T08:47:40,0.00861444789916277,0.9830410480499268,0,LOW,0,20
2018-02-14T08:47:50,2018-02-14T08:47:40,2018-02-14T08:47:50,0.01832999475300312,0.9830410480499268,0,LOW,1,20
2018-02-14T08:48:00,2018-02-14T08:47:50,2018-02-14T08:48:00,0.008926556445658207,0.9830410480499268,0,LOW,0,20
2018-02-14T08:48:10,2018-02-14T08:48:00,2018-02-14T08:48:10,0.003596268827095628,0.9830410480499268,0,LOW,0,20
2018-02-14T08:48:20,2018-02-14T08:48:10,2018-02-14T08:48:20,0.0020404669921845198,0.9830410480499268,0,LOW,0,20
2018-02-14T08:48:30,2018-02-14T08:48:20,2018-02-14T08:48:30,0.0014975906815379858,0.9830410480499268,0,LOW,0,20
2018-02-14T08:48:40,2018-02-14T08:48:30,2018-02-14T08:48:40,0.001262268633581698,0.9830410480499268,0,LOW,0,20
2018-02-14T08:48:50,2018-02-14T08:48:40,2018-02-14T08:48:50,0.0011448162840679288,0.9830410480499268,0,LOW,0,20
2018-02-14T08:49:00,2018-02-14T08:48:50,2018-02-14T08:49:00,0.0010809071827679873,0.9830410480499268,0,LOW,0,20
2018-02-14T08:49:10,2018-02-14T08:49:00,2018-02-14T08:49:10,0.0010441069025546312,0.9830410480499268,0,LOW,0,20
2018-02-14T08:49:20,2018-02-14T08:49:10,2018-02-14T08:49:20,0.0010222732089459896,0.9830410480499268,0,LOW,0,20
2018-02-14T08:49:30,2018-02-14T08:49:20,2018-02-14T08:49:30,0.0010092310840263963,0.9830410480499268,0,LOW,0,20
2018-02-14T08:49:40,2018-02-14T08:49:30,2018-02-14T08:49:40,0.0010012190323323011,0.9830410480499268,0,LOW,0,20
2018-02-14T08:49:50,2018-02-14T08:49:40,2018-02-14T08:49:50,0.000996431102976203,0.9830410480499268,0,LOW,0,20
2018-02-14T08:50:00,2018-02-14T08:49:50,2018-02-14T08:50:00,0.0009936756687238812,0.9830410480499268,0,LOW,0,20
2018-02-14T08:50:10,2018-02-14T08:50:00,2018-02-14T08:50:10,0.0009923530742526054,0.9830410480499268,0,LOW,0,20
2018-02-14T08:50:20,2018-02-14T08:50:10,2018-02-14T08:50:20,0.000992015702649951,0.9830410480499268,0,LOW,0,20
2018-02-14T08:50:30,2018-02-14T08:50:20,2018-02-14T08:50:30,0.0009921593591570854,0.9830410480499268,0,LOW,0,20
2018-02-14T08:50:40,2018-02-14T08:50:30,2018-02-14T08:50:40,0.004745215643197298,0.9830410480499268,0,LOW,1,20
2018-02-14T08:50:50,2018-02-14T08:50:40,2018-02-14T08:50:50,0.004797144792973995,0.9830410480499268,0,LOW,0,20
2018-02-14T08:51:00,2018-02-14T08:50:50,2018-02-14T08:51:00,0.002860403386875987,0.9830410480499268,0,LOW,0,20
2018-02-14T08:51:10,2018-02-14T08:51:00,2018-02-14T08:51:10,0.0018773690098896623,0.9830410480499268,0,LOW,0,20
2018-02-14T08:51:20,2018-02-14T08:51:10,2018-02-14T08:51:20,0.0014468374429270625,0.9830410480499268,0,LOW,0,20
2018-02-14T08:51:30,2018-02-14T08:51:20,2018-02-14T08:51:30,0.0012434041127562523,0.9830410480499268,0,LOW,0,20
2018-02-14T08:51:40,2018-02-14T08:51:30,2018-02-14T08:51:40,0.0011378710623830557,0.9830410480499268,0,LOW,0,20
2018-02-14T08:51:50,2018-02-14T08:51:40,2018-02-14T08:51:50,0.001079180627129972,0.9830410480499268,0,LOW,0,20
2018-02-14T08:52:00,2018-02-14T08:51:50,2018-02-14T08:52:00,0.0010449144756421447,0.9830410480499268,0,LOW,0,20
2018-02-14T08:52:10,2018-02-14T08:52:00,2018-02-14T08:52:10,0.0010244440054520965,0.9830410480499268,0,LOW,0,20
2018-02-14T08:52:20,2018-02-14T08:52:10,2018-02-14T08:52:20,0.0010120449587702751,0.9830410480499268,0,LOW,0,20
2018-02-14T08:52:30,2018-02-14T08:52:20,2018-02-14T08:52:30,0.0010043411748483777,0.9830410480499268,0,LOW,0,20
2018-02-14T08:52:40,2018-02-14T08:52:30,2018-02-14T08:52:40,0.0009995511500164866,0.9830410480499268,0,LOW,0,20
2018-02-14T08:52:50,2018-02-14T08:52:40,2018-02-14T08:52:50,0.0009966888464987278,0.9830410480499268,0,LOW,0,20
2018-02-14T08:53:00,2018-02-14T08:52:50,2018-02-14T08:53:00,0.000994973466731608,0.9830410480499268,0,LOW,0,20
2018-02-14T08:53:10,2018-02-14T08:53:00,2018-02-14T08:53:10,0.0009939157171174884,0.9830410480499268,0,LOW,0,20
2018-02-14T08:53:20,2018-02-14T08:53:10,2018-02-14T08:53:20,0.0009934811387211084,0.9830410480499268,0,LOW,0,20
2018-02-14T08:53:30,2018-02-14T08:53:20,2018-02-14T08:53:30,0.004749892745167017,0.9830410480499268,0,LOW,1,20
2018-02-14T08:53:40,2018-02-14T08:53:30,2018-02-14T08:53:40,0.004797137808054686,0.9830410480499268,0,LOW,0,20
2018-02-14T08:53:50,2018-02-14T08:53:40,2018-02-14T08:53:50,0.002860400825738907,0.9830410480499268,0,LOW,0,20
2018-02-14T08:54:00,2018-02-14T08:53:50,2018-02-14T08:54:00,0.0018773680785670877,0.9830410480499268,0,LOW,0,20
2018-02-14T08:54:10,2018-02-14T08:54:00,2018-02-14T08:54:10,0.0014468381414189935,0.9830410480499268,0,LOW,0,20
2018-02-14T08:54:20,2018-02-14T08:54:10,2018-02-14T08:54:20,0.0012434041127562523,0.9830410480499268,0,LOW,0,20
2018-02-14T08:54:30,2018-02-14T08:54:20,2018-02-14T08:54:30,0.0011378710623830557,0.9830410480499268,0,LOW,0,20
2018-02-14T08:54:40,2018-02-14T08:54:30,2018-02-14T08:54:40,0.001079180627129972,0.9830410480499268,0,LOW,0,20
2018-02-14T08:54:50,2018-02-14T08:54:40,2018-02-14T08:54:50,0.001044914941303432,0.9830410480499268,0,LOW,0,20
2018-02-14T08:55:00,2018-02-14T08:54:50,2018-02-14T08:55:00,0.0010244440054520965,0.9830410480499268,0,LOW,0,20
2018-02-14T08:55:10,2018-02-14T08:55:00,2018-02-14T08:55:10,0.0010120449587702751,0.9830410480499268,0,LOW,0,20
2018-02-14T08:55:20,2018-02-14T08:55:10,2018-02-14T08:55:20,0.0010043411748483777,0.9830410480499268,0,LOW,0,20
2018-02-14T08:55:30,2018-02-14T08:55:20,2018-02-14T08:55:30,0.0009995506843551993,0.9830410480499268,0,LOW,0,20
2018-02-14T08:55:40,2018-02-14T08:55:30,2018-02-14T08:55:40,0.0009966888464987278,0.9830410480499268,0,LOW,0,20
2018-02-14T08:55:50,2018-02-14T08:55:40,2018-02-14T08:55:50,0.000994973466731608,0.9830410480499268,0,LOW,0,20
2018-02-14T08:56:00,2018-02-14T08:55:50,2018-02-14T08:56:00,0.0009939157171174884,0.9830410480499268,0,LOW,0,20
2018-02-14T08:56:10,2018-02-14T08:56:00,2018-02-14T08:56:10,0.0009934811387211084,0.9830410480499268,0,LOW,0,20
2018-02-14T08:56:20,2018-02-14T08:56:10,2018-02-14T08:56:20,0.004749892745167017,0.9830410480499268,0,LOW,1,20
2018-02-14T08:56:30,2018-02-14T08:56:20,2018-02-14T08:56:30,0.004797229077666998,0.9830410480499268,0,LOW,0,20
2018-02-14T08:56:40,2018-02-14T08:56:30,2018-02-14T08:56:40,0.002860400825738907,0.9830410480499268,0,LOW,0,20
2018-02-14T08:56:50,2018-02-14T08:56:40,2018-02-14T08:56:50,0.0018773647025227547,0.9830410480499268,0,LOW,0,20
2018-02-14T08:57:00,2018-02-14T08:56:50,2018-02-14T08:57:00,0.0014468354638665915,0.9830410480499268,0,LOW,0,20
2018-02-14T08:57:10,2018-02-14T08:57:00,2018-02-14T08:57:10,0.001243402948603034,0.9830410480499268,0,LOW,0,20
2018-02-14T08:57:20,2018-02-14T08:57:10,2018-02-14T08:57:20,0.0011378710623830557,0.9830410480499268,0,LOW,0,20
2018-02-14T08:57:30,2018-02-14T08:57:20,2018-02-14T08:57:30,0.001079180627129972,0.9830410480499268,0,LOW,0,20
2018-02-14T08:57:40,2018-02-14T08:57:30,2018-02-14T08:57:40,0.001044914941303432,0.9830410480499268,0,LOW,0,20
2018-02-14T08:57:50,2018-02-14T08:57:40,2018-02-14T08:57:50,0.0010244444711133838,0.9830410480499268,0,LOW,0,20
2018-02-14T08:58:00,2018-02-14T08:57:50,2018-02-14T08:58:00,0.0010120449587702751,0.9830410480499268,0,LOW,0,20
2018-02-14T08:58:10,2018-02-14T08:58:00,2018-02-14T08:58:10,0.0010043411748483777,0.9830410480499268,0,LOW,0,20
2018-02-14T08:58:20,2018-02-14T08:58:10,2018-02-14T08:58:20,0.0035770395770668983,0.9830410480499268,0,LOW,1,20
2018-02-14T08:58:30,2018-02-14T08:58:20,2018-02-14T08:58:30,0.002387569285929203,0.9830410480499268,0,LOW,0,20
2018-02-14T08:58:40,2018-02-14T08:58:30,2018-02-14T08:58:40,0.0015419223345816135,0.9830410480499268,0,LOW,0,20
2018-02-14T08:58:50,2018-02-14T08:58:40,2018-02-14T08:58:50,0.0012167883105576038,0.9830410480499268,0,LOW,0,20
2018-02-14T08:59:00,2018-02-14T08:58:50,2018-02-14T08:59:00,0.0010854753199964762,0.9830410480499268,0,LOW,0,20
2018-02-14T08:59:10,2018-02-14T08:59:00,2018-02-14T08:59:10,0.005179061554372311,0.9830410480499268,0,LOW,1,20
2018-02-14T08:59:20,2018-02-14T08:59:10,2018-02-14T08:59:20,0.0051384842954576015,0.9830410480499268,0,LOW,0,20
2018-02-14T08:59:30,2018-02-14T08:59:20,2018-02-14T08:59:30,0.003000756027176976,0.9830410480499268,0,LOW,0,20
2018-02-14T08:59:40,2018-02-14T08:59:30,2018-02-14T08:59:40,0.0019381301244720817,0.9830410480499268,0,LOW,0,20
2018-02-14T08:59:50,2018-02-14T08:59:40,2018-02-14T08:59:50,0.0014781448990106583,0.9830410480499268,0,LOW,0,20
2018-02-14T09:00:00,2018-02-14T08:59:50,2018-02-14T09:00:00,0.0012611523270606995,0.9830410480499268,0,LOW,0,20
2018-02-14T09:00:10,2018-02-14T09:00:00,2018-02-14T09:00:10,0.0011485859286040068,0.9830410480499268,0,LOW,0,20
2018-02-14T09:00:20,2018-02-14T09:00:10,2018-02-14T09:00:20,0.0010862386552616954,0.9830410480499268,0,LOW,0,20
2018-02-14T09:00:30,2018-02-14T09:00:20,2018-02-14T09:00:30,0.001050005666911602,0.9830410480499268,0,LOW,0,20
2018-02-14T09:00:40,2018-02-14T09:00:30,2018-02-14T09:00:40,0.0010283573064953089,0.9830410480499268,0,LOW,0,20
2018-02-14T09:00:50,2018-02-14T09:00:40,2018-02-14T09:00:50,0.0010150161106139421,0.9830410480499268,0,LOW,0,20
2018-02-14T09:01:00,2018-02-14T09:00:50,2018-02-14T09:01:00,0.0010067879920825362,0.9830410480499268,0,LOW,0,20
2018-02-14T09:01:10,2018-02-14T09:01:00,2018-02-14T09:01:10,0.0010015902807936072,0.9830410480499268,0,LOW,0,20
2018-02-14T09:01:20,2018-02-14T09:01:10,2018-02-14T09:01:20,0.0009981404291465878,0.9830410480499268,0,LOW,0,20
2018-02-14T09:01:30,2018-02-14T09:01:20,2018-02-14T09:01:30,0.0009957872098311782,0.9830410480499268,0,LOW,0,20
2018-02-14T09:01:40,2018-02-14T09:01:30,2018-02-14T09:01:40,0.0009939157171174884,0.9830410480499268,0,LOW,0,20
2018-02-14T09:01:50,2018-02-14T09:01:40,2018-02-14T09:01:50,0.0047520664520561695,0.9830410480499268,0,LOW,1,20
2018-02-14T09:02:00,2018-02-14T09:01:50,2018-02-14T09:02:00,0.0047997524961829185,0.9830410480499268,0,LOW,0,20
2018-02-14T09:02:10,2018-02-14T09:02:00,2018-02-14T09:02:10,0.002860863460227847,0.9830410480499268,0,LOW,0,20
2018-02-14T09:02:20,2018-02-14T09:02:10,2018-02-14T09:02:20,0.0018781260587275028,0.9830410480499268,0,LOW,0,20
2018-02-14T09:02:30,2018-02-14T09:02:20,2018-02-14T09:02:30,0.0014468381414189935,0.9830410480499268,0,LOW,0,20
2018-02-14T09:02:40,2018-02-14T09:02:30,2018-02-14T09:02:40,0.0012434041127562523,0.9830410480499268,0,LOW,0,20
2018-02-14T09:02:50,2018-02-14T09:02:40,2018-02-14T09:02:50,0.0011378710623830557,0.9830410480499268,0,LOW,0,20
2018-02-14T09:03:00,2018-02-14T09:02:50,2018-02-14T09:03:00,0.001079180627129972,0.9830410480499268,0,LOW,0,20
2018-02-14T09:03:10,2018-02-14T09:03:00,2018-02-14T09:03:10,0.001044914941303432,0.9830410480499268,0,LOW,0,20
2018-02-14T09:03:20,2018-02-14T09:03:10,2018-02-14T09:03:20,0.0010244440054520965,0.9830410480499268,0,LOW,0,20
2018-02-14T09:03:30,2018-02-14T09:03:20,2018-02-14T09:03:30,0.0010120449587702751,0.9830410480499268,0,LOW,0,20
2018-02-14T09:03:40,2018-02-14T09:03:30,2018-02-14T09:03:40,0.0010043411748483777,0.9830410480499268,0,LOW,0,20
2018-02-14T09:03:50,2018-02-14T09:03:40,2018-02-14T09:03:50,0.0009995506843551993,0.9830410480499268,0,LOW,0,20
2018-02-14T09:04:00,2018-02-14T09:03:50,2018-02-14T09:04:00,0.0009966888464987278,0.9830410480499268,0,LOW,0,20
2018-02-14T09:04:10,2018-02-14T09:04:00,2018-02-14T09:04:10,0.000994973466731608,0.9830410480499268,0,LOW,0,20
2018-02-14T09:04:20,2018-02-14T09:04:10,2018-02-14T09:04:20,0.0009939157171174884,0.9830410480499268,0,LOW,0,20
2018-02-14T09:04:30,2018-02-14T09:04:20,2018-02-14T09:04:30,0.0009934811387211084,0.9830410480499268,0,LOW,0,20
2018-02-14T09:04:40,2018-02-14T09:04:30,2018-02-14T09:04:40,0.004749892745167017,0.9830410480499268,0,LOW,1,20
2018-02-14T09:04:50,2018-02-14T09:04:40,2018-02-14T09:04:50,0.004797137808054686,0.9830410480499268,0,LOW,0,20
2018-02-14T09:05:00,2018-02-14T09:04:50,2018-02-14T09:05:00,0.002860400825738907,0.9830410480499268,0,LOW,0,20
2018-02-14T09:05:10,2018-02-14T09:05:00,2018-02-14T09:05:10,0.012660406529903412,0.9830410480499268,0,LOW,1,20
2018-02-14T09:05:20,2018-02-14T09:05:10,2018-02-14T09:05:20,0.006678752601146698,0.9830410480499268,0,LOW,0,20
2018-02-14T09:05:30,2018-02-14T09:05:20,2018-02-14T09:05:30,0.002911401679739356,0.9830410480499268,0,LOW,0,20
2018-02-14T09:05:40,2018-02-14T09:05:30,2018-02-14T09:05:40,0.001802448183298111,0.9830410480499268,0,LOW,0,20
2018-02-14T09:05:50,2018-02-14T09:05:40,2018-02-14T09:05:50,0.001399592263624072,0.9830410480499268,0,LOW,0,20
2018-02-14T09:06:00,2018-02-14T09:05:50,2018-02-14T09:06:00,0.0012176618911325932,0.9830410480499268,0,LOW,0,20
2018-02-14T09:06:10,2018-02-14T09:06:00,2018-02-14T09:06:10,0.0011239686282351613,0.9830410480499268,0,LOW,0,20
2018-02-14T09:06:20,2018-02-14T09:06:10,2018-02-14T09:06:20,0.0010715005919337273,0.9830410480499268,0,LOW,0,20
2018-02-14T09:06:30,2018-02-14T09:06:20,2018-02-14T09:06:30,0.001040928647853434,0.9830410480499268,0,LOW,0,20
2018-02-14T09:06:40,2018-02-14T09:06:30,2018-02-14T09:06:40,0.0010223048739135265,0.9830410480499268,0,LOW,0,20
2018-02-14T09:06:50,2018-02-14T09:06:40,2018-02-14T09:06:50,0.0010107567068189383,0.9830410480499268,0,LOW,0,20
2018-02-14T09:07:00,2018-02-14T09:06:50,2018-02-14T09:07:00,0.0010034727165475488,0.9830410480499268,0,LOW,0,20
2018-02-14T09:07:10,2018-02-14T09:07:00,2018-02-14T09:07:10,0.0009989362442865968,0.9830410480499268,0,LOW,0,20
2018-02-14T09:07:20,2018-02-14T09:07:10,2018-02-14T09:07:20,0.0009960841853171587,0.9830410480499268,0,LOW,0,20
2018-02-14T09:07:30,2018-02-14T09:07:20,2018-02-14T09:07:30,0.004756538197398186,0.9830410480499268,0,LOW,1,20
2018-02-14T09:07:40,2018-02-14T09:07:30,2018-02-14T09:07:40,0.004798979964107275,0.9830410480499268,0,LOW,0,20
2018-02-14T09:07:50,2018-02-14T09:07:40,2018-02-14T09:07:50,0.002860014559701085,0.9830410480499268,0,LOW,0,20
2018-02-14T09:08:00,2018-02-14T09:07:50,2018-02-14T09:08:00,0.0018766829743981361,0.9830410480499268,0,LOW,0,20
2018-02-14T09:08:10,2018-02-14T09:08:00,2018-02-14T09:08:10,0.0014457571087405086,0.9830410480499268,0,LOW,0,20
2018-02-14T09:08:20,2018-02-14T09:08:10,2018-02-14T09:08:20,0.0012424066662788391,0.9830410480499268,0,LOW,0,20
2018-02-14T09:08:30,2018-02-14T09:08:20,2018-02-14T09:08:30,0.0011378710623830557,0.9830410480499268,0,LOW,0,20
2018-02-14T09:08:40,2018-02-14T09:08:30,2018-02-14T09:08:40,0.001079180627129972,0.9830410480499268,0,LOW,0,20
2018-02-14T09:08:50,2018-02-14T09:08:40,2018-02-14T09:08:50,0.001044914941303432,0.9830410480499268,0,LOW,0,20
2018-02-14T09:09:00,2018-02-14T09:08:50,2018-02-14T09:09:00,0.0010244440054520965,0.9830410480499268,0,LOW,0,20
2018-02-14T09:09:10,2018-02-14T09:09:00,2018-02-14T09:09:10,0.0010120449587702751,0.9830410480499268,0,LOW,0,20
2018-02-14T09:09:20,2018-02-14T09:09:10,2018-02-14T09:09:20,0.0010043411748483777,0.9830410480499268,0,LOW,0,20
2018-02-14T09:09:30,2018-02-14T09:09:20,2018-02-14T09:09:30,0.000999550218693912,0.9830410480499268,0,LOW,0,20
2018-02-14T09:09:40,2018-02-14T09:09:30,2018-02-14T09:09:40,0.0009966888464987278,0.9830410480499268,0,LOW,0,20
2018-02-14T09:09:50,2018-02-14T09:09:40,2018-02-14T09:09:50,0.000994973466731608,0.9830410480499268,0,LOW,0,20
2018-02-14T09:10:00,2018-02-14T09:09:50,2018-02-14T09:10:00,0.0009939157171174884,0.9830410480499268,0,LOW,0,20
2018-02-14T09:10:10,2018-02-14T09:10:00,2018-02-14T09:10:10,0.0009934811387211084,0.9830410480499268,0,LOW,0,20
2018-02-14T09:10:20,2018-02-14T09:10:10,2018-02-14T09:10:20,0.004749890882521868,0.9830410480499268,0,LOW,1,20
2018-02-14T09:10:30,2018-02-14T09:10:20,2018-02-14T09:10:30,0.004797147121280432,0.9830410480499268,0,LOW,0,20
2018-02-14T09:10:40,2018-02-14T09:10:30,2018-02-14T09:10:40,0.002860403386875987,0.9830410480499268,0,LOW,0,20
2018-02-14T09:10:50,2018-02-14T09:10:40,2018-02-14T09:10:50,0.0018773690098896623,0.9830410480499268,0,LOW,0,20
2018-02-14T09:11:00,2018-02-14T09:10:50,2018-02-14T09:11:00,0.0014468374429270625,0.9830410480499268,0,LOW,0,20
2018-02-14T09:11:10,2018-02-14T09:11:00,2018-02-14T09:11:10,0.0012434041127562523,0.9830410480499268,0,LOW,0,20
2018-02-14T09:11:20,2018-02-14T09:11:10,2018-02-14T09:11:20,0.0011378710623830557,0.9830410480499268,0,LOW,0,20
2018-02-14T09:11:30,2018-02-14T09:11:20,2018-02-14T09:11:30,0.001079180627129972,0.9830410480499268,0,LOW,0,20
2018-02-14T09:11:40,2018-02-14T09:11:30,2018-02-14T09:11:40,0.0010449144756421447,0.9830410480499268,0,LOW,0,20
2018-02-14T09:11:50,2018-02-14T09:11:40,2018-02-14T09:11:50,0.0010244440054520965,0.9830410480499268,0,LOW,0,20
2018-02-14T09:12:00,2018-02-14T09:11:50,2018-02-14T09:12:00,0.0010120449587702751,0.9830410480499268,0,LOW,0,20
2018-02-14T09:12:10,2018-02-14T09:12:00,2018-02-14T09:12:10,0.0010043411748483777,0.9830410480499268,0,LOW,0,20
2018-02-14T09:12:20,2018-02-14T09:12:10,2018-02-14T09:12:20,0.0009995511500164866,0.9830410480499268,0,LOW,0,20
2018-02-14T09:12:30,2018-02-14T09:12:20,2018-02-14T09:12:30,0.0009966888464987278,0.9830410480499268,0,LOW,0,20
2018-02-14T09:12:40,2018-02-14T09:12:30,2018-02-14T09:12:40,0.000994973466731608,0.9830410480499268,0,LOW,0,20
2018-02-14T09:12:50,2018-02-14T09:12:40,2018-02-14T09:12:50,0.0009939157171174884,0.9830410480499268,0,LOW,0,20
2018-02-14T09:13:00,2018-02-14T09:12:50,2018-02-14T09:13:00,0.0009934811387211084,0.9830410480499268,0,LOW,0,20
2018-02-14T09:13:10,2018-02-14T09:13:00,2018-02-14T09:13:10,0.004749892745167017,0.9830410480499268,0,LOW,1,20
2018-02-14T09:13:20,2018-02-14T09:13:10,2018-02-14T09:13:20,0.004797229077666998,0.9830410480499268,0,LOW,0,20
2018-02-14T09:13:30,2018-02-14T09:13:20,2018-02-14T09:13:30,0.002860400825738907,0.9830410480499268,0,LOW,0,20
2018-02-14T09:13:40,2018-02-14T09:13:30,2018-02-14T09:13:40,0.0018773647025227547,0.9830410480499268,0,LOW,0,20
2018-02-14T09:13:50,2018-02-14T09:13:40,2018-02-14T09:13:50,0.0014468354638665915,0.9830410480499268,0,LOW,0,20
2018-02-14T09:14:00,2018-02-14T09:13:50,2018-02-14T09:14:00,0.001243402948603034,0.9830410480499268,0,LOW,0,20
2018-02-14T09:14:10,2018-02-14T09:14:00,2018-02-14T09:14:10,0.0011378710623830557,0.9830410480499268,0,LOW,0,20
2018-02-14T09:14:20,2018-02-14T09:14:10,2018-02-14T09:14:20,0.001079180627129972,0.9830410480499268,0,LOW,0,20
2018-02-14T09:14:30,2018-02-14T09:14:20,2018-02-14T09:14:30,0.001044914941303432,0.9830410480499268,0,LOW,0,20
2018-02-14T09:14:40,2018-02-14T09:14:30,2018-02-14T09:14:40,0.0010244444711133838,0.9830410480499268,0,LOW,0,20
2018-02-14T09:14:50,2018-02-14T09:14:40,2018-02-14T09:14:50,0.0010120449587702751,0.9830410480499268,0,LOW,0,20
2018-02-14T09:15:00,2018-02-14T09:14:50,2018-02-14T09:15:00,0.0010043411748483777,0.9830410480499268,0,LOW,0,20
2018-02-14T09:15:10,2018-02-14T09:15:00,2018-02-14T09:15:10,0.000999550218693912,0.9830410480499268,0,LOW,0,20
2018-02-14T09:15:20,2018-02-14T09:15:10,2018-02-14T09:15:20,0.0009966888464987278,0.9830410480499268,0,LOW,0,20
2018-02-14T09:15:30,2018-02-14T09:15:20,2018-02-14T09:15:30,0.000994973466731608,0.9830410480499268,0,LOW,0,20
2018-02-14T09:15:40,2018-02-14T09:15:30,2018-02-14T09:15:40,0.0009939157171174884,0.9830410480499268,0,LOW,0,20
2018-02-14T09:15:50,2018-02-14T09:15:40,2018-02-14T09:15:50,0.0009934811387211084,0.9830410480499268,0,LOW,0,20
2018-02-14T09:16:00,2018-02-14T09:15:50,2018-02-14T09:16:00,0.004749892745167017,0.9830410480499268,0,LOW,1,20
2018-02-14T09:16:10,2018-02-14T09:16:00,2018-02-14T09:16:10,0.004797147121280432,0.9830410480499268,0,LOW,0,20
2018-02-14T09:16:20,2018-02-14T09:16:10,2018-02-14T09:16:20,0.002860403386875987,0.9830410480499268,0,LOW,0,20
2018-02-14T09:16:30,2018-02-14T09:16:20,2018-02-14T09:16:30,0.0018773690098896623,0.9830410480499268,0,LOW,0,20
2018-02-14T09:16:40,2018-02-14T09:16:30,2018-02-14T09:16:40,0.0014468374429270625,0.9830410480499268,0,LOW,0,20
2018-02-14T09:16:50,2018-02-14T09:16:40,2018-02-14T09:16:50,0.0012434041127562523,0.9830410480499268,0,LOW,0,20
2018-02-14T09:17:00,2018-02-14T09:16:50,2018-02-14T09:17:00,0.0011378710623830557,0.9830410480499268,0,LOW,0,20
2018-02-14T09:17:10,2018-02-14T09:17:00,2018-02-14T09:17:10,0.001079180627129972,0.9830410480499268,0,LOW,0,20
2018-02-14T09:17:20,2018-02-14T09:17:10,2018-02-14T09:17:20,0.0010449144756421447,0.9830410480499268,0,LOW,0,20
2018-02-14T09:17:30,2018-02-14T09:17:20,2018-02-14T09:17:30,0.0010244440054520965,0.9830410480499268,0,LOW,0,20
2018-02-14T09:17:40,2018-02-14T09:17:30,2018-02-14T09:17:40,0.0010120449587702751,0.9830410480499268,0,LOW,0,20
2018-02-14T09:17:50,2018-02-14T09:17:40,2018-02-14T09:17:50,0.0010043411748483777,0.9830410480499268,0,LOW,0,20
2018-02-14T09:18:00,2018-02-14T09:17:50,2018-02-14T09:18:00,0.0009995511500164866,0.9830410480499268,0,LOW,0,20
2018-02-14T09:18:10,2018-02-14T09:18:00,2018-02-14T09:18:10,0.0009966888464987278,0.9830410480499268,0,LOW,0,20
2018-02-14T09:18:20,2018-02-14T09:18:10,2018-02-14T09:18:20,0.000994973466731608,0.9830410480499268,0,LOW,0,20
2018-02-14T09:18:30,2018-02-14T09:18:20,2018-02-14T09:18:30,0.0009939157171174884,0.9830410480499268,0,LOW,0,20
2018-02-14T09:18:40,2018-02-14T09:18:30,2018-02-14T09:18:40,0.0009934811387211084,0.9830410480499268,0,LOW,0,20
2018-02-14T09:18:50,2018-02-14T09:18:40,2018-02-14T09:18:50,0.004749892745167017,0.9830410480499268,0,LOW,1,20
2018-02-14T09:19:00,2018-02-14T09:18:50,2018-02-14T09:19:00,0.004797137808054686,0.9830410480499268,0,LOW,0,20
2018-02-14T09:19:10,2018-02-14T09:19:00,2018-02-14T09:19:10,0.01406284049153328,0.9830410480499268,0,LOW,1,20
2018-02-14T09:19:20,2018-02-14T09:19:10,2018-02-14T09:19:20,0.006285109091550112,0.9830410480499268,0,LOW,0,20
2018-02-14T09:19:30,2018-02-14T09:19:20,2018-02-14T09:19:30,0.0026843638624995947,0.9830410480499268,0,LOW,0,20
2018-02-14T09:19:40,2018-02-14T09:19:30,2018-02-14T09:19:40,0.0016932832077145576,0.9830410480499268,0,LOW,0,20
2018-02-14T09:19:50,2018-02-14T09:19:40,2018-02-14T09:19:50,0.0013382150791585445,0.9830410480499268,0,LOW,0,20
2018-02-14T09:20:00,2018-02-14T09:19:50,2018-02-14T09:20:00,0.0011797671904787421,0.9830410480499268,0,LOW,0,20
2018-02-14T09:20:10,2018-02-14T09:20:00,2018-02-14T09:20:10,0.0010991912567988038,0.9830410480499268,0,LOW,0,20
2018-02-14T09:20:20,2018-02-14T09:20:10,2018-02-14T09:20:20,0.0010547854471951723,0.9830410480499268,0,LOW,0,20
2018-02-14T09:20:30,2018-02-14T09:20:20,2018-02-14T09:20:30,0.0010291796643286943,0.9830410480499268,0,LOW,0,20
2018-02-14T09:20:40,2018-02-14T09:20:30,2018-02-14T09:20:40,0.0010138752404600382,0.9830410480499268,0,LOW,0,20
2018-02-14T09:20:50,2018-02-14T09:20:40,2018-02-14T09:20:50,0.0010046637617051601,0.9830410480499268,0,LOW,0,20
2018-02-14T09:21:00,2018-02-14T09:20:50,2018-02-14T09:21:00,0.0009989365935325623,0.9830410480499268,0,LOW,0,20
2018-02-14T09:21:10,2018-02-14T09:21:00,2018-02-14T09:21:10,0.0009955567074939609,0.9830410480499268,0,LOW,0,20
2018-02-14T09:21:20,2018-02-14T09:21:10,2018-02-14T09:21:20,0.0009934452828019857,0.9830410480499268,0,LOW,0,20
2018-02-14T09:21:30,2018-02-14T09:21:20,2018-02-14T09:21:30,0.0009922112803906202,0.9830410480499268,0,LOW,0,20
2018-02-14T09:21:40,2018-02-14T09:21:30,2018-02-14T09:21:40,0.0047404528595507145,0.9830410480499268,0,LOW,1,20
2018-02-14T09:21:50,2018-02-14T09:21:40,2018-02-14T09:21:50,0.004789099562913179,0.9830410480499268,0,LOW,0,20
2018-02-14T09:22:00,2018-02-14T09:21:50,2018-02-14T09:22:00,0.002856206614524126,0.9830410480499268,0,LOW,0,20
2018-02-14T09:22:10,2018-02-14T09:22:00,2018-02-14T09:22:10,0.0018749323207885027,0.9830410480499268,0,LOW,0,20
2018-02-14T09:22:20,2018-02-14T09:22:10,2018-02-14T09:22:20,0.0014451630413532257,0.9830410480499268,0,LOW,0,20
2018-02-14T09:22:30,2018-02-14T09:22:20,2018-02-14T09:22:30,0.001243402948603034,0.9830410480499268,0,LOW,0,20
2018-02-14T09:22:40,2018-02-14T09:22:30,2018-02-14T09:22:40,0.0011378710623830557,0.9830410480499268,0,LOW,0,20
2018-02-14T09:22:50,2018-02-14T09:22:40,2018-02-14T09:22:50,0.001079180627129972,0.9830410480499268,0,LOW,0,20
2018-02-14T09:23:00,2018-02-14T09:22:50,2018-02-14T09:23:00,0.001044914941303432,0.9830410480499268,0,LOW,0,20
2018-02-14T09:23:10,2018-02-14T09:23:00,2018-02-14T09:23:10,0.0010244444711133838,0.9830410480499268,0,LOW,0,20
2018-02-14T09:23:20,2018-02-14T09:23:10,2018-02-14T09:23:20,0.0010120449587702751,0.9830410480499268,0,LOW,0,20
2018-02-14T09:23:30,2018-02-14T09:23:20,2018-02-14T09:23:30,0.0010043411748483777,0.9830410480499268,0,LOW,0,20
2018-02-14T09:23:40,2018-02-14T09:23:30,2018-02-14T09:23:40,0.000999550218693912,0.9830410480499268,0,LOW,0,20
2018-02-14T09:23:50,2018-02-14T09:23:40,2018-02-14T09:23:50,0.0009966888464987278,0.9830410480499268,0,LOW,0,20
2018-02-14T09:24:00,2018-02-14T09:23:50,2018-02-14T09:24:00,0.000994973466731608,0.9830410480499268,0,LOW,0,20
2018-02-14T09:24:10,2018-02-14T09:24:00,2018-02-14T09:24:10,0.0009939157171174884,0.9830410480499268,0,LOW,0,20
2018-02-14T09:24:20,2018-02-14T09:24:10,2018-02-14T09:24:20,0.0009934811387211084,0.9830410480499268,0,LOW,0,20
2018-02-14T09:24:30,2018-02-14T09:24:20,2018-02-14T09:24:30,0.004749892745167017,0.9830410480499268,0,LOW,1,20
2018-02-14T09:24:40,2018-02-14T09:24:30,2018-02-14T09:24:40,0.004797137808054686,0.9830410480499268,0,LOW,0,20
2018-02-14T09:24:50,2018-02-14T09:24:40,2018-02-14T09:24:50,0.002860400825738907,0.9830410480499268,0,LOW,0,20
2018-02-14T09:25:00,2018-02-14T09:24:50,2018-02-14T09:25:00,0.00788684468716383,0.9830410480499268,0,LOW,1,20
2018-02-14T09:25:10,2018-02-14T09:25:00,2018-02-14T09:25:10,0.003916067536920309,0.9830410480499268,0,LOW,0,20
2018-02-14T09:25:20,2018-02-14T09:25:10,2018-02-14T09:25:20,0.0020337530877441168,0.9830410480499268,0,LOW,0,20
2018-02-14T09:25:30,2018-02-14T09:25:20,2018-02-14T09:25:30,0.0014331541024148464,0.9830410480499268,0,LOW,0,20
2018-02-14T09:25:40,2018-02-14T09:25:30,2018-02-14T09:25:40,0.0012039830908179283,0.9830410480499268,0,LOW,0,20
2018-02-14T09:25:50,2018-02-14T09:25:40,2018-02-14T09:25:50,0.0010985746048390865,0.9830410480499268,0,LOW,0,20
2018-02-14T09:26:00,2018-02-14T09:25:50,2018-02-14T09:26:00,0.0010457304306328297,0.9830410480499268,0,LOW,0,20
2018-02-14T09:26:10,2018-02-14T09:26:00,2018-02-14T09:26:10,0.0010183389531448483,0.9830410480499268,0,LOW,0,20
2018-02-14T09:26:20,2018-02-14T09:26:10,2018-02-14T09:26:20,0.001004131743684411,0.9830410480499268,0,LOW,0,20
2018-02-14T09:26:30,2018-02-14T09:26:20,2018-02-14T09:26:30,0.000996667891740799,0.9830410480499268,0,LOW,0,20
2018-02-14T09:26:40,2018-02-14T09:26:30,2018-02-14T09:26:40,0.000992857152596116,0.9830410480499268,0,LOW,0,20
2018-02-14T09:26:50,2018-02-14T09:26:40,2018-02-14T09:26:50,0.0009911159286275506,0.9830410480499268,0,LOW,0,20
2018-02-14T09:27:00,2018-02-14T09:26:50,2018-02-14T09:27:00,0.0009905187180265784,0.9830410480499268,0,LOW,0,20
2018-02-14T09:27:10,2018-02-14T09:27:00,2018-02-14T09:27:10,0.0009904616745188832,0.9830410480499268,0,LOW,0,20
2018-02-14T09:27:20,2018-02-14T09:27:10,2018-02-14T09:27:20,0.0047335196286439896,0.9830410480499268,0,LOW,1,20
2018-02-14T09:27:30,2018-02-14T09:27:20,2018-02-14T09:27:30,0.004798681475222111,0.9830410480499268,0,LOW,0,20
2018-02-14T09:27:40,2018-02-14T09:27:30,2018-02-14T09:27:40,0.0028667673468589783,0.9830410480499268,0,LOW,0,20
2018-02-14T09:27:50,2018-02-14T09:27:40,2018-02-14T09:27:50,0.0018824198050424457,0.9830410480499268,0,LOW,0,20
2018-02-14T09:28:00,2018-02-14T09:27:50,2018-02-14T09:28:00,0.001449806266464293,0.9830410480499268,0,LOW,0,20
2018-02-14T09:28:10,2018-02-14T09:28:00,2018-02-14T09:28:10,0.001245014602318406,0.9830410480499268,0,LOW,0,20
2018-02-14T09:28:20,2018-02-14T09:28:10,2018-02-14T09:28:20,0.0011378710623830557,0.9830410480499268,0,LOW,0,20
2018-02-14T09:28:30,2018-02-14T09:28:20,2018-02-14T09:28:30,0.001079180627129972,0.9830410480499268,0,LOW,0,20
2018-02-14T09:28:40,2018-02-14T09:28:30,2018-02-14T09:28:40,0.001044914941303432,0.9830410480499268,0,LOW,0,20
2018-02-14T09:28:50,2018-02-14T09:28:40,2018-02-14T09:28:50,0.0010244440054520965,0.9830410480499268,0,LOW,0,20
2018-02-14T09:29:00,2018-02-14T09:28:50,2018-02-14T09:29:00,0.0010120449587702751,0.9830410480499268,0,LOW,0,20
2018-02-14T09:29:10,2018-02-14T09:29:00,2018-02-14T09:29:10,0.0010043411748483777,0.9830410480499268,0,LOW,0,20
2018-02-14T09:29:20,2018-02-14T09:29:10,2018-02-14T09:29:20,0.0009995506843551993,0.9830410480499268,0,LOW,0,20
2018-02-14T09:29:30,2018-02-14T09:29:20,2018-02-14T09:29:30,0.0009966888464987278,0.9830410480499268,0,LOW,0,20
2018-02-14T09:29:40,2018-02-14T09:29:30,2018-02-14T09:29:40,0.000994973466731608,0.9830410480499268,0,LOW,0,20
2018-02-14T09:29:50,2018-02-14T09:29:40,2018-02-14T09:29:50,0.0009939157171174884,0.9830410480499268,0,LOW,0,20
2018-02-14T09:30:00,2018-02-14T09:29:50,2018-02-14T09:30:00,0.004778266418725252,0.9830410480499268,0,LOW,2,20
2018-02-14T09:30:10,2018-02-14T09:30:00,2018-02-14T09:30:10,0.005996949505060911,0.9830410480499268,0,LOW,0,20
2018-02-14T09:30:20,2018-02-14T09:30:10,2018-02-14T09:30:20,0.0035270366352051497,0.9830410480499268,0,LOW,0,20
2018-02-14T09:30:30,2018-02-14T09:30:20,2018-02-14T09:30:30,0.002186835976317525,0.9830410480499268,0,LOW,0,20
2018-02-14T09:30:40,2018-02-14T09:30:30,2018-02-14T09:30:40,0.0016139961080625653,0.9830410480499268,0,LOW,0,20
2018-02-14T09:30:50,2018-02-14T09:30:40,2018-02-14T09:30:50,0.0013448065146803856,0.9830410480499268,0,LOW,0,20
2018-02-14T09:31:00,2018-02-14T09:30:50,2018-02-14T09:31:00,0.0012036028783768415,0.9830410480499268,0,LOW,0,20
2018-02-14T09:31:10,2018-02-14T09:31:00,2018-02-14T09:31:10,0.0011236495338380337,0.9830410480499268,0,LOW,0,20
2018-02-14T09:31:20,2018-02-14T09:31:10,2018-02-14T09:31:20,0.0010761055164039135,0.9830410480499268,0,LOW,0,20
2018-02-14T09:31:30,2018-02-14T09:31:20,2018-02-14T09:31:30,0.0010465941159054637,0.9830410480499268,0,LOW,0,20
2018-02-14T09:31:40,2018-02-14T09:31:30,2018-02-14T09:31:40,0.0010280243586748838,0.9830410480499268,0,LOW,0,20
2018-02-14T09:31:50,2018-02-14T09:31:40,2018-02-14T09:31:50,0.0010158679215237498,0.9830410480499268,0,LOW,0,20
2018-02-14T09:32:00,2018-02-14T09:31:50,2018-02-14T09:32:00,0.0010079871863126755,0.9830410480499268,0,LOW,0,20
2018-02-14T09:32:10,2018-02-14T09:32:00,2018-02-14T09:32:10,0.0010028639808297157,0.9830410480499268,0,LOW,0,20
2018-02-14T09:32:20,2018-02-14T09:32:10,2018-02-14T09:32:20,0.0009994464926421642,0.9830410480499268,0,LOW,0,20
2018-02-14T09:32:30,2018-02-14T09:32:20,2018-02-14T09:32:30,0.000997199909761548,0.9830410480499268,0,LOW,0,20
2018-02-14T09:32:40,2018-02-14T09:32:30,2018-02-14T09:32:40,0.0009955794084817171,0.9830410480499268,0,LOW,0,20
2018-02-14T09:32:50,2018-02-14T09:32:40,2018-02-14T09:32:50,0.004756750538945198,0.9830410480499268,0,LOW,1,20
2018-02-14T09:33:00,2018-02-14T09:32:50,2018-02-14T09:33:00,0.004799966234713793,0.9830410480499268,0,LOW,0,20
2018-02-14T09:33:10,2018-02-14T09:33:00,2018-02-14T09:33:10,0.0028607789427042007,0.9830410480499268,0,LOW,0,20
2018-02-14T09:33:20,2018-02-14T09:33:10,2018-02-14T09:33:20,0.0018773690098896623,0.9830410480499268,0,LOW,0,20
2018-02-14T09:33:30,2018-02-14T09:33:20,2018-02-14T09:33:30,0.0014468374429270625,0.9830410480499268,0,LOW,0,20
2018-02-14T09:33:40,2018-02-14T09:33:30,2018-02-14T09:33:40,0.0012434041127562523,0.9830410480499268,0,LOW,0,20
2018-02-14T09:33:50,2018-02-14T09:33:40,2018-02-14T09:33:50,0.0011378710623830557,0.9830410480499268,0,LOW,0,20
2018-02-14T09:34:00,2018-02-14T09:33:50,2018-02-14T09:34:00,0.001079180627129972,0.9830410480499268,0,LOW,0,20
2018-02-14T09:34:10,2018-02-14T09:34:00,2018-02-14T09:34:10,0.0010449144756421447,0.9830410480499268,0,LOW,0,20
2018-02-14T09:34:20,2018-02-14T09:34:10,2018-02-14T09:34:20,0.0010244440054520965,0.9830410480499268,0,LOW,0,20
2018-02-14T09:34:30,2018-02-14T09:34:20,2018-02-14T09:34:30,0.0010120449587702751,0.9830410480499268,0,LOW,0,20
2018-02-14T09:34:40,2018-02-14T09:34:30,2018-02-14T09:34:40,0.015623550862073898,0.9830410480499268,0,LOW,1,20
2018-02-14T09:34:50,2018-02-14T09:34:40,2018-02-14T09:34:50,0.014125760644674301,0.9830410480499268,0,LOW,0,20
2018-02-14T09:35:00,2018-02-14T09:34:50,2018-02-14T09:35:00,0.005698515567928553,0.9830410480499268,0,LOW,0,20
2018-02-14T09:35:10,2018-02-14T09:35:00,2018-02-14T09:35:10,0.0028202340472489595,0.9830410480499268,0,LOW,0,20
2018-02-14T09:35:20,2018-02-14T09:35:10,2018-02-14T09:35:20,0.0018962023314088583,0.9830410480499268,0,LOW,0,20
2018-02-14T09:35:30,2018-02-14T09:35:20,2018-02-14T09:35:30,0.001503589330241084,0.9830410480499268,0,LOW,0,20
2018-02-14T09:35:40,2018-02-14T09:35:30,2018-02-14T09:35:40,0.006308440119028091,0.9830410480499268,0,LOW,1,20
2018-02-14T09:35:50,2018-02-14T09:35:40,2018-02-14T09:35:50,0.005557638593018055,0.9830410480499268,0,LOW,0,20
2018-02-14T09:36:00,2018-02-14T09:35:50,2018-02-14T09:36:00,0.003073532599955797,0.9830410480499268,0,LOW,0,20
2018-02-14T09:36:10,2018-02-14T09:36:00,2018-02-14T09:36:10,0.011254739947617054,0.9830410480499268,0,LOW,1,20
2018-02-14T09:36:20,2018-02-14T09:36:10,2018-02-14T09:36:20,0.005659956485033035,0.9830410480499268,0,LOW,0,20
2018-02-14T09:36:30,2018-02-14T09:36:20,2018-02-14T09:36:30,0.002599020255729556,0.9830410480499268,0,LOW,0,20
2018-02-14T09:36:40,2018-02-14T09:36:30,2018-02-14T09:36:40,0.0016828110674396157,0.9830410480499268,0,LOW,0,20
2018-02-14T09:36:50,2018-02-14T09:36:40,2018-02-14T09:36:50,0.0013400516472756863,0.9830410480499268,0,LOW,0,20
2018-02-14T09:37:00,2018-02-14T09:36:50,2018-02-14T09:37:00,0.0011833468452095985,0.9830410480499268,0,LOW,0,20
2018-02-14T09:37:10,2018-02-14T09:37:00,2018-02-14T09:37:10,0.0011022357502952218,0.9830410480499268,0,LOW,0,20
2018-02-14T09:37:20,2018-02-14T09:37:10,2018-02-14T09:37:20,0.001057336339727044,0.9830410480499268,0,LOW,0,20
2018-02-14T09:37:30,2018-02-14T09:37:20,2018-02-14T09:37:30,0.0010310118086636066,0.9830410480499268,0,LOW,0,20
2018-02-14T09:37:40,2018-02-14T09:37:30,2018-02-14T09:37:40,0.0010154800256714225,0.9830410480499268,0,LOW,0,20
2018-02-14T09:37:50,2018-02-14T09:37:40,2018-02-14T09:37:50,0.0010059026535600424,0.9830410480499268,0,LOW,0,20
2018-02-14T09:38:00,2018-02-14T09:37:50,2018-02-14T09:38:00,0.0010006683878600597,0.9830410480499268,0,LOW,0,20
2018-02-14T09:38:10,2018-02-14T09:38:00,2018-02-14T09:38:10,0.0009968398371711373,0.9830410480499268,0,LOW,0,20
2018-02-14T09:38:20,2018-02-14T09:38:10,2018-02-14T09:38:20,0.0009945291094481945,0.9830410480499268,0,LOW,0,20
2018-02-14T09:38:30,2018-02-14T09:38:20,2018-02-14T09:38:30,0.004749575164169073,0.9830410480499268,0,LOW,1,20
2018-02-14T09:38:40,2018-02-14T09:38:30,2018-02-14T09:38:40,0.004795808810740709,0.9830410480499268,0,LOW,0,20
2018-02-14T09:38:50,2018-02-14T09:38:40,2018-02-14T09:38:50,0.01267771702259779,0.9830410480499268,0,LOW,1,20
2018-02-14T09:39:00,2018-02-14T09:38:50,2018-02-14T09:39:00,0.005630596075206995,0.9830410480499268,0,LOW,0,20
2018-02-14T09:39:10,2018-02-14T09:39:00,2018-02-14T09:39:10,0.002552192658185959,0.9830410480499268,0,LOW,0,20
2018-02-14T09:39:20,2018-02-14T09:39:10,2018-02-14T09:39:20,0.0016588333528488874,0.9830410480499268,0,LOW,0,20
2018-02-14T09:39:30,2018-02-14T09:39:20,2018-02-14T09:39:30,0.0013263259315863252,0.9830410480499268,0,LOW,0,20
2018-02-14T09:39:40,2018-02-14T09:39:30,2018-02-14T09:39:40,0.0011734612053260207,0.9830410480499268,0,LOW,0,20
2018-02-14T09:39:50,2018-02-14T09:39:40,2018-02-14T09:39:50,0.0010946352267637849,0.9830410480499268,0,LOW,0,20
2018-02-14T09:40:00,2018-02-14T09:39:50,2018-02-14T09:40:00,0.0010508267441764474,0.9830410480499268,0,LOW,0,20
2018-02-14T09:40:10,2018-02-14T09:40:00,2018-02-14T09:40:10,0.0010256656678393483,0.9830410480499268,0,LOW,0,20
2018-02-14T09:40:20,2018-02-14T09:40:10,2018-02-14T09:40:20,0.0010107576381415129,0.9830410480499268,0,LOW,0,20
2018-02-14T09:40:30,2018-02-14T09:40:20,2018-02-14T09:40:30,0.0010018106549978256,0.9830410480499268,0,LOW,0,20
2018-02-14T09:40:40,2018-02-14T09:40:30,2018-02-14T09:40:40,0.0009966337820515037,0.9830410480499268,0,LOW,0,20
2018-02-14T09:40:50,2018-02-14T09:40:40,2018-02-14T09:40:50,0.0009934731060639024,0.9830410480499268,0,LOW,0,20
2018-02-14T09:41:00,2018-02-14T09:40:50,2018-02-14T09:41:00,0.000991734443232417,0.9830410480499268,0,LOW,0,20
2018-02-14T09:41:10,2018-02-14T09:41:00,2018-02-14T09:41:10,0.0009908968349918723,0.9830410480499268,0,LOW,0,20
2018-02-14T09:41:20,2018-02-14T09:41:10,2018-02-14T09:41:20,0.004734027199447155,0.9830410480499268,0,LOW,1,20
2018-02-14T09:41:30,2018-02-14T09:41:20,2018-02-14T09:41:30,0.004786559380590916,0.9830410480499268,0,LOW,0,20
2018-02-14T09:41:40,2018-02-14T09:41:30,2018-02-14T09:41:40,0.0028560261707752943,0.9830410480499268,0,LOW,0,20
2018-02-14T09:41:50,2018-02-14T09:41:40,2018-02-14T09:41:50,0.0018749848240986466,0.9830410480499268,0,LOW,0,20
2018-02-14T09:42:00,2018-02-14T09:41:50,2018-02-14T09:42:00,0.0014450851595029235,0.9830410480499268,0,LOW,0,20
2018-02-14T09:42:10,2018-02-14T09:42:00,2018-02-14T09:42:10,0.0012434041127562523,0.9830410480499268,0,LOW,0,20
2018-02-14T09:42:20,2018-02-14T09:42:10,2018-02-14T09:42:20,0.004334515891969204,0.9830410480499268,0,LOW,1,20
2018-02-14T09:42:30,2018-02-14T09:42:20,2018-02-14T09:42:30,0.002963701030239463,0.9830410480499268,0,LOW,0,20
2018-02-14T09:42:40,2018-02-14T09:42:30,2018-02-14T09:42:40,0.0018823177088052034,0.9830410480499268,0,LOW,0,20
2018-02-14T09:42:50,2018-02-14T09:42:40,2018-02-14T09:42:50,0.00143859360832721,0.9830410480499268,0,LOW,0,20
2018-02-14T09:43:00,2018-02-14T09:42:50,2018-02-14T09:43:00,0.001236814190633595,0.9830410480499268,0,LOW,0,20
2018-02-14T09:43:10,2018-02-14T09:43:00,2018-02-14T09:43:10,0.0011339540360495448,0.9830410480499268,0,LOW,0,20
2018-02-14T09:43:20,2018-02-14T09:43:10,2018-02-14T09:43:20,0.0010770977241918445,0.9830410480499268,0,LOW,0,20
2018-02-14T09:43:30,2018-02-14T09:43:20,2018-02-14T09:43:30,0.0010440830374136567,0.9830410480499268,0,LOW,0,20
2018-02-14T09:43:40,2018-02-14T09:43:30,2018-02-14T09:43:40,0.001024123514071107,0.9830410480499268,0,LOW,0,20
2018-02-14T09:43:50,2018-02-14T09:43:40,2018-02-14T09:43:50,0.0010119066573679447,0.9830410480499268,0,LOW,0,20
2018-02-14T09:44:00,2018-02-14T09:43:50,2018-02-14T09:44:00,0.0010042436188086867,0.9830410480499268,0,LOW,0,20
2018-02-14T09:44:10,2018-02-14T09:44:00,2018-02-14T09:44:10,0.004794925916939974,0.9830410480499268,0,LOW,1,20
2018-02-14T09:44:20,2018-02-14T09:44:10,2018-02-14T09:44:20,0.004819693975150585,0.9830410480499268,0,LOW,0,20
2018-02-14T09:44:30,2018-02-14T09:44:20,2018-02-14T09:44:30,0.002865373156964779,0.9830410480499268,0,LOW,0,20
2018-02-14T09:44:40,2018-02-14T09:44:30,2018-02-14T09:44:40,0.001878483803011477,0.9830410480499268,0,LOW,0,20
2018-02-14T09:44:50,2018-02-14T09:44:40,2018-02-14T09:44:50,0.0014461466344073415,0.9830410480499268,0,LOW,0,20
2018-02-14T09:45:00,2018-02-14T09:44:50,2018-02-14T09:45:00,0.0012421209830790758,0.9830410480499268,0,LOW,0,20
2018-02-14T09:45:10,2018-02-14T09:45:00,2018-02-14T09:45:10,0.0011362045770511031,0.9830410480499268,0,LOW,0,20
2018-02-14T09:45:20,2018-02-14T09:45:10,2018-02-14T09:45:20,0.0010777977295219898,0.9830410480499268,0,LOW,0,20
2018-02-14T09:45:30,2018-02-14T09:45:20,2018-02-14T09:45:30,0.0010441819904372096,0.9830410480499268,0,LOW,0,20
2018-02-14T09:45:40,2018-02-14T09:45:30,2018-02-14T09:45:40,0.0010244440054520965,0.9830410480499268,0,LOW,0,20
2018-02-14T09:45:50,2018-02-14T09:45:40,2018-02-14T09:45:50,0.0010120449587702751,0.9830410480499268,0,LOW,0,20
2018-02-14T09:46:00,2018-02-14T09:45:50,2018-02-14T09:46:00,0.0010043411748483777,0.9830410480499268,0,LOW,0,20
2018-02-14T09:46:10,2018-02-14T09:46:00,2018-02-14T09:46:10,0.0009995511500164866,0.9830410480499268,0,LOW,0,20
2018-02-14T09:46:20,2018-02-14T09:46:10,2018-02-14T09:46:20,0.0009966888464987278,0.9830410480499268,0,LOW,0,20
2018-02-14T09:46:30,2018-02-14T09:46:20,2018-02-14T09:46:30,0.000994973466731608,0.9830410480499268,0,LOW,0,20
2018-02-14T09:46:40,2018-02-14T09:46:30,2018-02-14T09:46:40,0.0009939157171174884,0.9830410480499268,0,LOW,0,20
2018-02-14T09:46:50,2018-02-14T09:46:40,2018-02-14T09:46:50,0.0009934811387211084,0.9830410480499268,0,LOW,0,20
2018-02-14T09:47:00,2018-02-14T09:46:50,2018-02-14T09:47:00,0.004749892745167017,0.9830410480499268,0,LOW,1,20
2018-02-14T09:47:10,2018-02-14T09:47:00,2018-02-14T09:47:10,0.004797229077666998,0.9830410480499268,0,LOW,0,20
2018-02-14T09:47:20,2018-02-14T09:47:10,2018-02-14T09:47:20,0.002860400825738907,0.9830410480499268,0,LOW,0,20
2018-02-14T09:47:30,2018-02-14T09:47:20,2018-02-14T09:47:30,0.0018773647025227547,0.9830410480499268,0,LOW,0,20
2018-02-14T09:47:40,2018-02-14T09:47:30,2018-02-14T09:47:40,0.0014468354638665915,0.9830410480499268,0,LOW,0,20
2018-02-14T09:47:50,2018-02-14T09:47:40,2018-02-14T09:47:50,0.001243402948603034,0.9830410480499268,0,LOW,0,20
2018-02-14T09:48:00,2018-02-14T09:47:50,2018-02-14T09:48:00,0.0011378710623830557,0.9830410480499268,0,LOW,0,20
2018-02-14T09:48:10,2018-02-14T09:48:00,2018-02-14T09:48:10,0.001079180627129972,0.9830410480499268,0,LOW,0,20
2018-02-14T09:48:20,2018-02-14T09:48:10,2018-02-14T09:48:20,0.001044914941303432,0.9830410480499268,0,LOW,0,20
2018-02-14T09:48:30,2018-02-14T09:48:20,2018-02-14T09:48:30,0.0010244444711133838,0.9830410480499268,0,LOW,0,20
2018-02-14T09:48:40,2018-02-14T09:48:30,2018-02-14T09:48:40,0.0036131590604782104,0.9830410480499268,0,LOW,1,20
2018-02-14T09:48:50,2018-02-14T09:48:40,2018-02-14T09:48:50,0.0024027398321777582,0.9830410480499268,0,LOW,0,20
2018-02-14T09:49:00,2018-02-14T09:48:50,2018-02-14T09:49:00,0.001546224462799728,0.9830410480499268,0,LOW,0,20
2018-02-14T09:49:10,2018-02-14T09:49:00,2018-02-14T09:49:10,0.0012184910010546446,0.9830410480499268,0,LOW,0,20
2018-02-14T09:49:20,2018-02-14T09:49:10,2018-02-14T09:49:20,0.0010863101342692971,0.9830410480499268,0,LOW,0,20
2018-02-14T09:49:30,2018-02-14T09:49:20,2018-02-14T09:49:30,0.0010265983873978257,0.9830410480499268,0,LOW,0,20
2018-02-14T09:49:40,2018-02-14T09:49:30,2018-02-14T09:49:40,0.0009990655817091465,0.9830410480499268,0,LOW,0,20
2018-02-14T09:49:50,2018-02-14T09:49:40,2018-02-14T09:49:50,0.004785314667969942,0.9830410480499268,0,LOW,1,20
2018-02-14T09:50:00,2018-02-14T09:49:50,2018-02-14T09:50:00,0.004887209739536047,0.9830410480499268,0,LOW,0,20
2018-02-14T09:50:10,2018-02-14T09:50:00,2018-02-14T09:50:10,0.0029183572623878717,0.9830410480499268,0,LOW,0,20
2018-02-14T09:50:20,2018-02-14T09:50:10,2018-02-14T09:50:20,0.0019081942737102509,0.9830410480499268,0,LOW,0,20
2018-02-14T09:50:30,2018-02-14T09:50:20,2018-02-14T09:50:30,0.0014642069581896067,0.9830410480499268,0,LOW,0,20
2018-02-14T09:50:40,2018-02-14T09:50:30,2018-02-14T09:50:40,0.0012536011636257172,0.9830410480499268,0,LOW,0,20
2018-02-14T09:50:50,2018-02-14T09:50:40,2018-02-14T09:50:50,0.0011443757684901357,0.9830410480499268,0,LOW,0,20
2018-02-14T09:51:00,2018-02-14T09:50:50,2018-02-14T09:51:00,0.0010837343288585544,0.9830410480499268,0,LOW,0,20
2018-02-14T09:51:10,2018-02-14T09:51:00,2018-02-14T09:51:10,0.0010482840007171035,0.9830410480499268,0,LOW,0,20
2018-02-14T09:51:20,2018-02-14T09:51:10,2018-02-14T09:51:20,0.0010271412320435047,0.9830410480499268,0,LOW,0,20
2018-02-14T09:51:30,2018-02-14T09:51:20,2018-02-14T09:51:30,0.00101403275039047,0.9830410480499268,0,LOW,0,20
2018-02-14T09:51:40,2018-02-14T09:51:30,2018-02-14T09:51:40,0.0010057793697342277,0.9830410480499268,0,LOW,0,20
2018-02-14T09:51:50,2018-02-14T09:51:40,2018-02-14T09:51:50,0.001000488642603159,0.9830410480499268,0,LOW,0,20
2018-02-14T09:52:00,2018-02-14T09:51:50,2018-02-14T09:52:00,0.0009966888464987278,0.9830410480499268,0,LOW,0,20
2018-02-14T09:52:10,2018-02-14T09:52:00,2018-02-14T09:52:10,0.000994973466731608,0.9830410480499268,0,LOW,0,20
2018-02-14T09:52:20,2018-02-14T09:52:10,2018-02-14T09:52:20,0.0009939157171174884,0.9830410480499268,0,LOW,0,20
2018-02-14T09:52:30,2018-02-14T09:52:20,2018-02-14T09:52:30,0.0009934811387211084,0.9830410480499268,0,LOW,0,20
2018-02-14T09:52:40,2018-02-14T09:52:30,2018-02-14T09:52:40,0.004749892745167017,0.9830410480499268,0,LOW,1,20
2018-02-14T09:52:50,2018-02-14T09:52:40,2018-02-14T09:52:50,0.004797137808054686,0.9830410480499268,0,LOW,0,20
2018-02-14T09:53:00,2018-02-14T09:52:50,2018-02-14T09:53:00,0.002860400825738907,0.9830410480499268,0,LOW,0,20
2018-02-14T09:53:10,2018-02-14T09:53:00,2018-02-14T09:53:10,0.0018773680785670877,0.9830410480499268,0,LOW,0,20
2018-02-14T09:53:20,2018-02-14T09:53:10,2018-02-14T09:53:20,0.0014468381414189935,0.9830410480499268,0,LOW,0,20
2018-02-14T09:53:30,2018-02-14T09:53:20,2018-02-14T09:53:30,0.0012434041127562523,0.9830410480499268,0,LOW,0,20
2018-02-14T09:53:40,2018-02-14T09:53:30,2018-02-14T09:53:40,0.0011378710623830557,0.9830410480499268,0,LOW,0,20
2018-02-14T09:53:50,2018-02-14T09:53:40,2018-02-14T09:53:50,0.001079180627129972,0.9830410480499268,0,LOW,0,20
2018-02-14T09:54:00,2018-02-14T09:53:50,2018-02-14T09:54:00,0.001044914941303432,0.9830410480499268,0,LOW,0,20
2018-02-14T09:54:10,2018-02-14T09:54:00,2018-02-14T09:54:10,0.0010244440054520965,0.9830410480499268,0,LOW,0,20
2018-02-14T09:54:20,2018-02-14T09:54:10,2018-02-14T09:54:20,0.0010120449587702751,0.9830410480499268,0,LOW,0,20
2018-02-14T09:54:30,2018-02-14T09:54:20,2018-02-14T09:54:30,0.0010043411748483777,0.9830410480499268,0,LOW,0,20
2018-02-14T09:54:40,2018-02-14T09:54:30,2018-02-14T09:54:40,0.0009995506843551993,0.9830410480499268,0,LOW,0,20
2018-02-14T09:54:50,2018-02-14T09:54:40,2018-02-14T09:54:50,0.0009966888464987278,0.9830410480499268,0,LOW,0,20
2018-02-14T09:55:00,2018-02-14T09:54:50,2018-02-14T09:55:00,0.000994973466731608,0.9830410480499268,0,LOW,0,20
2018-02-14T09:55:10,2018-02-14T09:55:00,2018-02-14T09:55:10,0.0009939157171174884,0.9830410480499268,0,LOW,0,20
2018-02-14T09:55:20,2018-02-14T09:55:10,2018-02-14T09:55:20,0.0009934811387211084,0.9830410480499268,0,LOW,0,20
2018-02-14T09:55:30,2018-02-14T09:55:20,2018-02-14T09:55:30,0.004749892745167017,0.9830410480499268,0,LOW,1,20
2018-02-14T09:55:40,2018-02-14T09:55:30,2018-02-14T09:55:40,0.004797137808054686,0.9830410480499268,0,LOW,0,20
2018-02-14T09:55:50,2018-02-14T09:55:40,2018-02-14T09:55:50,0.002860400825738907,0.9830410480499268,0,LOW,0,20
2018-02-14T09:56:00,2018-02-14T09:55:50,2018-02-14T09:56:00,0.0018773680785670877,0.9830410480499268,0,LOW,0,20
2018-02-14T09:56:10,2018-02-14T09:56:00,2018-02-14T09:56:10,0.0014468381414189935,0.9830410480499268,0,LOW,0,20
2018-02-14T09:56:20,2018-02-14T09:56:10,2018-02-14T09:56:20,0.0012434041127562523,0.9830410480499268,0,LOW,0,20
2018-02-14T09:56:30,2018-02-14T09:56:20,2018-02-14T09:56:30,0.0011378710623830557,0.9830410480499268,0,LOW,0,20
2018-02-14T09:56:40,2018-02-14T09:56:30,2018-02-14T09:56:40,0.001079180627129972,0.9830410480499268,0,LOW,0,20
2018-02-14T09:56:50,2018-02-14T09:56:40,2018-02-14T09:56:50,0.001044914941303432,0.9830410480499268,0,LOW,0,20
2018-02-14T09:57:00,2018-02-14T09:56:50,2018-02-14T09:57:00,0.0010244440054520965,0.9830410480499268,0,LOW,0,20
2018-02-14T09:57:10,2018-02-14T09:57:00,2018-02-14T09:57:10,0.0010120449587702751,0.9830410480499268,0,LOW,0,20
2018-02-14T09:57:20,2018-02-14T09:57:10,2018-02-14T09:57:20,0.0010043411748483777,0.9830410480499268,0,LOW,0,20
2018-02-14T09:57:30,2018-02-14T09:57:20,2018-02-14T09:57:30,0.0009995506843551993,0.9830410480499268,0,LOW,0,20
2018-02-14T09:57:40,2018-02-14T09:57:30,2018-02-14T09:57:40,0.0009966888464987278,0.9830410480499268,0,LOW,0,20
2018-02-14T09:57:50,2018-02-14T09:57:40,2018-02-14T09:57:50,0.000994973466731608,0.9830410480499268,0,LOW,0,20
2018-02-14T09:58:00,2018-02-14T09:57:50,2018-02-14T09:58:00,0.0009939157171174884,0.9830410480499268,0,LOW,0,20
2018-02-14T09:58:10,2018-02-14T09:58:00,2018-02-14T09:58:10,0.004752032458782196,0.9830410480499268,0,LOW,1,20
2018-02-14T09:58:20,2018-02-14T09:58:10,2018-02-14T09:58:20,0.0047997524961829185,0.9830410480499268,0,LOW,0,20
2018-02-14T09:58:30,2018-02-14T09:58:20,2018-02-14T09:58:30,0.002860875567421317,0.9830410480499268,0,LOW,0,20
2018-02-14T09:58:40,2018-02-14T09:58:30,2018-02-14T09:58:40,0.0018781011458486319,0.9830410480499268,0,LOW,0,20
2018-02-14T09:58:50,2018-02-14T09:58:40,2018-02-14T09:58:50,0.0014468374429270625,0.9830410480499268,0,LOW,0,20
2018-02-14T09:59:00,2018-02-14T09:58:50,2018-02-14T09:59:00,0.0012434041127562523,0.9830410480499268,0,LOW,0,20
2018-02-14T09:59:10,2018-02-14T09:59:00,2018-02-14T09:59:10,0.0011378710623830557,0.9830410480499268,0,LOW,0,20
2018-02-14T09:59:20,2018-02-14T09:59:10,2018-02-14T09:59:20,0.001079180627129972,0.9830410480499268,0,LOW,0,20
2018-02-14T09:59:30,2018-02-14T09:59:20,2018-02-14T09:59:30,0.0010449144756421447,0.9830410480499268,0,LOW,0,20
2018-02-14T09:59:40,2018-02-14T09:59:30,2018-02-14T09:59:40,0.0010244440054520965,0.9830410480499268,0,LOW,0,20
2018-02-14T09:59:50,2018-02-14T09:59:40,2018-02-14T09:59:50,0.0010120449587702751,0.9830410480499268,0,LOW,0,20
2018-02-14T10:00:00,2018-02-14T09:59:50,2018-02-14T10:00:00,0.0010043411748483777,0.9830410480499268,0,LOW,0,20
2018-02-14T10:00:10,2018-02-14T10:00:00,2018-02-14T10:00:10,0.0009995511500164866,0.9830410480499268,0,LOW,0,20
2018-02-14T10:00:20,2018-02-14T10:00:10,2018-02-14T10:00:20,0.0009966888464987278,0.9830410480499268,0,LOW,0,20
2018-02-14T10:00:30,2018-02-14T10:00:20,2018-02-14T10:00:30,0.000994973466731608,0.9830410480499268,0,LOW,0,20
2018-02-14T10:00:40,2018-02-14T10:00:30,2018-02-14T10:00:40,0.0009939157171174884,0.9830410480499268,0,LOW,0,20
2018-02-14T10:00:50,2018-02-14T10:00:40,2018-02-14T10:00:50,0.0009934811387211084,0.9830410480499268,0,LOW,0,20
2018-02-14T10:01:00,2018-02-14T10:00:50,2018-02-14T10:01:00,0.004749890882521868,0.9830410480499268,0,LOW,1,20
2018-02-14T10:01:10,2018-02-14T10:01:00,2018-02-14T10:01:10,0.004797137808054686,0.9830410480499268,0,LOW,0,20
2018-02-14T10:01:20,2018-02-14T10:01:10,2018-02-14T10:01:20,0.002860403386875987,0.9830410480499268,0,LOW,0,20
2018-02-14T10:01:30,2018-02-14T10:01:20,2018-02-14T10:01:30,0.0018773690098896623,0.9830410480499268,0,LOW,0,20
2018-02-14T10:01:40,2018-02-14T10:01:30,2018-02-14T10:01:40,0.0014468374429270625,0.9830410480499268,0,LOW,0,20
2018-02-14T10:01:50,2018-02-14T10:01:40,2018-02-14T10:01:50,0.0012434041127562523,0.9830410480499268,0,LOW,0,20
2018-02-14T10:02:00,2018-02-14T10:01:50,2018-02-14T10:02:00,0.0011378710623830557,0.9830410480499268,0,LOW,0,20
2018-02-14T10:02:10,2018-02-14T10:02:00,2018-02-14T10:02:10,0.001079180627129972,0.9830410480499268,0,LOW,0,20
2018-02-14T10:02:20,2018-02-14T10:02:10,2018-02-14T10:02:20,0.001044914941303432,0.9830410480499268,0,LOW,0,20
2018-02-14T10:02:30,2018-02-14T10:02:20,2018-02-14T10:02:30,0.0010244440054520965,0.9830410480499268,0,LOW,0,20
2018-02-14T10:02:40,2018-02-14T10:02:30,2018-02-14T10:02:40,0.0010120449587702751,0.9830410480499268,0,LOW,0,20
2018-02-14T10:02:50,2018-02-14T10:02:40,2018-02-14T10:02:50,0.0010043411748483777,0.9830410480499268,0,LOW,0,20
2018-02-14T10:03:00,2018-02-14T10:02:50,2018-02-14T10:03:00,0.000999550218693912,0.9830410480499268,0,LOW,0,20
2018-02-14T10:03:10,2018-02-14T10:03:00,2018-02-14T10:03:10,0.0009966888464987278,0.9830410480499268,0,LOW,0,20
2018-02-14T10:03:20,2018-02-14T10:03:10,2018-02-14T10:03:20,0.000994973466731608,0.9830410480499268,0,LOW,0,20
2018-02-14T10:03:30,2018-02-14T10:03:20,2018-02-14T10:03:30,0.0009939157171174884,0.9830410480499268,0,LOW,0,20
2018-02-14T10:03:40,2018-02-14T10:03:30,2018-02-14T10:03:40,0.0009934811387211084,0.9830410480499268,0,LOW,0,20
2018-02-14T10:03:50,2018-02-14T10:03:40,2018-02-14T10:03:50,0.004749890882521868,0.9830410480499268,0,LOW,1,20
2018-02-14T10:04:00,2018-02-14T10:03:50,2018-02-14T10:04:00,0.004797147121280432,0.9830410480499268,0,LOW,0,20
2018-02-14T10:04:10,2018-02-14T10:04:00,2018-02-14T10:04:10,0.002860403386875987,0.9830410480499268,0,LOW,0,20
2018-02-14T10:04:20,2018-02-14T10:04:10,2018-02-14T10:04:20,0.0018773690098896623,0.9830410480499268,0,LOW,0,20
2018-02-14T10:04:30,2018-02-14T10:04:20,2018-02-14T10:04:30,0.0014468374429270625,0.9830410480499268,0,LOW,0,20
2018-02-14T10:04:40,2018-02-14T10:04:30,2018-02-14T10:04:40,0.0012434041127562523,0.9830410480499268,0,LOW,0,20
2018-02-14T10:04:50,2018-02-14T10:04:40,2018-02-14T10:04:50,0.0011378710623830557,0.9830410480499268,0,LOW,0,20
2018-02-14T10:05:00,2018-02-14T10:04:50,2018-02-14T10:05:00,0.001079180627129972,0.9830410480499268,0,LOW,0,20
2018-02-14T10:05:10,2018-02-14T10:05:00,2018-02-14T10:05:10,0.0010449144756421447,0.9830410480499268,0,LOW,0,20
2018-02-14T10:05:20,2018-02-14T10:05:10,2018-02-14T10:05:20,0.0010244440054520965,0.9830410480499268,0,LOW,0,20
2018-02-14T10:05:30,2018-02-14T10:05:20,2018-02-14T10:05:30,0.0010120449587702751,0.9830410480499268,0,LOW,0,20
2018-02-14T10:05:40,2018-02-14T10:05:30,2018-02-14T10:05:40,0.0010043411748483777,0.9830410480499268,0,LOW,0,20
2018-02-14T10:05:50,2018-02-14T10:05:40,2018-02-14T10:05:50,0.0009995511500164866,0.9830410480499268,0,LOW,0,20
2018-02-14T10:06:00,2018-02-14T10:05:50,2018-02-14T10:06:00,0.0009966888464987278,0.9830410480499268,0,LOW,0,20
2018-02-14T10:06:10,2018-02-14T10:06:00,2018-02-14T10:06:10,0.000994973466731608,0.9830410480499268,0,LOW,0,20
2018-02-14T10:06:20,2018-02-14T10:06:10,2018-02-14T10:06:20,0.0009939157171174884,0.9830410480499268,0,LOW,0,20
2018-02-14T10:06:30,2018-02-14T10:06:20,2018-02-14T10:06:30,0.0009934811387211084,0.9830410480499268,0,LOW,0,20
2018-02-14T10:06:40,2018-02-14T10:06:30,2018-02-14T10:06:40,0.004749892745167017,0.9830410480499268,0,LOW,1,20
2018-02-14T10:06:50,2018-02-14T10:06:40,2018-02-14T10:06:50,0.004797137808054686,0.9830410480499268,0,LOW,0,20
2018-02-14T10:07:00,2018-02-14T10:06:50,2018-02-14T10:07:00,0.002860400825738907,0.9830410480499268,0,LOW,0,20
2018-02-14T10:07:10,2018-02-14T10:07:00,2018-02-14T10:07:10,0.0018773680785670877,0.9830410480499268,0,LOW,0,20
2018-02-14T10:07:20,2018-02-14T10:07:10,2018-02-14T10:07:20,0.0014468381414189935,0.9830410480499268,0,LOW,0,20
2018-02-14T10:07:30,2018-02-14T10:07:20,2018-02-14T10:07:30,0.0012434041127562523,0.9830410480499268,0,LOW,0,20
2018-02-14T10:07:40,2018-02-14T10:07:30,2018-02-14T10:07:40,0.0011378710623830557,0.9830410480499268,0,LOW,0,20
2018-02-14T10:07:50,2018-02-14T10:07:40,2018-02-14T10:07:50,0.001079180627129972,0.9830410480499268,0,LOW,0,20
2018-02-14T10:08:00,2018-02-14T10:07:50,2018-02-14T10:08:00,0.001044914941303432,0.9830410480499268,0,LOW,0,20
2018-02-14T10:08:10,2018-02-14T10:08:00,2018-02-14T10:08:10,0.0010244440054520965,0.9830410480499268,0,LOW,0,20
2018-02-14T10:08:20,2018-02-14T10:08:10,2018-02-14T10:08:20,0.0010120449587702751,0.9830410480499268,0,LOW,0,20
2018-02-14T10:08:30,2018-02-14T10:08:20,2018-02-14T10:08:30,0.0010043411748483777,0.9830410480499268,0,LOW,0,20
2018-02-14T10:08:40,2018-02-14T10:08:30,2018-02-14T10:08:40,0.0009995506843551993,0.9830410480499268,0,LOW,0,20
2018-02-14T10:08:50,2018-02-14T10:08:40,2018-02-14T10:08:50,0.0009966888464987278,0.9830410480499268,0,LOW,0,20
2018-02-14T10:09:00,2018-02-14T10:08:50,2018-02-14T10:09:00,0.000994973466731608,0.9830410480499268,0,LOW,0,20
2018-02-14T10:09:10,2018-02-14T10:09:00,2018-02-14T10:09:10,0.0009939157171174884,0.9830410480499268,0,LOW,0,20
2018-02-14T10:09:20,2018-02-14T10:09:10,2018-02-14T10:09:20,0.0009934811387211084,0.9830410480499268,0,LOW,0,20
2018-02-14T10:09:30,2018-02-14T10:09:20,2018-02-14T10:09:30,0.004749892745167017,0.9830410480499268,0,LOW,1,20
2018-02-14T10:09:40,2018-02-14T10:09:30,2018-02-14T10:09:40,0.004797137808054686,0.9830410480499268,0,LOW,0,20
2018-02-14T10:09:50,2018-02-14T10:09:40,2018-02-14T10:09:50,0.002860403386875987,0.9830410480499268,0,LOW,0,20
2018-02-14T10:10:00,2018-02-14T10:09:50,2018-02-14T10:10:00,0.0018773690098896623,0.9830410480499268,0,LOW,0,20
2018-02-14T10:10:10,2018-02-14T10:10:00,2018-02-14T10:10:10,0.0014468374429270625,0.9830410480499268,0,LOW,0,20
2018-02-14T10:10:20,2018-02-14T10:10:10,2018-02-14T10:10:20,0.0012434041127562523,0.9830410480499268,0,LOW,0,20
2018-02-14T10:10:30,2018-02-14T10:10:20,2018-02-14T10:10:30,0.0011378710623830557,0.9830410480499268,0,LOW,0,20
2018-02-14T10:10:40,2018-02-14T10:10:30,2018-02-14T10:10:40,0.001079180627129972,0.9830410480499268,0,LOW,0,20
2018-02-14T10:10:50,2018-02-14T10:10:40,2018-02-14T10:10:50,0.001044914941303432,0.9830410480499268,0,LOW,0,20
2018-02-14T10:11:00,2018-02-14T10:10:50,2018-02-14T10:11:00,0.0010244440054520965,0.9830410480499268,0,LOW,0,20
2018-02-14T10:11:10,2018-02-14T10:11:00,2018-02-14T10:11:10,0.0010120449587702751,0.9830410480499268,0,LOW,0,20
2018-02-14T10:11:20,2018-02-14T10:11:10,2018-02-14T10:11:20,0.003590682288631797,0.9830410480499268,0,LOW,1,20
2018-02-14T10:11:30,2018-02-14T10:11:20,2018-02-14T10:11:30,0.002393553266301751,0.9830410480499268,0,LOW,0,20
2018-02-14T10:11:40,2018-02-14T10:11:30,2018-02-14T10:11:40,0.0015434721717610955,0.9830410480499268,0,LOW,0,20
2018-02-14T10:11:50,2018-02-14T10:11:40,2018-02-14T10:11:50,0.0012173118302598596,0.9830410480499268,0,LOW,0,20
2018-02-14T10:12:00,2018-02-14T10:11:50,2018-02-14T10:12:00,0.0010856842854991555,0.9830410480499268,0,LOW,0,20
2018-02-14T10:12:10,2018-02-14T10:12:00,2018-02-14T10:12:10,0.001026366138830781,0.9830410480499268,0,LOW,0,20
2018-02-14T10:12:20,2018-02-14T10:12:10,2018-02-14T10:12:20,0.004914256278425455,0.9830410480499268,0,LOW,1,20
2018-02-14T10:12:30,2018-02-14T10:12:20,2018-02-14T10:12:30,0.004975412040948868,0.9830410480499268,0,LOW,0,20
2018-02-14T10:12:40,2018-02-14T10:12:30,2018-02-14T10:12:40,0.002949303248897195,0.9830410480499268,0,LOW,0,20
2018-02-14T10:12:50,2018-02-14T10:12:40,2018-02-14T10:12:50,0.0019201566465198994,0.9830410480499268,0,LOW,0,20
2018-02-14T10:13:00,2018-02-14T10:12:50,2018-02-14T10:13:00,0.001469803974032402,0.9830410480499268,0,LOW,0,20
2018-02-14T10:13:10,2018-02-14T10:13:00,2018-02-14T10:13:10,0.0012566508958116174,0.9830410480499268,0,LOW,0,20
2018-02-14T10:13:20,2018-02-14T10:13:10,2018-02-14T10:13:20,0.0011459733359515667,0.9830410480499268,0,LOW,0,20
2018-02-14T10:13:30,2018-02-14T10:13:20,2018-02-14T10:13:30,0.001084691728465259,0.9830410480499268,0,LOW,0,20
2018-02-14T10:13:40,2018-02-14T10:13:30,2018-02-14T10:13:40,0.0010490358108654618,0.9830410480499268,0,LOW,0,20
2018-02-14T10:13:50,2018-02-14T10:13:40,2018-02-14T10:13:50,0.0010276492685079575,0.9830410480499268,0,LOW,0,20
2018-02-14T10:14:00,2018-02-14T10:13:50,2018-02-14T10:14:00,0.001014442415907979,0.9830410480499268,0,LOW,0,20
2018-02-14T10:14:10,2018-02-14T10:14:00,2018-02-14T10:14:10,0.0010063103400170803,0.9830410480499268,0,LOW,0,20
2018-02-14T10:14:20,2018-02-14T10:14:10,2018-02-14T10:14:20,0.001000952091999352,0.9830410480499268,0,LOW,0,20
2018-02-14T10:14:30,2018-02-14T10:14:20,2018-02-14T10:14:30,0.0009975547436624765,0.9830410480499268,0,LOW,0,20
2018-02-14T10:14:40,2018-02-14T10:14:30,2018-02-14T10:14:40,0.000994973466731608,0.9830410480499268,0,LOW,0,20
2018-02-14T10:14:50,2018-02-14T10:14:40,2018-02-14T10:14:50,0.0009939157171174884,0.9830410480499268,0,LOW,0,20
2018-02-14T10:15:00,2018-02-14T10:14:50,2018-02-14T10:15:00,0.0009934811387211084,0.9830410480499268,0,LOW,0,20
2018-02-14T10:15:10,2018-02-14T10:15:00,2018-02-14T10:15:10,0.004749890882521868,0.9830410480499268,0,LOW,1,20
2018-02-14T10:15:20,2018-02-14T10:15:10,2018-02-14T10:15:20,0.004797147121280432,0.9830410480499268,0,LOW,0,20
2018-02-14T10:15:30,2018-02-14T10:15:20,2018-02-14T10:15:30,0.002860403386875987,0.9830410480499268,0,LOW,0,20
2018-02-14T10:15:40,2018-02-14T10:15:30,2018-02-14T10:15:40,0.0018773690098896623,0.9830410480499268,0,LOW,0,20
2018-02-14T10:15:50,2018-02-14T10:15:40,2018-02-14T10:15:50,0.0014468374429270625,0.9830410480499268,0,LOW,0,20
2018-02-14T10:16:00,2018-02-14T10:15:50,2018-02-14T10:16:00,0.0012434041127562523,0.9830410480499268,0,LOW,0,20
2018-02-14T10:16:10,2018-02-14T10:16:00,2018-02-14T10:16:10,0.0011378710623830557,0.9830410480499268,0,LOW,0,20
2018-02-14T10:16:20,2018-02-14T10:16:10,2018-02-14T10:16:20,0.001079180627129972,0.9830410480499268,0,LOW,0,20
2018-02-14T10:16:30,2018-02-14T10:16:20,2018-02-14T10:16:30,0.0010449144756421447,0.9830410480499268,0,LOW,0,20
2018-02-14T10:16:40,2018-02-14T10:16:30,2018-02-14T10:16:40,0.0010244440054520965,0.9830410480499268,0,LOW,0,20
2018-02-14T10:16:50,2018-02-14T10:16:40,2018-02-14T10:16:50,0.0010120449587702751,0.9830410480499268,0,LOW,0,20
2018-02-14T10:17:00,2018-02-14T10:16:50,2018-02-14T10:17:00,0.0010043411748483777,0.9830410480499268,0,LOW,0,20
2018-02-14T10:17:10,2018-02-14T10:17:00,2018-02-14T10:17:10,0.0009995511500164866,0.9830410480499268,0,LOW,0,20
2018-02-14T10:17:20,2018-02-14T10:17:10,2018-02-14T10:17:20,0.0009966888464987278,0.9830410480499268,0,LOW,0,20
2018-02-14T10:17:30,2018-02-14T10:17:20,2018-02-14T10:17:30,0.000994973466731608,0.9830410480499268,0,LOW,0,20
2018-02-14T10:17:40,2018-02-14T10:17:30,2018-02-14T10:17:40,0.0009939157171174884,0.9830410480499268,0,LOW,0,20
2018-02-14T10:17:50,2018-02-14T10:17:40,2018-02-14T10:17:50,0.0009934811387211084,0.9830410480499268,0,LOW,0,20
2018-02-14T10:18:00,2018-02-14T10:17:50,2018-02-14T10:18:00,0.004749890882521868,0.9830410480499268,0,LOW,1,20
2018-02-14T10:18:10,2018-02-14T10:18:00,2018-02-14T10:18:10,0.004797147121280432,0.9830410480499268,0,LOW,0,20
2018-02-14T10:18:20,2018-02-14T10:18:10,2018-02-14T10:18:20,0.002860403386875987,0.9830410480499268,0,LOW,0,20
2018-02-14T10:18:30,2018-02-14T10:18:20,2018-02-14T10:18:30,0.0018773690098896623,0.9830410480499268,0,LOW,0,20
2018-02-14T10:18:40,2018-02-14T10:18:30,2018-02-14T10:18:40,0.0014468374429270625,0.9830410480499268,0,LOW,0,20
2018-02-14T10:18:50,2018-02-14T10:18:40,2018-02-14T10:18:50,0.0012434041127562523,0.9830410480499268,0,LOW,0,20
2018-02-14T10:19:00,2018-02-14T10:18:50,2018-02-14T10:19:00,0.0011378710623830557,0.9830410480499268,0,LOW,0,20
2018-02-14T10:19:10,2018-02-14T10:19:00,2018-02-14T10:19:10,0.001079180627129972,0.9830410480499268,0,LOW,0,20
2018-02-14T10:19:20,2018-02-14T10:19:10,2018-02-14T10:19:20,0.0010449144756421447,0.9830410480499268,0,LOW,0,20
2018-02-14T10:19:30,2018-02-14T10:19:20,2018-02-14T10:19:30,0.0010244440054520965,0.9830410480499268,0,LOW,0,20
2018-02-14T10:19:40,2018-02-14T10:19:30,2018-02-14T10:19:40,0.0010120449587702751,0.9830410480499268,0,LOW,0,20
2018-02-14T10:19:50,2018-02-14T10:19:40,2018-02-14T10:19:50,0.0010043411748483777,0.9830410480499268,0,LOW,0,20
2018-02-14T10:20:00,2018-02-14T10:19:50,2018-02-14T10:20:00,0.0009995511500164866,0.9830410480499268,0,LOW,0,20
2018-02-14T10:20:10,2018-02-14T10:20:00,2018-02-14T10:20:10,0.0009966888464987278,0.9830410480499268,0,LOW,0,20
2018-02-14T10:20:20,2018-02-14T10:20:10,2018-02-14T10:20:20,0.000994973466731608,0.9830410480499268,0,LOW,0,20
2018-02-14T10:20:30,2018-02-14T10:20:20,2018-02-14T10:20:30,0.0009939157171174884,0.9830410480499268,0,LOW,0,20
2018-02-14T10:20:40,2018-02-14T10:20:30,2018-02-14T10:20:40,0.0009934811387211084,0.9830410480499268,0,LOW,0,20
2018-02-14T10:20:50,2018-02-14T10:20:40,2018-02-14T10:20:50,0.004749890882521868,0.9830410480499268,0,LOW,1,20
2018-02-14T10:21:00,2018-02-14T10:20:50,2018-02-14T10:21:00,0.004797147121280432,0.9830410480499268,0,LOW,0,20
2018-02-14T10:21:10,2018-02-14T10:21:00,2018-02-14T10:21:10,0.002860403386875987,0.9830410480499268,0,LOW,0,20
2018-02-14T10:21:20,2018-02-14T10:21:10,2018-02-14T10:21:20,0.0018773690098896623,0.9830410480499268,0,LOW,0,20
2018-02-14T10:21:30,2018-02-14T10:21:20,2018-02-14T10:21:30,0.0014468374429270625,0.9830410480499268,0,LOW,0,20
2018-02-14T10:21:40,2018-02-14T10:21:30,2018-02-14T10:21:40,0.0012434041127562523,0.9830410480499268,0,LOW,0,20
2018-02-14T10:21:50,2018-02-14T10:21:40,2018-02-14T10:21:50,0.0011378710623830557,0.9830410480499268,0,LOW,0,20
2018-02-14T10:22:00,2018-02-14T10:21:50,2018-02-14T10:22:00,0.001079180627129972,0.9830410480499268,0,LOW,0,20
2018-02-14T10:22:10,2018-02-14T10:22:00,2018-02-14T10:22:10,0.0010449144756421447,0.9830410480499268,0,LOW,0,20
2018-02-14T10:22:20,2018-02-14T10:22:10,2018-02-14T10:22:20,0.0010244440054520965,0.9830410480499268,0,LOW,0,20
2018-02-14T10:22:30,2018-02-14T10:22:20,2018-02-14T10:22:30,0.0010120449587702751,0.9830410480499268,0,LOW,0,20
2018-02-14T10:22:40,2018-02-14T10:22:30,2018-02-14T10:22:40,0.0010043411748483777,0.9830410480499268,0,LOW,0,20
2018-02-14T10:22:50,2018-02-14T10:22:40,2018-02-14T10:22:50,0.0009995511500164866,0.9830410480499268,0,LOW,0,20
2018-02-14T10:23:00,2018-02-14T10:22:50,2018-02-14T10:23:00,0.0009966888464987278,0.9830410480499268,0,LOW,0,20
2018-02-14T10:23:10,2018-02-14T10:23:00,2018-02-14T10:23:10,0.000994973466731608,0.9830410480499268,0,LOW,0,20
2018-02-14T10:23:20,2018-02-14T10:23:10,2018-02-14T10:23:20,0.0009939157171174884,0.9830410480499268,0,LOW,0,20
2018-02-14T10:23:30,2018-02-14T10:23:20,2018-02-14T10:23:30,0.0047520664520561695,0.9830410480499268,0,LOW,1,20
2018-02-14T10:23:40,2018-02-14T10:23:30,2018-02-14T10:23:40,0.0047997524961829185,0.9830410480499268,0,LOW,0,20
2018-02-14T10:23:50,2018-02-14T10:23:40,2018-02-14T10:23:50,0.002860863460227847,0.9830410480499268,0,LOW,0,20
2018-02-14T10:24:00,2018-02-14T10:23:50,2018-02-14T10:24:00,0.0018781260587275028,0.9830410480499268,0,LOW,0,20
2018-02-14T10:24:10,2018-02-14T10:24:00,2018-02-14T10:24:10,0.0014468381414189935,0.9830410480499268,0,LOW,0,20
2018-02-14T10:24:20,2018-02-14T10:24:10,2018-02-14T10:24:20,0.0012434041127562523,0.9830410480499268,0,LOW,0,20
2018-02-14T10:24:30,2018-02-14T10:24:20,2018-02-14T10:24:30,0.0011378710623830557,0.9830410480499268,0,LOW,0,20
2018-02-14T10:24:40,2018-02-14T10:24:30,2018-02-14T10:24:40,0.001079180627129972,0.9830410480499268,0,LOW,0,20
2018-02-14T10:24:50,2018-02-14T10:24:40,2018-02-14T10:24:50,0.001044914941303432,0.9830410480499268,0,LOW,0,20
2018-02-14T10:25:00,2018-02-14T10:24:50,2018-02-14T10:25:00,0.0010244440054520965,0.9830410480499268,0,LOW,0,20
2018-02-14T10:25:10,2018-02-14T10:25:00,2018-02-14T10:25:10,0.0010120449587702751,0.9830410480499268,0,LOW,0,20
2018-02-14T10:25:20,2018-02-14T10:25:10,2018-02-14T10:25:20,0.0010043411748483777,0.9830410480499268,0,LOW,0,20
2018-02-14T10:25:30,2018-02-14T10:25:20,2018-02-14T10:25:30,0.0009995506843551993,0.9830410480499268,0,LOW,0,20
2018-02-14T10:25:40,2018-02-14T10:25:30,2018-02-14T10:25:40,0.0009966888464987278,0.9830410480499268,0,LOW,0,20
2018-02-14T10:25:50,2018-02-14T10:25:40,2018-02-14T10:25:50,0.000994973466731608,0.9830410480499268,0,LOW,0,20
2018-02-14T10:26:00,2018-02-14T10:25:50,2018-02-14T10:26:00,0.0009939157171174884,0.9830410480499268,0,LOW,0,20
2018-02-14T10:26:10,2018-02-14T10:26:00,2018-02-14T10:26:10,0.0009934811387211084,0.9830410480499268,0,LOW,0,20
2018-02-14T10:26:20,2018-02-14T10:26:10,2018-02-14T10:26:20,0.004749892745167017,0.9830410480499268,0,LOW,1,20
2018-02-14T10:26:30,2018-02-14T10:26:20,2018-02-14T10:26:30,0.004797144792973995,0.9830410480499268,0,LOW,0,20
2018-02-14T10:26:40,2018-02-14T10:26:30,2018-02-14T10:26:40,0.002860403386875987,0.9830410480499268,0,LOW,0,20
2018-02-14T10:26:50,2018-02-14T10:26:40,2018-02-14T10:26:50,0.0018773690098896623,0.9830410480499268,0,LOW,0,20
2018-02-14T10:27:00,2018-02-14T10:26:50,2018-02-14T10:27:00,0.0014468374429270625,0.9830410480499268,0,LOW,0,20
2018-02-14T10:27:10,2018-02-14T10:27:00,2018-02-14T10:27:10,0.0012434041127562523,0.9830410480499268,0,LOW,0,20
2018-02-14T10:27:20,2018-02-14T10:27:10,2018-02-14T10:27:20,0.0011378710623830557,0.9830410480499268,0,LOW,0,20
2018-02-14T10:27:30,2018-02-14T10:27:20,2018-02-14T10:27:30,0.001079180627129972,0.9830410480499268,0,LOW,0,20
2018-02-14T10:27:40,2018-02-14T10:27:30,2018-02-14T10:27:40,0.0010449144756421447,0.9830410480499268,0,LOW,0,20
2018-02-14T10:27:50,2018-02-14T10:27:40,2018-02-14T10:27:50,0.0010244440054520965,0.9830410480499268,0,LOW,0,20
2018-02-14T10:28:00,2018-02-14T10:27:50,2018-02-14T10:28:00,0.0010120449587702751,0.9830410480499268,0,LOW,0,20
2018-02-14T10:28:10,2018-02-14T10:28:00,2018-02-14T10:28:10,0.0010043411748483777,0.9830410480499268,0,LOW,0,20
2018-02-14T10:28:20,2018-02-14T10:28:10,2018-02-14T10:28:20,0.0009995511500164866,0.9830410480499268,0,LOW,0,20
2018-02-14T10:28:30,2018-02-14T10:28:20,2018-02-14T10:28:30,0.0009966888464987278,0.9830410480499268,0,LOW,0,20
2018-02-14T10:28:40,2018-02-14T10:28:30,2018-02-14T10:28:40,0.000994973466731608,0.9830410480499268,0,LOW,0,20
2018-02-14T10:28:50,2018-02-14T10:28:40,2018-02-14T10:28:50,0.0009939157171174884,0.9830410480499268,0,LOW,0,20
2018-02-14T10:29:00,2018-02-14T10:28:50,2018-02-14T10:29:00,0.0009934811387211084,0.9830410480499268,0,LOW,0,20
2018-02-14T10:29:10,2018-02-14T10:29:00,2018-02-14T10:29:10,0.004749890882521868,0.9830410480499268,0,LOW,1,20
2018-02-14T10:29:20,2018-02-14T10:29:10,2018-02-14T10:29:20,0.004797147121280432,0.9830410480499268,0,LOW,0,20
2018-02-14T10:29:30,2018-02-14T10:29:20,2018-02-14T10:29:30,0.002860403386875987,0.9830410480499268,0,LOW,0,20
2018-02-14T10:29:40,2018-02-14T10:29:30,2018-02-14T10:29:40,0.0018773690098896623,0.9830410480499268,0,LOW,0,20
2018-02-14T10:29:50,2018-02-14T10:29:40,2018-02-14T10:29:50,0.0014468374429270625,0.9830410480499268,0,LOW,0,20
2018-02-14T10:30:00,2018-02-14T10:29:50,2018-02-14T10:30:00,0.012108334340155125,0.9830410480499268,0,LOW,1,20
2018-02-14T10:30:10,2018-02-14T10:30:00,2018-02-14T10:30:10,0.011700897477567196,0.9830410480499268,0,LOW,0,20
2018-02-14T10:30:20,2018-02-14T10:30:10,2018-02-14T10:30:20,0.0050181131809949875,0.9830410480499268,0,LOW,0,20
2018-02-14T10:30:30,2018-02-14T10:30:20,2018-02-14T10:30:30,0.0026522078551352024,0.9830410480499268,0,LOW,0,20
2018-02-14T10:30:40,2018-02-14T10:30:30,2018-02-14T10:30:40,0.0018517589196562767,0.9830410480499268,0,LOW,0,20
2018-02-14T10:30:50,2018-02-14T10:30:40,2018-02-14T10:30:50,0.0014957250095903873,0.9830410480499268,0,LOW,0,20
2018-02-14T10:31:00,2018-02-14T10:30:50,2018-02-14T10:31:00,0.001307071652263403,0.9830410480499268,0,LOW,0,20
2018-02-14T10:31:10,2018-02-14T10:31:00,2018-02-14T10:31:10,0.0011970498599112034,0.9830410480499268,0,LOW,0,20
2018-02-14T10:31:20,2018-02-14T10:31:10,2018-02-14T10:31:20,0.0011291787959635258,0.9830410480499268,0,LOW,0,20
2018-02-14T10:31:30,2018-02-14T10:31:20,2018-02-14T10:31:30,0.0010856572771444917,0.9830410480499268,0,LOW,0,20
2018-02-14T10:31:40,2018-02-14T10:31:30,2018-02-14T10:31:40,0.0010568131692707539,0.9830410480499268,0,LOW,0,20
2018-02-14T10:31:50,2018-02-14T10:31:40,2018-02-14T10:31:50,0.0010376780992373824,0.9830410480499268,0,LOW,0,20
2018-02-14T10:32:00,2018-02-14T10:31:50,2018-02-14T10:32:00,0.004921020474284887,0.9830410480499268,0,LOW,1,20
2018-02-14T10:32:10,2018-02-14T10:32:00,2018-02-14T10:32:10,0.0048961457796394825,0.9830410480499268,0,LOW,0,20
2018-02-14T10:32:20,2018-02-14T10:32:10,2018-02-14T10:32:20,0.014063475653529167,0.9830410480499268,0,LOW,1,20
2018-02-14T10:32:30,2018-02-14T10:32:20,2018-02-14T10:32:30,0.006230063270777464,0.9830410480499268,0,LOW,0,20
2018-02-14T10:32:40,2018-02-14T10:32:30,2018-02-14T10:32:40,0.0026661113370209932,0.9830410480499268,0,LOW,0,20
2018-02-14T10:32:50,2018-02-14T10:32:40,2018-02-14T10:32:50,0.0016863089986145496,0.9830410480499268,0,LOW,0,20
2018-02-14T10:33:00,2018-02-14T10:32:50,2018-02-14T10:33:00,0.0013349646469578147,0.9830410480499268,0,LOW,0,20
2018-02-14T10:33:10,2018-02-14T10:33:00,2018-02-14T10:33:10,0.001177976606413722,0.9830410480499268,0,LOW,0,20
2018-02-14T10:33:20,2018-02-14T10:33:10,2018-02-14T10:33:20,0.055542342364788055,0.9830410480499268,0,LOW,120,20
2018-02-14T10:33:30,2018-02-14T10:33:20,2018-02-14T10:33:30,0.8280028700828552,0.9830410480499268,0,CRITICAL,330,20
2018-02-14T10:33:40,2018-02-14T10:33:30,2018-02-14T10:33:40,0.9858923554420471,0.9830410480499268,1,CRITICAL,340,20
2018-02-14T10:33:50,2018-02-14T10:33:40,2018-02-14T10:33:50,0.9953737854957581,0.9830410480499268,1,CRITICAL,330,20
2018-02-14T10:34:00,2018-02-14T10:33:50,2018-02-14T10:34:00,0.9968565702438354,0.9830410480499268,1,CRITICAL,330,20
2018-02-14T10:34:10,2018-02-14T10:34:00,2018-02-14T10:34:10,0.9972819089889526,0.9830410480499268,1,CRITICAL,330,20
2018-02-14T10:34:20,2018-02-14T10:34:10,2018-02-14T10:34:20,0.9974663257598877,0.9830410480499268,1,CRITICAL,330,20
2018-02-14T10:34:30,2018-02-14T10:34:20,2018-02-14T10:34:30,0.9975638389587402,0.9830410480499268,1,CRITICAL,330,20
2018-02-14T10:34:40,2018-02-14T10:34:30,2018-02-14T10:34:40,0.9976229071617126,0.9830410480499268,1,CRITICAL,340,20
2018-02-14T10:34:50,2018-02-14T10:34:40,2018-02-14T10:34:50,0.9976632595062256,0.9830410480499268,1,CRITICAL,321,20
2018-02-14T10:35:00,2018-02-14T10:34:50,2018-02-14T10:35:00,0.9976925849914551,0.9830410480499268,1,CRITICAL,340,20
2018-02-14T10:35:10,2018-02-14T10:35:00,2018-02-14T10:35:10,0.9977185726165771,0.9830410480499268,1,CRITICAL,330,20
2018-02-14T10:35:20,2018-02-14T10:35:10,2018-02-14T10:35:20,0.9977729916572571,0.9830410480499268,1,CRITICAL,330,20
2018-02-14T10:35:30,2018-02-14T10:35:20,2018-02-14T10:35:30,0.9978184700012207,0.9830410480499268,1,CRITICAL,340,20
2018-02-14T10:35:40,2018-02-14T10:35:30,2018-02-14T10:35:40,0.9977845549583435,0.9830410480499268,1,CRITICAL,330,20
2018-02-14T10:35:50,2018-02-14T10:35:40,2018-02-14T10:35:50,0.9978437423706055,0.9830410480499268,1,CRITICAL,330,20
2018-02-14T10:36:00,2018-02-14T10:35:50,2018-02-14T10:36:00,0.9978989362716675,0.9830410480499268,1,CRITICAL,330,20
2018-02-14T10:36:10,2018-02-14T10:36:00,2018-02-14T10:36:10,0.9979372024536133,0.9830410480499268,1,CRITICAL,330,20
2018-02-14T10:36:20,2018-02-14T10:36:10,2018-02-14T10:36:20,0.997938334941864,0.9830410480499268,1,CRITICAL,331,20
2018-02-14T10:36:30,2018-02-14T10:36:20,2018-02-14T10:36:30,0.9979128241539001,0.9830410480499268,1,CRITICAL,339,20
2018-02-14T10:36:40,2018-02-14T10:36:30,2018-02-14T10:36:40,0.9979166388511658,0.9830410480499268,1,CRITICAL,320,20
2018-02-14T10:36:50,2018-02-14T10:36:40,2018-02-14T10:36:50,0.9979115128517151,0.9830410480499268,1,CRITICAL,340,20
2018-02-14T10:37:00,2018-02-14T10:36:50,2018-02-14T10:37:00,0.9979158043861389,0.9830410480499268,1,CRITICAL,340,20
2018-02-14T10:37:10,2018-02-14T10:37:00,2018-02-14T10:37:10,0.9979154467582703,0.9830410480499268,1,CRITICAL,320,20
2018-02-14T10:37:20,2018-02-14T10:37:10,2018-02-14T10:37:20,0.9979113936424255,0.9830410480499268,1,CRITICAL,340,20
2018-02-14T10:37:30,2018-02-14T10:37:20,2018-02-14T10:37:30,0.9979107975959778,0.9830410480499268,1,CRITICAL,330,20
2018-02-14T10:37:40,2018-02-14T10:37:30,2018-02-14T10:37:40,0.9979119896888733,0.9830410480499268,1,CRITICAL,331,20
2018-02-14T10:37:50,2018-02-14T10:37:40,2018-02-14T10:37:50,0.9979133009910583,0.9830410480499268,1,CRITICAL,340,20
2018-02-14T10:38:00,2018-02-14T10:37:50,2018-02-14T10:38:00,0.9979230761528015,0.9830410480499268,1,CRITICAL,320,20
2018-02-14T10:38:10,2018-02-14T10:38:00,2018-02-14T10:38:10,0.9979211688041687,0.9830410480499268,1,CRITICAL,340,20
2018-02-14T10:38:20,2018-02-14T10:38:10,2018-02-14T10:38:20,0.9979301691055298,0.9830410480499268,1,CRITICAL,331,20
2018-02-14T10:38:30,2018-02-14T10:38:20,2018-02-14T10:38:30,0.9979202151298523,0.9830410480499268,1,CRITICAL,320,20
2018-02-14T10:38:40,2018-02-14T10:38:30,2018-02-14T10:38:40,0.9979230761528015,0.9830410480499268,1,CRITICAL,340,20
2018-02-14T10:38:50,2018-02-14T10:38:40,2018-02-14T10:38:50,0.9979186654090881,0.9830410480499268,1,CRITICAL,340,20
2018-02-14T10:39:00,2018-02-14T10:38:50,2018-02-14T10:39:00,0.9979230761528015,0.9830410480499268,1,CRITICAL,320,20
2018-02-14T10:39:10,2018-02-14T10:39:00,2018-02-14T10:39:10,0.9979183077812195,0.9830410480499268,1,CRITICAL,340,20
2018-02-14T10:39:20,2018-02-14T10:39:10,2018-02-14T10:39:20,0.9979172348976135,0.9830410480499268,1,CRITICAL,330,20
2018-02-14T10:39:30,2018-02-14T10:39:20,2018-02-14T10:39:30,0.9979233741760254,0.9830410480499268,1,CRITICAL,330,20
2018-02-14T10:39:40,2018-02-14T10:39:30,2018-02-14T10:39:40,0.9979192614555359,0.9830410480499268,1,CRITICAL,340,20
2018-02-14T10:39:50,2018-02-14T10:39:40,2018-02-14T10:39:50,0.9979210495948792,0.9830410480499268,1,CRITICAL,330,20
2018-02-14T10:40:00,2018-02-14T10:39:50,2018-02-14T10:40:00,0.9979202151298523,0.9830410480499268,1,CRITICAL,330,20
2018-02-14T10:40:10,2018-02-14T10:40:00,2018-02-14T10:40:10,0.9979191422462463,0.9830410480499268,1,CRITICAL,330,20
2018-02-14T10:40:20,2018-02-14T10:40:10,2018-02-14T10:40:20,0.9979216456413269,0.9830410480499268,1,CRITICAL,320,20
2018-02-14T10:40:30,2018-02-14T10:40:20,2018-02-14T10:40:30,0.9979273080825806,0.9830410480499268,1,CRITICAL,341,20
2018-02-14T10:40:40,2018-02-14T10:40:30,2018-02-14T10:40:40,0.9979240894317627,0.9830410480499268,1,CRITICAL,340,20
2018-02-14T10:40:50,2018-02-14T10:40:40,2018-02-14T10:40:50,0.9979238510131836,0.9830410480499268,1,CRITICAL,320,20
2018-02-14T10:41:00,2018-02-14T10:40:50,2018-02-14T10:41:00,0.9979210495948792,0.9830410480499268,1,CRITICAL,340,20
2018-02-14T10:41:10,2018-02-14T10:41:00,2018-02-14T10:41:10,0.9979168772697449,0.9830410480499268,1,CRITICAL,330,20
2018-02-14T10:41:20,2018-02-14T10:41:10,2018-02-14T10:41:20,0.9979169964790344,0.9830410480499268,1,CRITICAL,330,20
2018-02-14T10:41:30,2018-02-14T10:41:20,2018-02-14T10:41:30,0.9979134202003479,0.9830410480499268,1,CRITICAL,340,20
2018-02-14T10:41:40,2018-02-14T10:41:30,2018-02-14T10:41:40,0.9979135394096375,0.9830410480499268,1,CRITICAL,330,20
2018-02-14T10:41:50,2018-02-14T10:41:40,2018-02-14T10:41:50,0.997913658618927,0.9830410480499268,1,CRITICAL,330,20
2018-02-14T10:42:00,2018-02-14T10:41:50,2018-02-14T10:42:00,0.9979113936424255,0.9830410480499268,1,CRITICAL,330,20
2018-02-14T10:42:10,2018-02-14T10:42:00,2018-02-14T10:42:10,0.9979133009910583,0.9830410480499268,1,CRITICAL,330,20
2018-02-14T10:42:20,2018-02-14T10:42:10,2018-02-14T10:42:20,0.9979104399681091,0.9830410480499268,1,CRITICAL,330,20
2018-02-14T10:42:30,2018-02-14T10:42:20,2018-02-14T10:42:30,0.9979093670845032,0.9830410480499268,1,CRITICAL,340,20
2018-02-14T10:42:40,2018-02-14T10:42:30,2018-02-14T10:42:40,0.9979087114334106,0.9830410480499268,1,CRITICAL,320,20
2018-02-14T10:42:50,2018-02-14T10:42:40,2018-02-14T10:42:50,0.9979106783866882,0.9830410480499268,1,CRITICAL,340,20
2018-02-14T10:43:00,2018-02-14T10:42:50,2018-02-14T10:43:00,0.9979064464569092,0.9830410480499268,1,CRITICAL,340,20
2018-02-14T10:43:10,2018-02-14T10:43:00,2018-02-14T10:43:10,0.9979096055030823,0.9830410480499268,1,CRITICAL,320,20
2018-02-14T10:43:20,2018-02-14T10:43:10,2018-02-14T10:43:20,0.9979107975959778,0.9830410480499268,1,CRITICAL,341,20
2018-02-14T10:43:30,2018-02-14T10:43:20,2018-02-14T10:43:30,0.9979064464569092,0.9830410480499268,1,CRITICAL,330,20
2018-02-14T10:43:40,2018-02-14T10:43:30,2018-02-14T10:43:40,0.9979089498519897,0.9830410480499268,1,CRITICAL,330,20
2018-02-14T10:43:50,2018-02-14T10:43:40,2018-02-14T10:43:50,0.9979087114334106,0.9830410480499268,1,CRITICAL,340,20
2018-02-14T10:44:00,2018-02-14T10:43:50,2018-02-14T10:44:00,0.9979045391082764,0.9830410480499268,1,CRITICAL,320,20
2018-02-14T10:44:10,2018-02-14T10:44:00,2018-02-14T10:44:10,0.9979051351547241,0.9830410480499268,1,CRITICAL,340,20
2018-02-14T10:44:20,2018-02-14T10:44:10,2018-02-14T10:44:20,0.9979043006896973,0.9830410480499268,1,CRITICAL,330,20
2018-02-14T10:44:30,2018-02-14T10:44:20,2018-02-14T10:44:30,0.9979031085968018,0.9830410480499268,1,CRITICAL,320,20
2018-02-14T10:44:40,2018-02-14T10:44:30,2018-02-14T10:44:40,0.9979032278060913,0.9830410480499268,1,CRITICAL,340,20
2018-02-14T10:44:50,2018-02-14T10:44:40,2018-02-14T10:44:50,0.9979009628295898,0.9830410480499268,1,CRITICAL,340,20
2018-02-14T10:45:00,2018-02-14T10:44:50,2018-02-14T10:45:00,0.9979009628295898,0.9830410480499268,1,CRITICAL,320,20
2018-02-14T10:45:10,2018-02-14T10:45:00,2018-02-14T10:45:10,0.9979017972946167,0.9830410480499268,1,CRITICAL,340,20
2018-02-14T10:45:20,2018-02-14T10:45:10,2018-02-14T10:45:20,0.9979013204574585,0.9830410480499268,1,CRITICAL,330,20
2018-02-14T10:45:30,2018-02-14T10:45:20,2018-02-14T10:45:30,0.9979047775268555,0.9830410480499268,1,CRITICAL,330,20
2018-02-14T10:45:40,2018-02-14T10:45:30,2018-02-14T10:45:40,0.9979026317596436,0.9830410480499268,1,CRITICAL,340,20
2018-02-14T10:45:50,2018-02-14T10:45:40,2018-02-14T10:45:50,0.9979091286659241,0.9830410480499268,1,CRITICAL,330,20
2018-02-14T10:46:00,2018-02-14T10:45:50,2018-02-14T10:46:00,0.9979033470153809,0.9830410480499268,1,CRITICAL,330,20
2018-02-14T10:46:10,2018-02-14T10:46:00,2018-02-14T10:46:10,0.9979046583175659,0.9830410480499268,1,CRITICAL,331,20
2018-02-14T10:46:20,2018-02-14T10:46:10,2018-02-14T10:46:20,0.9979023933410645,0.9830410480499268,1,CRITICAL,320,20
2018-02-14T10:46:30,2018-02-14T10:46:20,2018-02-14T10:46:30,0.9979057312011719,0.9830410480499268,1,CRITICAL,340,20
2018-02-14T10:46:40,2018-02-14T10:46:30,2018-02-14T10:46:40,0.9979028701782227,0.9830410480499268,1,CRITICAL,340,20
2018-02-14T10:46:50,2018-02-14T10:46:40,2018-02-14T10:46:50,0.9979078769683838,0.9830410480499268,1,CRITICAL,320,20
2018-02-14T10:47:00,2018-02-14T10:46:50,2018-02-14T10:47:00,0.9979051351547241,0.9830410480499268,1,CRITICAL,340,20
2018-02-14T10:47:10,2018-02-14T10:47:00,2018-02-14T10:47:10,0.9979033470153809,0.9830410480499268,1,CRITICAL,330,20
2018-02-14T10:47:20,2018-02-14T10:47:10,2018-02-14T10:47:20,0.9979084730148315,0.9830410480499268,1,CRITICAL,330,20
2018-02-14T10:47:30,2018-02-14T10:47:20,2018-02-14T10:47:30,0.9979038238525391,0.9830410480499268,1,CRITICAL,340,20
2018-02-14T10:47:40,2018-02-14T10:47:30,2018-02-14T10:47:40,0.9979085922241211,0.9830410480499268,1,CRITICAL,330,20
2018-02-14T10:47:50,2018-02-14T10:47:40,2018-02-14T10:47:50,0.9979115128517151,0.9830410480499268,1,CRITICAL,330,20
2018-02-14T10:48:00,2018-02-14T10:47:50,2018-02-14T10:48:00,0.9979090690612793,0.9830410480499268,1,CRITICAL,330,20
2018-02-14T10:48:10,2018-02-14T10:48:00,2018-02-14T10:48:10,0.9979104399681091,0.9830410480499268,1,CRITICAL,330,20
2018-02-14T10:48:20,2018-02-14T10:48:10,2018-02-14T10:48:20,0.9979093670845032,0.9830410480499268,1,CRITICAL,330,20
2018-02-14T10:48:30,2018-02-14T10:48:20,2018-02-14T10:48:30,0.9979078769683838,0.9830410480499268,1,CRITICAL,340,20
2018-02-14T10:48:40,2018-02-14T10:48:30,2018-02-14T10:48:40,0.9979123473167419,0.9830410480499268,1,CRITICAL,320,20
2018-02-14T10:48:50,2018-02-14T10:48:40,2018-02-14T10:48:50,0.9979117512702942,0.9830410480499268,1,CRITICAL,340,20
2018-02-14T10:49:00,2018-02-14T10:48:50,2018-02-14T10:49:00,0.9979091286659241,0.9830410480499268,1,CRITICAL,341,20
2018-02-14T10:49:10,2018-02-14T10:49:00,2018-02-14T10:49:10,0.9979071617126465,0.9830410480499268,1,CRITICAL,320,20
2018-02-14T10:49:20,2018-02-14T10:49:10,2018-02-14T10:49:20,0.997908353805542,0.9830410480499268,1,CRITICAL,340,20
2018-02-14T10:49:30,2018-02-14T10:49:20,2018-02-14T10:49:30,0.9979110360145569,0.9830410480499268,1,CRITICAL,330,20
2018-02-14T10:49:40,2018-02-14T10:49:30,2018-02-14T10:49:40,0.9979115128517151,0.9830410480499268,1,CRITICAL,330,20
2018-02-14T10:49:50,2018-02-14T10:49:40,2018-02-14T10:49:50,0.9979129433631897,0.9830410480499268,1,CRITICAL,337,20
2018-02-14T10:50:00,2018-02-14T10:49:50,2018-02-14T10:50:00,0.9979144930839539,0.9830410480499268,1,CRITICAL,323,20
2018-02-14T10:50:10,2018-02-14T10:50:00,2018-02-14T10:50:10,0.9979109168052673,0.9830410480499268,1,CRITICAL,340,20
2018-02-14T10:50:20,2018-02-14T10:50:10,2018-02-14T10:50:20,0.9979094862937927,0.9830410480499268,1,CRITICAL,330,20
2018-02-14T10:50:30,2018-02-14T10:50:20,2018-02-14T10:50:30,0.9979100823402405,0.9830410480499268,1,CRITICAL,320,20
2018-02-14T10:50:40,2018-02-14T10:50:30,2018-02-14T10:50:40,0.9979149699211121,0.9830410480499268,1,CRITICAL,340,20
2018-02-14T10:50:50,2018-02-14T10:50:40,2018-02-14T10:50:50,0.9979128241539001,0.9830410480499268,1,CRITICAL,340,20
2018-02-14T10:51:00,2018-02-14T10:50:50,2018-02-14T10:51:00,0.9979109168052673,0.9830410480499268,1,CRITICAL,320,20
2018-02-14T10:51:10,2018-02-14T10:51:00,2018-02-14T10:51:10,0.9979085922241211,0.9830410480499268,1,CRITICAL,340,20
2018-02-14T10:51:20,2018-02-14T10:51:10,2018-02-14T10:51:20,0.9979089498519897,0.9830410480499268,1,CRITICAL,330,20
2018-02-14T10:51:30,2018-02-14T10:51:20,2018-02-14T10:51:30,0.9979123473167419,0.9830410480499268,1,CRITICAL,330,20
2018-02-14T10:51:40,2018-02-14T10:51:30,2018-02-14T10:51:40,0.997917115688324,0.9830410480499268,1,CRITICAL,341,20
2018-02-14T10:51:50,2018-02-14T10:51:40,2018-02-14T10:51:50,0.9979186654090881,0.9830410480499268,1,CRITICAL,330,20
2018-02-14T10:52:00,2018-02-14T10:51:50,2018-02-14T10:52:00,0.9979131817817688,0.9830410480499268,1,CRITICAL,330,20
2018-02-14T10:52:10,2018-02-14T10:52:00,2018-02-14T10:52:10,0.9979159235954285,0.9830410480499268,1,CRITICAL,330,20
2018-02-14T10:52:20,2018-02-14T10:52:10,2018-02-14T10:52:20,0.9979169964790344,0.9830410480499268,1,CRITICAL,320,20
2018-02-14T10:52:30,2018-02-14T10:52:20,2018-02-14T10:52:30,0.9979142546653748,0.9830410480499268,1,CRITICAL,340,20
2018-02-14T10:52:40,2018-02-14T10:52:30,2018-02-14T10:52:40,0.9979183077812195,0.9830410480499268,1,CRITICAL,340,20
2018-02-14T10:52:50,2018-02-14T10:52:40,2018-02-14T10:52:50,0.9979119896888733,0.9830410480499268,1,CRITICAL,320,20
2018-02-14T10:53:00,2018-02-14T10:52:50,2018-02-14T10:53:00,0.9979122281074524,0.9830410480499268,1,CRITICAL,340,20
2018-02-14T10:53:10,2018-02-14T10:53:00,2018-02-14T10:53:10,0.9979100823402405,0.9830410480499268,1,CRITICAL,330,20
2018-02-14T10:53:20,2018-02-14T10:53:10,2018-02-14T10:53:20,0.9979161620140076,0.9830410480499268,1,CRITICAL,330,20
2018-02-14T10:53:30,2018-02-14T10:53:20,2018-02-14T10:53:30,0.9979109168052673,0.9830410480499268,1,CRITICAL,340,20
2018-02-14T10:53:40,2018-02-14T10:53:30,2018-02-14T10:53:40,0.9979173541069031,0.9830410480499268,1,CRITICAL,330,20
2018-02-14T10:53:50,2018-02-14T10:53:40,2018-02-14T10:53:50,0.997917115688324,0.9830410480499268,1,CRITICAL,330,20
2018-02-14T10:54:00,2018-02-14T10:53:50,2018-02-14T10:54:00,0.9979137778282166,0.9830410480499268,1,CRITICAL,330,20
2018-02-14T10:54:10,2018-02-14T10:54:00,2018-02-14T10:54:10,0.9979118704795837,0.9830410480499268,1,CRITICAL,330,20
2018-02-14T10:54:20,2018-02-14T10:54:10,2018-02-14T10:54:20,0.9979128241539001,0.9830410480499268,1,CRITICAL,330,20
2018-02-14T10:54:30,2018-02-14T10:54:20,2018-02-14T10:54:30,0.9979168772697449,0.9830410480499268,1,CRITICAL,341,20
2018-02-14T10:54:40,2018-02-14T10:54:30,2018-02-14T10:54:40,0.9979193806648254,0.9830410480499268,1,CRITICAL,320,20
2018-02-14T10:54:50,2018-02-14T10:54:40,2018-02-14T10:54:50,0.9979210495948792,0.9830410480499268,1,CRITICAL,341,20
2018-02-14T10:55:00,2018-02-14T10:54:50,2018-02-14T10:55:00,0.9979143738746643,0.9830410480499268,1,CRITICAL,340,20
2018-02-14T10:55:10,2018-02-14T10:55:00,2018-02-14T10:55:10,0.9979153275489807,0.9830410480499268,1,CRITICAL,320,20
2018-02-14T10:55:20,2018-02-14T10:55:10,2018-02-14T10:55:20,0.9979109168052673,0.9830410480499268,1,CRITICAL,340,20
2018-02-14T10:55:30,2018-02-14T10:55:20,2018-02-14T10:55:30,0.9979117512702942,0.9830410480499268,1,CRITICAL,330,20
2018-02-14T10:55:40,2018-02-14T10:55:30,2018-02-14T10:55:40,0.997907280921936,0.9830410480499268,1,CRITICAL,330,20
2018-02-14T10:55:50,2018-02-14T10:55:40,2018-02-14T10:55:50,0.9979098439216614,0.9830410480499268,1,CRITICAL,340,20
2018-02-14T10:56:00,2018-02-14T10:55:50,2018-02-14T10:56:00,0.9979090690612793,0.9830410480499268,1,CRITICAL,320,20
2018-02-14T10:56:10,2018-02-14T10:56:00,2018-02-14T10:56:10,0.997907280921936,0.9830410480499268,1,CRITICAL,340,20
2018-02-14T10:56:20,2018-02-14T10:56:10,2018-02-14T10:56:20,0.997911274433136,0.9830410480499268,1,CRITICAL,330,20
2018-02-14T10:56:30,2018-02-14T10:56:20,2018-02-14T10:56:30,0.9979153275489807,0.9830410480499268,1,CRITICAL,320,20
2018-02-14T10:56:40,2018-02-14T10:56:30,2018-02-14T10:56:40,0.9979124665260315,0.9830410480499268,1,CRITICAL,340,20
2018-02-14T10:56:50,2018-02-14T10:56:40,2018-02-14T10:56:50,0.9979150891304016,0.9830410480499268,1,CRITICAL,340,20
2018-02-14T10:57:00,2018-02-14T10:56:50,2018-02-14T10:57:00,0.9979089498519897,0.9830410480499268,1,CRITICAL,320,20
2018-02-14T10:57:10,2018-02-14T10:57:00,2018-02-14T10:57:10,0.9979090690612793,0.9830410480499268,1,CRITICAL,340,20
2018-02-14T10:57:20,2018-02-14T10:57:10,2018-02-14T10:57:20,0.9979154467582703,0.9830410480499268,1,CRITICAL,331,20
2018-02-14T10:57:30,2018-02-14T10:57:20,2018-02-14T10:57:30,0.9979104399681091,0.9830410480499268,1,CRITICAL,330,20
2018-02-14T10:57:40,2018-02-14T10:57:30,2018-02-14T10:57:40,0.9979115128517151,0.9830410480499268,1,CRITICAL,340,20
2018-02-14T10:57:50,2018-02-14T10:57:40,2018-02-14T10:57:50,0.9979056119918823,0.9830410480499268,1,CRITICAL,330,20
2018-02-14T10:58:00,2018-02-14T10:57:50,2018-02-14T10:58:00,0.9979070425033569,0.9830410480499268,1,CRITICAL,330,20
2018-02-14T10:58:10,2018-02-14T10:58:00,2018-02-14T10:58:10,0.9979041814804077,0.9830410480499268,1,CRITICAL,330,20
2018-02-14T10:58:20,2018-02-14T10:58:10,2018-02-14T10:58:20,0.9979019165039062,0.9830410480499268,1,CRITICAL,320,20
2018-02-14T10:58:30,2018-02-14T10:58:20,2018-02-14T10:58:30,0.9979038238525391,0.9830410480499268,1,CRITICAL,340,20
2018-02-14T10:58:40,2018-02-14T10:58:30,2018-02-14T10:58:40,0.9979015588760376,0.9830410480499268,1,CRITICAL,340,20
2018-02-14T10:58:50,2018-02-14T10:58:40,2018-02-14T10:58:50,0.9979065656661987,0.9830410480499268,1,CRITICAL,320,20
2018-02-14T10:59:00,2018-02-14T10:58:50,2018-02-14T10:59:00,0.997907280921936,0.9830410480499268,1,CRITICAL,340,20
2018-02-14T10:59:10,2018-02-14T10:59:00,2018-02-14T10:59:10,0.9979081153869629,0.9830410480499268,1,CRITICAL,330,20
2018-02-14T10:59:20,2018-02-14T10:59:10,2018-02-14T10:59:20,0.9979082345962524,0.9830410480499268,1,CRITICAL,330,20
2018-02-14T10:59:30,2018-02-14T10:59:20,2018-02-14T10:59:30,0.9979057312011719,0.9830410480499268,1,CRITICAL,340,20
2018-02-14T10:59:40,2018-02-14T10:59:30,2018-02-14T10:59:40,0.9979116320610046,0.9830410480499268,1,CRITICAL,330,20
2018-02-14T10:59:50,2018-02-14T10:59:40,2018-02-14T10:59:50,0.9979084730148315,0.9830410480499268,1,CRITICAL,330,20
2018-02-14T11:00:00,2018-02-14T10:59:50,2018-02-14T11:00:00,0.9979079961776733,0.9830410480499268,1,CRITICAL,330,20
2018-02-14T11:00:10,2018-02-14T11:00:00,2018-02-14T11:00:10,0.9979052543640137,0.9830410480499268,1,CRITICAL,331,20
2018-02-14T11:00:20,2018-02-14T11:00:10,2018-02-14T11:00:20,0.9979109168052673,0.9830410480499268,1,CRITICAL,330,20
2018-02-14T11:00:30,2018-02-14T11:00:20,2018-02-14T11:00:30,0.9979068040847778,0.9830410480499268,1,CRITICAL,340,20
2018-02-14T11:00:40,2018-02-14T11:00:30,2018-02-14T11:00:40,0.9979077577590942,0.9830410480499268,1,CRITICAL,320,20
2018-02-14T11:00:50,2018-02-14T11:00:40,2018-02-14T11:00:50,0.9979096055030823,0.9830410480499268,1,CRITICAL,340,20
2018-02-14T11:01:00,2018-02-14T11:00:50,2018-02-14T11:01:00,0.9979088306427002,0.9830410480499268,1,CRITICAL,340,20
2018-02-14T11:01:10,2018-02-14T11:01:00,2018-02-14T11:01:10,0.997908353805542,0.9830410480499268,1,CRITICAL,320,20
2018-02-14T11:01:20,2018-02-14T11:01:10,2018-02-14T11:01:20,0.99791020154953,0.9830410480499268,1,CRITICAL,340,20
2018-02-14T11:01:30,2018-02-14T11:01:20,2018-02-14T11:01:30,0.9979159235954285,0.9830410480499268,1,CRITICAL,330,20
2018-02-14T11:01:40,2018-02-14T11:01:30,2018-02-14T11:01:40,0.9979154467582703,0.9830410480499268,1,CRITICAL,330,20
2018-02-14T11:01:50,2018-02-14T11:01:40,2018-02-14T11:01:50,0.9979165196418762,0.9830410480499268,1,CRITICAL,330,20
2018-02-14T11:02:00,2018-02-14T11:01:50,2018-02-14T11:02:00,0.9979129433631897,0.9830410480499268,1,CRITICAL,330,20
2018-02-14T11:02:10,2018-02-14T11:02:00,2018-02-14T11:02:10,0.9979153275489807,0.9830410480499268,1,CRITICAL,340,20
2018-02-14T11:02:20,2018-02-14T11:02:10,2018-02-14T11:02:20,0.9979175925254822,0.9830410480499268,1,CRITICAL,330,20
2018-02-14T11:02:30,2018-02-14T11:02:20,2018-02-14T11:02:30,0.9979185461997986,0.9830410480499268,1,CRITICAL,320,20
2018-02-14T11:02:40,2018-02-14T11:02:30,2018-02-14T11:02:40,0.9979166388511658,0.9830410480499268,1,CRITICAL,340,20
2018-02-14T11:02:50,2018-02-14T11:02:40,2018-02-14T11:02:50,0.9979113936424255,0.9830410480499268,1,CRITICAL,340,20
2018-02-14T11:03:00,2018-02-14T11:02:50,2018-02-14T11:03:00,0.9979119896888733,0.9830410480499268,1,CRITICAL,321,20
2018-02-14T11:03:10,2018-02-14T11:03:00,2018-02-14T11:03:10,0.9979129433631897,0.9830410480499268,1,CRITICAL,340,20
2018-02-14T11:03:20,2018-02-14T11:03:10,2018-02-14T11:03:20,0.9979081153869629,0.9830410480499268,1,CRITICAL,330,20
2018-02-14T11:03:30,2018-02-14T11:03:20,2018-02-14T11:03:30,0.9979169964790344,0.9830410480499268,1,CRITICAL,330,20
2018-02-14T11:03:40,2018-02-14T11:03:30,2018-02-14T11:03:40,0.9979140162467957,0.9830410480499268,1,CRITICAL,340,20
2018-02-14T11:03:50,2018-02-14T11:03:40,2018-02-14T11:03:50,0.9979154467582703,0.9830410480499268,1,CRITICAL,320,20
2018-02-14T11:04:00,2018-02-14T11:03:50,2018-02-14T11:04:00,0.9979148507118225,0.9830410480499268,1,CRITICAL,340,20
2018-02-14T11:04:10,2018-02-14T11:04:00,2018-02-14T11:04:10,0.9979137778282166,0.9830410480499268,1,CRITICAL,330,20
2018-02-14T11:04:20,2018-02-14T11:04:10,2018-02-14T11:04:20,0.9979173541069031,0.9830410480499268,1,CRITICAL,320,20
2018-02-14T11:04:30,2018-02-14T11:04:20,2018-02-14T11:04:30,0.9979169964790344,0.9830410480499268,1,CRITICAL,340,20
2018-02-14T11:04:40,2018-02-14T11:04:30,2018-02-14T11:04:40,0.9979130625724792,0.9830410480499268,1,CRITICAL,340,20
2018-02-14T11:04:50,2018-02-14T11:04:40,2018-02-14T11:04:50,0.9979168772697449,0.9830410480499268,1,CRITICAL,320,20
2018-02-14T11:05:00,2018-02-14T11:04:50,2018-02-14T11:05:00,0.9979107975959778,0.9830410480499268,1,CRITICAL,340,20
2018-02-14T11:05:10,2018-02-14T11:05:00,2018-02-14T11:05:10,0.9979138970375061,0.9830410480499268,1,CRITICAL,330,20
2018-02-14T11:05:20,2018-02-14T11:05:10,2018-02-14T11:05:20,0.9979131817817688,0.9830410480499268,1,CRITICAL,330,20
2018-02-14T11:05:30,2018-02-14T11:05:20,2018-02-14T11:05:30,0.9979159235954285,0.9830410480499268,1,CRITICAL,340,20
2018-02-14T11:05:40,2018-02-14T11:05:30,2018-02-14T11:05:40,0.997914731502533,0.9830410480499268,1,CRITICAL,330,20
2018-02-14T11:05:50,2018-02-14T11:05:40,2018-02-14T11:05:50,0.9979153275489807,0.9830410480499268,1,CRITICAL,331,20
2018-02-14T11:06:00,2018-02-14T11:05:50,2018-02-14T11:06:00,0.9979109168052673,0.9830410480499268,1,CRITICAL,330,20
2018-02-14T11:06:10,2018-02-14T11:06:00,2018-02-14T11:06:10,0.9979099631309509,0.9830410480499268,1,CRITICAL,330,20
2018-02-14T11:06:20,2018-02-14T11:06:10,2018-02-14T11:06:20,0.9979121088981628,0.9830410480499268,1,CRITICAL,330,20
2018-02-14T11:06:30,2018-02-14T11:06:20,2018-02-14T11:06:30,0.9979162812232971,0.9830410480499268,1,CRITICAL,320,20
2018-02-14T11:06:40,2018-02-14T11:06:30,2018-02-14T11:06:40,0.9979155659675598,0.9830410480499268,1,CRITICAL,340,20
2018-02-14T11:06:50,2018-02-14T11:06:40,2018-02-14T11:06:50,0.9979196190834045,0.9830410480499268,1,CRITICAL,330,20
2018-02-14T11:07:00,2018-02-14T11:06:50,2018-02-14T11:07:00,0.997912585735321,0.9830410480499268,1,CRITICAL,320,20
2018-02-14T11:07:10,2018-02-14T11:07:00,2018-02-14T11:07:10,0.9979141354560852,0.9830410480499268,1,CRITICAL,340,20
2018-02-14T11:07:20,2018-02-14T11:07:10,2018-02-14T11:07:20,0.9979128241539001,0.9830410480499268,1,CRITICAL,340,20
2018-02-14T11:07:30,2018-02-14T11:07:20,2018-02-14T11:07:30,0.9979193806648254,0.9830410480499268,1,CRITICAL,320,20
2018-02-14T11:07:40,2018-02-14T11:07:30,2018-02-14T11:07:40,0.9979150891304016,0.9830410480499268,1,CRITICAL,340,20
2018-02-14T11:07:50,2018-02-14T11:07:40,2018-02-14T11:07:50,0.9979190230369568,0.9830410480499268,1,CRITICAL,330,20
2018-02-14T11:08:00,2018-02-14T11:07:50,2018-02-14T11:08:00,0.9979131817817688,0.9830410480499268,1,CRITICAL,330,20
2018-02-14T11:08:10,2018-02-14T11:08:00,2018-02-14T11:08:10,0.9979141354560852,0.9830410480499268,1,CRITICAL,340,20
2018-02-14T11:08:20,2018-02-14T11:08:10,2018-02-14T11:08:20,0.997916042804718,0.9830410480499268,1,CRITICAL,320,20
2018-02-14T11:08:30,2018-02-14T11:08:20,2018-02-14T11:08:30,0.9979153275489807,0.9830410480499268,1,CRITICAL,340,20
2018-02-14T11:08:40,2018-02-14T11:08:30,2018-02-14T11:08:40,0.9979199767112732,0.9830410480499268,1,CRITICAL,331,20
2018-02-14T11:08:50,2018-02-14T11:08:40,2018-02-14T11:08:50,0.9979158043861389,0.9830410480499268,1,CRITICAL,320,20
2018-02-14T11:09:00,2018-02-14T11:08:50,2018-02-14T11:09:00,0.9979191422462463,0.9830410480499268,1,CRITICAL,340,20
2018-02-14T11:09:10,2018-02-14T11:09:00,2018-02-14T11:09:10,0.9979148507118225,0.9830410480499268,1,CRITICAL,340,20
2018-02-14T11:09:20,2018-02-14T11:09:10,2018-02-14T11:09:20,0.9979162812232971,0.9830410480499268,1,CRITICAL,320,20
2018-02-14T11:09:30,2018-02-14T11:09:20,2018-02-14T11:09:30,0.9979150891304016,0.9830410480499268,1,CRITICAL,340,20
2018-02-14T11:09:40,2018-02-14T11:09:30,2018-02-14T11:09:40,0.9979152083396912,0.9830410480499268,1,CRITICAL,330,20
2018-02-14T11:09:50,2018-02-14T11:09:40,2018-02-14T11:09:50,0.9979167580604553,0.9830410480499268,1,CRITICAL,330,20
2018-02-14T11:10:00,2018-02-14T11:09:50,2018-02-14T11:10:00,0.9979116320610046,0.9830410480499268,1,CRITICAL,340,20
2018-02-14T11:10:10,2018-02-14T11:10:00,2018-02-14T11:10:10,0.9979134202003479,0.9830410480499268,1,CRITICAL,330,20
2018-02-14T11:10:20,2018-02-14T11:10:10,2018-02-14T11:10:20,0.997913658618927,0.9830410480499268,1,CRITICAL,330,20
2018-02-14T11:10:30,2018-02-14T11:10:20,2018-02-14T11:10:30,0.9979137778282166,0.9830410480499268,1,CRITICAL,330,20
2018-02-14T11:10:40,2018-02-14T11:10:30,2018-02-14T11:10:40,0.9979131817817688,0.9830410480499268,1,CRITICAL,320,20
2018-02-14T11:10:50,2018-02-14T11:10:40,2018-02-14T11:10:50,0.9979119896888733,0.9830410480499268,1,CRITICAL,340,20
2018-02-14T11:11:00,2018-02-14T11:10:50,2018-02-14T11:11:00,0.9979106783866882,0.9830410480499268,1,CRITICAL,340,20
2018-02-14T11:11:10,2018-02-14T11:11:00,2018-02-14T11:11:10,0.997905969619751,0.9830410480499268,1,CRITICAL,320,20
2018-02-14T11:11:20,2018-02-14T11:11:10,2018-02-14T11:11:20,0.9979058504104614,0.9830410480499268,1,CRITICAL,340,20
2018-02-14T11:11:30,2018-02-14T11:11:20,2018-02-14T11:11:30,0.9979111552238464,0.9830410480499268,1,CRITICAL,331,20
2018-02-14T11:11:40,2018-02-14T11:11:30,2018-02-14T11:11:40,0.997913658618927,0.9830410480499268,1,CRITICAL,330,20
2018-02-14T11:11:50,2018-02-14T11:11:40,2018-02-14T11:11:50,0.9979141354560852,0.9830410480499268,1,CRITICAL,340,20
2018-02-14T11:12:00,2018-02-14T11:11:50,2018-02-14T11:12:00,0.9979109168052673,0.9830410480499268,1,CRITICAL,330,20
2018-02-14T11:12:10,2018-02-14T11:12:00,2018-02-14T11:12:10,0.9979116320610046,0.9830410480499268,1,CRITICAL,330,20
2018-02-14T11:12:20,2018-02-14T11:12:10,2018-02-14T11:12:20,0.9979105591773987,0.9830410480499268,1,CRITICAL,330,20
2018-02-14T11:12:30,2018-02-14T11:12:20,2018-02-14T11:12:30,0.9979146122932434,0.9830410480499268,1,CRITICAL,330,20
2018-02-14T11:12:40,2018-02-14T11:12:30,2018-02-14T11:12:40,0.9979098439216614,0.9830410480499268,1,CRITICAL,330,20
2018-02-14T11:12:50,2018-02-14T11:12:40,2018-02-14T11:12:50,0.9979106783866882,0.9830410480499268,1,CRITICAL,340,20
2018-02-14T11:13:00,2018-02-14T11:12:50,2018-02-14T11:13:00,0.9979050159454346,0.9830410480499268,1,CRITICAL,320,20
2018-02-14T11:13:10,2018-02-14T11:13:00,2018-02-14T11:13:10,0.9979058504104614,0.9830410480499268,1,CRITICAL,340,20
2018-02-14T11:13:20,2018-02-14T11:13:10,2018-02-14T11:13:20,0.997907280921936,0.9830410480499268,1,CRITICAL,340,20
2018-02-14T11:13:30,2018-02-14T11:13:20,2018-02-14T11:13:30,0.9979068040847778,0.9830410480499268,1,CRITICAL,320,20
2018-02-14T11:13:40,2018-02-14T11:13:30,2018-02-14T11:13:40,0.9979071617126465,0.9830410480499268,1,CRITICAL,340,20
2018-02-14T11:13:50,2018-02-14T11:13:40,2018-02-14T11:13:50,0.9979092478752136,0.9830410480499268,1,CRITICAL,330,20
2018-02-14T11:14:00,2018-02-14T11:13:50,2018-02-14T11:14:00,0.997905969619751,0.9830410480499268,1,CRITICAL,330,20
2018-02-14T11:14:10,2018-02-14T11:14:00,2018-02-14T11:14:10,0.9979058504104614,0.9830410480499268,1,CRITICAL,340,20
2018-02-14T11:14:20,2018-02-14T11:14:10,2018-02-14T11:14:20,0.997908353805542,0.9830410480499268,1,CRITICAL,321,20
2018-02-14T11:14:30,2018-02-14T11:14:20,2018-02-14T11:14:30,0.9979044198989868,0.9830410480499268,1,CRITICAL,340,20
2018-02-14T11:14:40,2018-02-14T11:14:30,2018-02-14T11:14:40,0.9979123473167419,0.9830410480499268,1,CRITICAL,330,20
2018-02-14T11:14:50,2018-02-14T11:14:40,2018-02-14T11:14:50,0.9979129433631897,0.9830410480499268,1,CRITICAL,320,20
2018-02-14T11:15:00,2018-02-14T11:14:50,2018-02-14T11:15:00,0.9979097247123718,0.9830410480499268,1,CRITICAL,340,20
2018-02-14T11:15:10,2018-02-14T11:15:00,2018-02-14T11:15:10,0.9979097247123718,0.9830410480499268,1,CRITICAL,340,20
2018-02-14T11:15:20,2018-02-14T11:15:10,2018-02-14T11:15:20,0.9979152083396912,0.9830410480499268,1,CRITICAL,320,20
2018-02-14T11:15:30,2018-02-14T11:15:20,2018-02-14T11:15:30,0.9979115128517151,0.9830410480499268,1,CRITICAL,340,20
2018-02-14T11:15:40,2018-02-14T11:15:30,2018-02-14T11:15:40,0.9979105591773987,0.9830410480499268,1,CRITICAL,330,20
2018-02-14T11:15:50,2018-02-14T11:15:40,2018-02-14T11:15:50,0.9979056119918823,0.9830410480499268,1,CRITICAL,330,20
2018-02-14T11:16:00,2018-02-14T11:15:50,2018-02-14T11:16:00,0.9979088306427002,0.9830410480499268,1,CRITICAL,340,20
2018-02-14T11:16:10,2018-02-14T11:16:00,2018-02-14T11:16:10,0.997908353805542,0.9830410480499268,1,CRITICAL,330,20
2018-02-14T11:16:20,2018-02-14T11:16:10,2018-02-14T11:16:20,0.9979135394096375,0.9830410480499268,1,CRITICAL,330,20
2018-02-14T11:16:30,2018-02-14T11:16:20,2018-02-14T11:16:30,0.9979110360145569,0.9830410480499268,1,CRITICAL,330,20
2018-02-14T11:16:40,2018-02-14T11:16:30,2018-02-14T11:16:40,0.9979161620140076,0.9830410480499268,1,CRITICAL,320,20
2018-02-14T11:16:50,2018-02-14T11:16:40,2018-02-14T11:16:50,0.9979140162467957,0.9830410480499268,1,CRITICAL,340,20
2018-02-14T11:17:00,2018-02-14T11:16:50,2018-02-14T11:17:00,0.9979166388511658,0.9830410480499268,1,CRITICAL,340,20
2018-02-14T11:17:10,2018-02-14T11:17:00,2018-02-14T11:17:10,0.9979123473167419,0.9830410480499268,1,CRITICAL,321,20
2018-02-14T11:17:20,2018-02-14T11:17:10,2018-02-14T11:17:20,0.9979113936424255,0.9830410480499268,1,CRITICAL,340,20
2018-02-14T11:17:30,2018-02-14T11:17:20,2018-02-14T11:17:30,0.9979111552238464,0.9830410480499268,1,CRITICAL,330,20
2018-02-14T11:17:40,2018-02-14T11:17:30,2018-02-14T11:17:40,0.9979122281074524,0.9830410480499268,1,CRITICAL,330,20
2018-02-14T11:17:50,2018-02-14T11:17:40,2018-02-14T11:17:50,0.9979093670845032,0.9830410480499268,1,CRITICAL,340,20
2018-02-14T11:18:00,2018-02-14T11:17:50,2018-02-14T11:18:00,0.9979098439216614,0.9830410480499268,1,CRITICAL,330,20
2018-02-14T11:18:10,2018-02-14T11:18:00,2018-02-14T11:18:10,0.9979098439216614,0.9830410480499268,1,CRITICAL,330,20
2018-02-14T11:18:20,2018-02-14T11:18:10,2018-02-14T11:18:20,0.9979128241539001,0.9830410480499268,1,CRITICAL,330,20
2018-02-14T11:18:30,2018-02-14T11:18:20,2018-02-14T11:18:30,0.9979092478752136,0.9830410480499268,1,CRITICAL,330,20
2018-02-14T11:18:40,2018-02-14T11:18:30,2018-02-14T11:18:40,0.9979134202003479,0.9830410480499268,1,CRITICAL,330,20
2018-02-14T11:18:50,2018-02-14T11:18:40,2018-02-14T11:18:50,0.9979135394096375,0.9830410480499268,1,CRITICAL,340,20
2018-02-14T11:19:00,2018-02-14T11:18:50,2018-02-14T11:19:00,0.9979113936424255,0.9830410480499268,1,CRITICAL,320,20
2018-02-14T11:19:10,2018-02-14T11:19:00,2018-02-14T11:19:10,0.9979134202003479,0.9830410480499268,1,CRITICAL,340,20
2018-02-14T11:19:20,2018-02-14T11:19:10,2018-02-14T11:19:20,0.9979137778282166,0.9830410480499268,1,CRITICAL,340,20
2018-02-14T11:19:30,2018-02-14T11:19:20,2018-02-14T11:19:30,0.9979123473167419,0.9830410480499268,1,CRITICAL,320,20
2018-02-14T11:19:40,2018-02-14T11:19:30,2018-02-14T11:19:40,0.9979119896888733,0.9830410480499268,1,CRITICAL,340,20
2018-02-14T11:19:50,2018-02-14T11:19:40,2018-02-14T11:19:50,0.997911274433136,0.9830410480499268,1,CRITICAL,331,20
2018-02-14T11:20:00,2018-02-14T11:19:50,2018-02-14T11:20:00,0.9979098439216614,0.9830410480499268,1,CRITICAL,330,20
2018-02-14T11:20:10,2018-02-14T11:20:00,2018-02-14T11:20:10,0.997918426990509,0.9830410480499268,1,CRITICAL,340,20
2018-02-14T11:20:20,2018-02-14T11:20:10,2018-02-14T11:20:20,0.9979154467582703,0.9830410480499268,1,CRITICAL,320,20
2018-02-14T11:20:30,2018-02-14T11:20:20,2018-02-14T11:20:30,0.9979127049446106,0.9830410480499268,1,CRITICAL,340,20
2018-02-14T11:20:40,2018-02-14T11:20:30,2018-02-14T11:20:40,0.9979159235954285,0.9830410480499268,1,CRITICAL,330,20
2018-02-14T11:20:50,2018-02-14T11:20:40,2018-02-14T11:20:50,0.9979146122932434,0.9830410480499268,1,CRITICAL,320,20
2018-02-14T11:21:00,2018-02-14T11:20:50,2018-02-14T11:21:00,0.9979130625724792,0.9830410480499268,1,CRITICAL,340,20
2018-02-14T11:21:10,2018-02-14T11:21:00,2018-02-14T11:21:10,0.9979137778282166,0.9830410480499268,1,CRITICAL,340,20
2018-02-14T11:21:20,2018-02-14T11:21:10,2018-02-14T11:21:20,0.9979128241539001,0.9830410480499268,1,CRITICAL,320,20
2018-02-14T11:21:30,2018-02-14T11:21:20,2018-02-14T11:21:30,0.9979093670845032,0.9830410480499268,1,CRITICAL,340,20
2018-02-14T11:21:40,2018-02-14T11:21:30,2018-02-14T11:21:40,0.9979128241539001,0.9830410480499268,1,CRITICAL,330,20
2018-02-14T11:21:50,2018-02-14T11:21:40,2018-02-14T11:21:50,0.9979113936424255,0.9830410480499268,1,CRITICAL,330,20
2018-02-14T11:22:00,2018-02-14T11:21:50,2018-02-14T11:22:00,0.9979094862937927,0.9830410480499268,1,CRITICAL,340,20
2018-02-14T11:22:10,2018-02-14T11:22:00,2018-02-14T11:22:10,0.9979092478752136,0.9830410480499268,1,CRITICAL,320,20
2018-02-14T11:22:20,2018-02-14T11:22:10,2018-02-14T11:22:20,0.9979093670845032,0.9830410480499268,1,CRITICAL,340,20
2018-02-14T11:22:30,2018-02-14T11:22:20,2018-02-14T11:22:30,0.9979123473167419,0.9830410480499268,1,CRITICAL,330,20
2018-02-14T11:22:40,2018-02-14T11:22:30,2018-02-14T11:22:40,0.9979164004325867,0.9830410480499268,1,CRITICAL,321,20
2018-02-14T11:22:50,2018-02-14T11:22:40,2018-02-14T11:22:50,0.9979082345962524,0.9830410480499268,1,CRITICAL,340,20
2018-02-14T11:23:00,2018-02-14T11:22:50,2018-02-14T11:23:00,0.9979117512702942,0.9830410480499268,1,CRITICAL,340,20
2018-02-14T11:23:10,2018-02-14T11:23:00,2018-02-14T11:23:10,0.9979103207588196,0.9830410480499268,1,CRITICAL,320,20
2018-02-14T11:23:20,2018-02-14T11:23:10,2018-02-14T11:23:20,0.9979133009910583,0.9830410480499268,1,CRITICAL,340,20
2018-02-14T11:23:30,2018-02-14T11:23:20,2018-02-14T11:23:30,0.997905969619751,0.9830410480499268,1,CRITICAL,195,20
2018-02-14T11:23:40,2018-02-14T11:23:30,2018-02-14T11:23:40,0.9973783493041992,0.9830410480499268,1,CRITICAL,0,20
2018-02-14T11:23:50,2018-02-14T11:23:40,2018-02-14T11:23:50,0.9951808452606201,0.9830410480499268,1,CRITICAL,0,20
2018-02-14T11:24:00,2018-02-14T11:23:50,2018-02-14T11:24:00,0.9889158010482788,0.9830410480499268,1,CRITICAL,0,20
2018-02-14T11:24:10,2018-02-14T11:24:00,2018-02-14T11:24:10,0.9676373600959778,0.9830410480499268,0,CRITICAL,0,20
2018-02-14T11:24:20,2018-02-14T11:24:10,2018-02-14T11:24:20,0.8877797722816467,0.9830410480499268,0,CRITICAL,0,20
2018-02-14T11:24:30,2018-02-14T11:24:20,2018-02-14T11:24:30,0.6376226544380188,0.9830410480499268,0,HIGH,0,20
2018-02-14T11:24:40,2018-02-14T11:24:30,2018-02-14T11:24:40,0.2402251660823822,0.9830410480499268,0,LOW,0,20
2018-02-14T11:24:50,2018-02-14T11:24:40,2018-02-14T11:24:50,0.04340878501534462,0.9830410480499268,0,LOW,0,20
2018-02-14T11:25:00,2018-02-14T11:24:50,2018-02-14T11:25:00,0.008269352838397026,0.9830410480499268,0,LOW,0,20
2018-02-14T11:25:10,2018-02-14T11:25:00,2018-02-14T11:25:10,0.0030583518091589212,0.9830410480499268,0,LOW,0,20
2018-02-14T11:25:20,2018-02-14T11:25:10,2018-02-14T11:25:20,0.001878864597529173,0.9830410480499268,0,LOW,0,20
2018-02-14T11:25:30,2018-02-14T11:25:20,2018-02-14T11:25:30,0.006840777117758989,0.9830410480499268,0,LOW,1,20
