file,line/location,old_reference,new_reference,reference_type,reason,action
audit_script.py,L91,results/phase2_2/models/model_20_SET_A.pt,models/archive/model_20_SET_A.pt,executable dependency,Path changed in migration,UPDATE
combine_notebooks.py,L7,notebooks/Phase_2/01_Phase_2_Model_Training.ipynb,notebooks/archive/01_Phase_2_Model_Training.ipynb,executable dependency,Path changed in migration,UPDATE
combine_notebooks.py,L8,notebooks/Phase_2/02_Phase_2_Model_Evaluation.ipynb,notebooks/archive/02_Phase_2_Model_Evaluation.ipynb,executable dependency,Path changed in migration,UPDATE
combine_notebooks.py,L9,notebooks/Phase_2_1/01_Phase_2_1_Experiments_Training.ipynb,notebooks/archive/01_Phase_2_1_Experiments_Training.ipynb,executable dependency,Path changed in migration,UPDATE
combine_notebooks.py,L10,notebooks/Phase_2_1/02_Phase_2_1_Evaluation.ipynb,notebooks/archive/02_Phase_2_1_Evaluation.ipynb,executable dependency,Path changed in migration,UPDATE
combine_notebooks.py,L11,notebooks/Phase_2_2/01_Phase_2_2_Experiments_Training.ipynb,notebooks/archive/01_Phase_2_2_Experiments_Training.ipynb,executable dependency,Path changed in migration,UPDATE
combine_notebooks.py,L12,notebooks/Phase_2_2/02_Phase_2_2_Evaluation.ipynb,notebooks/archive/02_Phase_2_2_Evaluation.ipynb,executable dependency,Path changed in migration,UPDATE
combine_notebooks.py,L13,notebooks/Phase_2_3/01_Phase_2_3_Training.ipynb,notebooks/archive/01_Phase_2_3_Training.ipynb,executable dependency,Path changed in migration,UPDATE
combine_notebooks.py,L14,notebooks/Phase_2_3/02_Phase_2_3_Final_Evaluation.ipynb,notebooks/archive/02_Phase_2_3_Final_Evaluation.ipynb,executable dependency,Path changed in migration,UPDATE
combine_notebooks.py,L35,notebooks/CyberCast_All_Phases.ipynb,notebooks/archive/CyberCast_All_Phases.ipynb,executable dependency,Path changed in migration,UPDATE
create_notebook.py,L421,notebooks/Phase_2_3_Complete_Analysis.ipynb,notebooks/archive/Phase_2_3_Complete_Analysis.ipynb,executable dependency,Path changed in migration,UPDATE
create_pipeline_notebook.py,L26,nootebooks/CyberCast_Complete.ipynb,notebooks/archive/CyberCast_Complete.ipynb,executable dependency,Path changed in migration,UPDATE
create_pipeline_notebook.py,L26,notebooks/CyberCast_Complete.ipynb,notebooks/archive/CyberCast_Complete.ipynb,executable dependency,Path changed in migration,UPDATE
create_pipeline_notebook.py,L27,nootebooks/CyberCast_Complete.ipynb,notebooks/archive/CyberCast_Complete.ipynb,executable dependency,Path changed in migration,UPDATE
create_pipeline_notebook.py,L27,notebooks/CyberCast_Complete.ipynb,notebooks/archive/CyberCast_Complete.ipynb,executable dependency,Path changed in migration,UPDATE
create_pipeline_notebook.py,L35,scripts/phase2_2_experiments.py,scripts/phase2_2_experiments.py,executable dependency,Path changed in migration,UPDATE
create_pipeline_notebook.py,L42,scripts/phase2_3_experiments.py,scripts/phase2_3_experiments.py,executable dependency,Path changed in migration,UPDATE
create_pipeline_notebook.py,L48,notebooks/CyberCast_All_Pipelines.ipynb,notebooks/archive/CyberCast_All_Pipelines.ipynb,executable dependency,Path changed in migration,UPDATE
cybercast_pipeline.py,L6,cybercast_pipeline.py,archive/cybercast_pipeline.py,executable dependency,Path changed in migration,UPDATE
cybercast_pipeline.py,L642,models/scaler.pkl,models/archive/scaler.pkl,executable dependency,Path changed in migration,UPDATE
cybercast_pipeline.py,L643,models/scaler.pkl,models/archive/scaler.pkl,executable dependency,Path changed in migration,UPDATE
cybercast_pipeline.py,L918,models/best_world_model.pt,models/archive/best_world_model.pt,executable dependency,Path changed in migration,UPDATE
cybercast_pipeline.py,L1053,models/logistic_regression.pkl,models/archive/logistic_regression.pkl,executable dependency,Path changed in migration,UPDATE
fix.py,L4,scripts/phase2_3_experiments.py,scripts/phase2_3_experiments.py,executable dependency,Path changed in migration,UPDATE
fix.py,L17,scripts/phase2_3_experiments.py,scripts/phase2_3_experiments.py,executable dependency,Path changed in migration,UPDATE
fix.py,L18,scripts/phase2_3_experiments.py,scripts/phase2_3_experiments.py,executable dependency,Path changed in migration,UPDATE
fix23.py,L69,notebooks/Phase_2_3/02_Phase_2_3_Final_Evaluation.ipynb,notebooks/archive/02_Phase_2_3_Final_Evaluation.ipynb,executable dependency,Path changed in migration,UPDATE
generate_notebook.py,L175,models/feature_scaler.pkl,models/archive/feature_scaler.pkl,executable dependency,Path changed in migration,UPDATE
generate_notebook.py,L175,models/scaler.pkl,models/archive/scaler.pkl,executable dependency,Path changed in migration,UPDATE
generate_notebook.py,L823,models/cybercast_best_model.pt,models/archive/cybercast_best_model.pt,executable dependency,Path changed in migration,UPDATE
generate_notebook.py,L823,models/phase2_1/best_model.pt,models/archive/best_model.pt,executable dependency,Path changed in migration,UPDATE
generate_notebook.py,L1255,models/phase2_1/best_model.pt,models/archive/best_model.pt,executable dependency,Path changed in migration,UPDATE
generate_notebook.py,L1353,nootebooks/CyberCast_Model_From_Scratch.ipynb,notebooks/archive/CyberCast_Model_From_Scratch.ipynb,executable dependency,Path changed in migration,UPDATE
gen_phase2.py,L57,notebooks/Phase_2/01_Phase_2_Model_Training.ipynb,notebooks/archive/01_Phase_2_Model_Training.ipynb,executable dependency,Path changed in migration,UPDATE
gen_phase2.py,L78,notebooks/Phase_2/02_Phase_2_Model_Evaluation.ipynb,notebooks/archive/02_Phase_2_Model_Evaluation.ipynb,executable dependency,Path changed in migration,UPDATE
gen_phase2_1.py,L51,notebooks/Phase_2_1/01_Phase_2_1_Experiments_Training.ipynb,notebooks/archive/01_Phase_2_1_Experiments_Training.ipynb,executable dependency,Path changed in migration,UPDATE
gen_phase2_1.py,L66,notebooks/Phase_2_1/02_Phase_2_1_Evaluation.ipynb,notebooks/archive/02_Phase_2_1_Evaluation.ipynb,executable dependency,Path changed in migration,UPDATE
gen_phase2_2.py,L47,notebooks/Phase_2_2/01_Phase_2_2_Experiments_Training.ipynb,notebooks/archive/01_Phase_2_2_Experiments_Training.ipynb,executable dependency,Path changed in migration,UPDATE
gen_phase2_2.py,L62,notebooks/Phase_2_2/02_Phase_2_2_Evaluation.ipynb,notebooks/archive/02_Phase_2_2_Evaluation.ipynb,executable dependency,Path changed in migration,UPDATE
gen_phase2_3.py,L59,notebooks/Phase_2_3/01_Phase_2_3_Training.ipynb,notebooks/archive/01_Phase_2_3_Training.ipynb,executable dependency,Path changed in migration,UPDATE
gen_phase2_3.py,L99,notebooks/Phase_2_3/02_Phase_2_3_Final_Evaluation.ipynb,notebooks/archive/02_Phase_2_3_Final_Evaluation.ipynb,executable dependency,Path changed in migration,UPDATE
docs/FINAL_MIGRATION_PLAN.md,L21,scratch/audit_script.py,archive/audit_script.py,documentation-only reference,Path changed in migration,IGNORE
docs/FINAL_MIGRATION_PLAN.md,L22,combine_notebooks.py,notebooks/archive/combine_notebooks.py,documentation-only reference,Path changed in migration,IGNORE
docs/FINAL_MIGRATION_PLAN.md,L23,create_notebook.py,archive/create_notebook.py,documentation-only reference,Path changed in migration,IGNORE
docs/FINAL_MIGRATION_PLAN.md,L25,cybercast_pipeline.py,archive/cybercast_pipeline.py,documentation-only reference,Path changed in migration,IGNORE
docs/FINAL_MIGRATION_PLAN.md,L26,dump_nb.ps1,archive/dump_nb.ps1,documentation-only reference,Path changed in migration,IGNORE
docs/FINAL_MIGRATION_PLAN.md,L27,fix.ps1,archive/fix.ps1,documentation-only reference,Path changed in migration,IGNORE
docs/FINAL_MIGRATION_PLAN.md,L28,fix.py,archive/fix.py,documentation-only reference,Path changed in migration,IGNORE
docs/FINAL_MIGRATION_PLAN.md,L29,fix23.py,archive/fix23.py,documentation-only reference,Path changed in migration,IGNORE
docs/FINAL_MIGRATION_PLAN.md,L30,fix_memory.ps1,archive/fix_memory.ps1,documentation-only reference,Path changed in migration,IGNORE
docs/FINAL_MIGRATION_PLAN.md,L31,scratch/generate_notebook.py,archive/generate_notebook.py,documentation-only reference,Path changed in migration,IGNORE
docs/FINAL_MIGRATION_PLAN.md,L32,gen_phase2.py,archive/gen_phase2.py,documentation-only reference,Path changed in migration,IGNORE
docs/FINAL_MIGRATION_PLAN.md,L33,gen_phase2_1.py,archive/gen_phase2_1.py,documentation-only reference,Path changed in migration,IGNORE
docs/FINAL_MIGRATION_PLAN.md,L34,gen_phase2_2.py,archive/gen_phase2_2.py,documentation-only reference,Path changed in migration,IGNORE
docs/FINAL_MIGRATION_PLAN.md,L35,gen_phase2_3.py,archive/gen_phase2_3.py,documentation-only reference,Path changed in migration,IGNORE
docs/FINAL_MIGRATION_PLAN.md,L38,scratch.py,archive/scratch.py,documentation-only reference,Path changed in migration,IGNORE
docs/FINAL_MIGRATION_PLAN.md,L117,models/best_world_model.pt,models/archive/best_world_model.pt,documentation-only reference,Path changed in migration,IGNORE
docs/FINAL_MIGRATION_PLAN.md,L119,models/cybercast_best_model.pt,models/archive/cybercast_best_model.pt,documentation-only reference,Path changed in migration,IGNORE
docs/FINAL_MIGRATION_PLAN.md,L119,models/phase2_1/best_model.pt,models/archive/best_model.pt,documentation-only reference,Path changed in migration,IGNORE
docs/FINAL_MIGRATION_PLAN.md,L122,models/feature_scaler.pkl,models/archive/feature_scaler.pkl,documentation-only reference,Path changed in migration,IGNORE
docs/FINAL_MIGRATION_PLAN.md,L122,models/scaler.pkl,models/archive/scaler.pkl,documentation-only reference,Path changed in migration,IGNORE
docs/FINAL_MIGRATION_PLAN.md,L123,models/logistic_regression.pkl,models/archive/logistic_regression.pkl,documentation-only reference,Path changed in migration,IGNORE
docs/FINAL_MIGRATION_PLAN.md,L125,models/scaler.pkl,models/archive/scaler.pkl,documentation-only reference,Path changed in migration,IGNORE
docs/FINAL_MIGRATION_PLAN.md,L128,models/phase2_1/best_model.pt,models/archive/best_model.pt,documentation-only reference,Path changed in migration,IGNORE
docs/FINAL_MIGRATION_PLAN.md,L130,models/phase2_3/model_SET_A_h20.pt,models/archive/model_SET_A_h20.pt,documentation-only reference,Path changed in migration,IGNORE
docs/FINAL_MIGRATION_PLAN.md,L131,models/phase2_3/model_SET_R_h10.pt,models/archive/model_SET_R_h10.pt,documentation-only reference,Path changed in migration,IGNORE
docs/FINAL_MIGRATION_PLAN.md,L132,models/phase2_3/model_SET_R_h20.pt,models/production/model_SET_R_h20.pt,documentation-only reference,Path changed in migration,IGNORE
docs/FINAL_MIGRATION_PLAN.md,L133,models/phase2_3/model_SET_R_h30.pt,models/archive/model_SET_R_h30.pt,documentation-only reference,Path changed in migration,IGNORE
docs/FINAL_MIGRATION_PLAN.md,L134,models/phase2_3/model_SET_R_h5.pt,models/archive/model_SET_R_h5.pt,documentation-only reference,Path changed in migration,IGNORE
docs/FINAL_MIGRATION_PLAN.md,L135,models/phase2_3/model_SET_R_Repro_1_h20.pt,models/archive/model_SET_R_Repro_1_h20.pt,documentation-only reference,Path changed in migration,IGNORE
docs/FINAL_MIGRATION_PLAN.md,L136,models/phase2_3/model_SET_R_Repro_2_h20.pt,models/archive/model_SET_R_Repro_2_h20.pt,documentation-only reference,Path changed in migration,IGNORE
docs/FINAL_MIGRATION_PLAN.md,L137,models/phase2_3/model_SET_R_SELECT_h20.pt,models/archive/model_SET_R_SELECT_h20.pt,documentation-only reference,Path changed in migration,IGNORE
docs/FINAL_MIGRATION_PLAN.md,L138,models/phase2_3/scaler_SET_A_h20.joblib,models/archive/scaler_SET_A_h20.joblib,documentation-only reference,Path changed in migration,IGNORE
docs/FINAL_MIGRATION_PLAN.md,L139,models/phase2_3/scaler_SET_R_h10.joblib,models/archive/scaler_SET_R_h10.joblib,documentation-only reference,Path changed in migration,IGNORE
docs/FINAL_MIGRATION_PLAN.md,L140,models/phase2_3/scaler_SET_R_h20.joblib,models/production/scaler_SET_R_h20.joblib,documentation-only reference,Path changed in migration,IGNORE
docs/FINAL_MIGRATION_PLAN.md,L141,models/phase2_3/scaler_SET_R_h30.joblib,models/archive/scaler_SET_R_h30.joblib,documentation-only reference,Path changed in migration,IGNORE
docs/FINAL_MIGRATION_PLAN.md,L142,models/phase2_3/scaler_SET_R_h5.joblib,models/archive/scaler_SET_R_h5.joblib,documentation-only reference,Path changed in migration,IGNORE
docs/FINAL_MIGRATION_PLAN.md,L143,models/phase2_3/scaler_SET_R_Repro_1_h20.joblib,models/archive/scaler_SET_R_Repro_1_h20.joblib,documentation-only reference,Path changed in migration,IGNORE
docs/FINAL_MIGRATION_PLAN.md,L144,models/phase2_3/scaler_SET_R_Repro_2_h20.joblib,models/archive/scaler_SET_R_Repro_2_h20.joblib,documentation-only reference,Path changed in migration,IGNORE
docs/FINAL_MIGRATION_PLAN.md,L145,models/phase2_3/scaler_SET_R_SELECT_h20.joblib,models/archive/scaler_SET_R_SELECT_h20.joblib,documentation-only reference,Path changed in migration,IGNORE
docs/FINAL_MIGRATION_PLAN.md,L146,nootebooks/01_dataset_inspection.ipynb,notebooks/archive/01_dataset_inspection.ipynb,documentation-only reference,Path changed in migration,IGNORE
docs/FINAL_MIGRATION_PLAN.md,L147,nootebooks/CyberCast_Complete.ipynb,notebooks/archive/CyberCast_Complete.ipynb,documentation-only reference,Path changed in migration,IGNORE
docs/FINAL_MIGRATION_PLAN.md,L147,notebooks/CyberCast_Complete.ipynb,notebooks/archive/CyberCast_Complete.ipynb,documentation-only reference,Path changed in migration,IGNORE
docs/FINAL_MIGRATION_PLAN.md,L148,nootebooks/CyberCast_Complete_executed.ipynb,notebooks/archive/CyberCast_Complete_executed.ipynb,documentation-only reference,Path changed in migration,IGNORE
docs/FINAL_MIGRATION_PLAN.md,L149,nootebooks/CyberCast_Model_From_Scratch.ipynb,notebooks/archive/CyberCast_Model_From_Scratch.ipynb,documentation-only reference,Path changed in migration,IGNORE
docs/FINAL_MIGRATION_PLAN.md,L150,notebooks/CyberCast_All_Phases.ipynb,notebooks/archive/CyberCast_All_Phases.ipynb,documentation-only reference,Path changed in migration,IGNORE
docs/FINAL_MIGRATION_PLAN.md,L151,notebooks/CyberCast_All_Pipelines.ipynb,notebooks/archive/CyberCast_All_Pipelines.ipynb,documentation-only reference,Path changed in migration,IGNORE
docs/FINAL_MIGRATION_PLAN.md,L152,nootebooks/CyberCast_Complete.ipynb,notebooks/archive/CyberCast_Complete.ipynb,documentation-only reference,Path changed in migration,IGNORE
docs/FINAL_MIGRATION_PLAN.md,L152,notebooks/CyberCast_Complete.ipynb,notebooks/archive/CyberCast_Complete.ipynb,documentation-only reference,Path changed in migration,IGNORE
docs/FINAL_MIGRATION_PLAN.md,L153,notebooks/Phase_2_3_Complete_Analysis.ipynb,notebooks/archive/Phase_2_3_Complete_Analysis.ipynb,documentation-only reference,Path changed in migration,IGNORE
docs/FINAL_MIGRATION_PLAN.md,L154,notebooks/Phase_2/01_Phase_2_Model_Training.ipynb,notebooks/archive/01_Phase_2_Model_Training.ipynb,documentation-only reference,Path changed in migration,IGNORE
docs/FINAL_MIGRATION_PLAN.md,L155,notebooks/Phase_2/02_Phase_2_Model_Evaluation.ipynb,notebooks/archive/02_Phase_2_Model_Evaluation.ipynb,documentation-only reference,Path changed in migration,IGNORE
docs/FINAL_MIGRATION_PLAN.md,L156,notebooks/Phase_2_1/01_Phase_2_1_Experiments_Training.ipynb,notebooks/archive/01_Phase_2_1_Experiments_Training.ipynb,documentation-only reference,Path changed in migration,IGNORE
docs/FINAL_MIGRATION_PLAN.md,L157,notebooks/Phase_2_1/02_Phase_2_1_Evaluation.ipynb,notebooks/archive/02_Phase_2_1_Evaluation.ipynb,documentation-only reference,Path changed in migration,IGNORE
docs/FINAL_MIGRATION_PLAN.md,L158,notebooks/Phase_2_2/01_Phase_2_2_Experiments_Training.ipynb,notebooks/archive/01_Phase_2_2_Experiments_Training.ipynb,documentation-only reference,Path changed in migration,IGNORE
docs/FINAL_MIGRATION_PLAN.md,L159,notebooks/Phase_2_2/02_Phase_2_2_Evaluation.ipynb,notebooks/archive/02_Phase_2_2_Evaluation.ipynb,documentation-only reference,Path changed in migration,IGNORE
docs/FINAL_MIGRATION_PLAN.md,L160,notebooks/Phase_2_3/01_Phase_2_3_Training.ipynb,notebooks/archive/01_Phase_2_3_Training.ipynb,documentation-only reference,Path changed in migration,IGNORE
docs/FINAL_MIGRATION_PLAN.md,L161,notebooks/Phase_2_3/02_Phase_2_3_Final_Evaluation.ipynb,notebooks/archive/02_Phase_2_3_Final_Evaluation.ipynb,documentation-only reference,Path changed in migration,IGNORE
docs/FINAL_MIGRATION_PLAN.md,L206,results/phase2_2/models/model_10_SET_A.pt,models/archive/model_10_SET_A.pt,documentation-only reference,Path changed in migration,IGNORE
docs/FINAL_MIGRATION_PLAN.md,L207,results/phase2_2/models/model_10_SET_B.pt,models/archive/model_10_SET_B.pt,documentation-only reference,Path changed in migration,IGNORE
docs/FINAL_MIGRATION_PLAN.md,L208,results/phase2_2/models/model_10_SET_C.pt,models/archive/model_10_SET_C.pt,documentation-only reference,Path changed in migration,IGNORE
docs/FINAL_MIGRATION_PLAN.md,L209,results/phase2_2/models/model_20_SET_A.pt,models/archive/model_20_SET_A.pt,documentation-only reference,Path changed in migration,IGNORE
docs/FINAL_MIGRATION_PLAN.md,L210,results/phase2_2/models/model_20_SET_B.pt,models/archive/model_20_SET_B.pt,documentation-only reference,Path changed in migration,IGNORE
docs/FINAL_MIGRATION_PLAN.md,L211,results/phase2_2/models/model_20_SET_C.pt,models/archive/model_20_SET_C.pt,documentation-only reference,Path changed in migration,IGNORE
docs/FINAL_MIGRATION_PLAN.md,L212,results/phase2_2/models/model_30_SET_A.pt,models/archive/model_30_SET_A.pt,documentation-only reference,Path changed in migration,IGNORE
docs/FINAL_MIGRATION_PLAN.md,L213,results/phase2_2/models/model_30_SET_B.pt,models/archive/model_30_SET_B.pt,documentation-only reference,Path changed in migration,IGNORE
docs/FINAL_MIGRATION_PLAN.md,L214,results/phase2_2/models/model_30_SET_C.pt,models/archive/model_30_SET_C.pt,documentation-only reference,Path changed in migration,IGNORE
docs/FINAL_MIGRATION_PLAN.md,L215,results/phase2_2/models/model_5_SET_A.pt,models/archive/model_5_SET_A.pt,documentation-only reference,Path changed in migration,IGNORE
docs/FINAL_MIGRATION_PLAN.md,L216,results/phase2_2/models/model_5_SET_B.pt,models/archive/model_5_SET_B.pt,documentation-only reference,Path changed in migration,IGNORE
docs/FINAL_MIGRATION_PLAN.md,L217,results/phase2_2/models/model_5_SET_C.pt,models/archive/model_5_SET_C.pt,documentation-only reference,Path changed in migration,IGNORE
docs/FINAL_MIGRATION_PLAN.md,L242,scratch/audit_script.py,archive/audit_script.py,documentation-only reference,Path changed in migration,IGNORE
docs/FINAL_MIGRATION_PLAN.md,L243,scratch/check_dates.py,archive/check_dates.py,documentation-only reference,Path changed in migration,IGNORE
docs/FINAL_MIGRATION_PLAN.md,L244,scratch/check_env.py,archive/check_env.py,documentation-only reference,Path changed in migration,IGNORE
docs/FINAL_MIGRATION_PLAN.md,L245,scratch/compare.py,archive/compare.py,documentation-only reference,Path changed in migration,IGNORE
docs/FINAL_MIGRATION_PLAN.md,L246,scratch/dump_cells.py,archive/dump_cells.py,documentation-only reference,Path changed in migration,IGNORE
docs/FINAL_MIGRATION_PLAN.md,L247,scratch/dump_early_cells.py,archive/dump_early_cells.py,documentation-only reference,Path changed in migration,IGNORE
docs/FINAL_MIGRATION_PLAN.md,L248,scratch/dump_key_cells.py,archive/dump_key_cells.py,documentation-only reference,Path changed in migration,IGNORE
docs/FINAL_MIGRATION_PLAN.md,L249,scratch/dump_key_cells2.py,archive/dump_key_cells2.py,documentation-only reference,Path changed in migration,IGNORE
docs/FINAL_MIGRATION_PLAN.md,L250,scratch/dump_lr.py,archive/dump_lr.py,documentation-only reference,Path changed in migration,IGNORE
docs/FINAL_MIGRATION_PLAN.md,L251,scratch/dump_model_cells.py,archive/dump_model_cells.py,documentation-only reference,Path changed in migration,IGNORE
docs/FINAL_MIGRATION_PLAN.md,L252,scratch/dump_nb.py,archive/dump_nb.py,documentation-only reference,Path changed in migration,IGNORE
docs/FINAL_MIGRATION_PLAN.md,L253,scratch/dump_pipeline.py,archive/dump_pipeline.py,documentation-only reference,Path changed in migration,IGNORE
docs/FINAL_MIGRATION_PLAN.md,L254,scratch/execute_and_verify.py,archive/execute_and_verify.py,documentation-only reference,Path changed in migration,IGNORE
docs/FINAL_MIGRATION_PLAN.md,L255,scratch/extract_outputs.py,archive/extract_outputs.py,documentation-only reference,Path changed in migration,IGNORE
docs/FINAL_MIGRATION_PLAN.md,L256,scratch/fast_scan.py,archive/fast_scan.py,documentation-only reference,Path changed in migration,IGNORE
docs/FINAL_MIGRATION_PLAN.md,L257,scratch/find_environments.py,archive/find_environments.py,documentation-only reference,Path changed in migration,IGNORE
docs/FINAL_MIGRATION_PLAN.md,L258,scratch/fix_and_run.py,archive/fix_and_run.py,documentation-only reference,Path changed in migration,IGNORE
docs/FINAL_MIGRATION_PLAN.md,L259,scratch/fix_unicode.py,archive/fix_unicode.py,documentation-only reference,Path changed in migration,IGNORE
docs/FINAL_MIGRATION_PLAN.md,L260,scratch/full_audit.py,archive/full_audit.py,documentation-only reference,Path changed in migration,IGNORE
docs/FINAL_MIGRATION_PLAN.md,L261,scratch/full_audit_v2.py,archive/full_audit_v2.py,documentation-only reference,Path changed in migration,IGNORE
docs/FINAL_MIGRATION_PLAN.md,L262,scratch/generate_notebook.py,archive/generate_notebook.py,documentation-only reference,Path changed in migration,IGNORE
docs/FINAL_MIGRATION_PLAN.md,L263,scratch/inspect_interfaces.py,archive/inspect_interfaces.py,documentation-only reference,Path changed in migration,IGNORE
docs/FINAL_MIGRATION_PLAN.md,L264,scratch/inspect_parquet.py,archive/inspect_parquet.py,documentation-only reference,Path changed in migration,IGNORE
docs/FINAL_MIGRATION_PLAN.md,L265,scratch/inspect_timestamp.py,archive/inspect_timestamp.py,documentation-only reference,Path changed in migration,IGNORE
docs/FINAL_MIGRATION_PLAN.md,L266,scratch/nb_cells.py,archive/nb_cells.py,documentation-only reference,Path changed in migration,IGNORE
docs/FINAL_MIGRATION_PLAN.md,L267,scratch/nb_dump.txt,archive/nb_dump.txt,documentation-only reference,Path changed in migration,IGNORE
docs/FINAL_MIGRATION_PLAN.md,L268,scratch/raw_csv_fast_audit.py,archive/raw_csv_fast_audit.py,documentation-only reference,Path changed in migration,IGNORE
docs/FINAL_MIGRATION_PLAN.md,L269,scratch/raw_data_split_audit.py,archive/raw_data_split_audit.py,documentation-only reference,Path changed in migration,IGNORE
docs/FINAL_MIGRATION_PLAN.md,L270,scratch/read_split.py,archive/read_split.py,documentation-only reference,Path changed in migration,IGNORE
docs/FINAL_MIGRATION_PLAN.md,L271,scratch/run_check.bat,archive/run_check.bat,documentation-only reference,Path changed in migration,IGNORE
docs/FINAL_MIGRATION_PLAN.md,L280,scratch/update_notebook.py,archive/update_notebook.py,documentation-only reference,Path changed in migration,IGNORE
docs/FINAL_MIGRATION_PLAN.md,L281,scratch/validate_live_demo.py,archive/validate_live_demo.py,documentation-only reference,Path changed in migration,IGNORE
docs/FINAL_MIGRATION_PLAN.md,L282,scratch/verify_nb.py,archive/verify_nb.py,documentation-only reference,Path changed in migration,IGNORE
docs/FINAL_MIGRATION_PLAN.md,L283,scripts/01_dataset_inspection.py,scripts/01_dataset_inspection.py,documentation-only reference,Path changed in migration,IGNORE
docs/FINAL_MIGRATION_PLAN.md,L287,scripts/build_final_migration_plan.py,scripts/build_final_migration_plan.py,documentation-only reference,Path changed in migration,IGNORE
docs/FINAL_MIGRATION_PLAN.md,L288,scripts/create_nb_from_py.py,scripts/create_nb_from_py.py,documentation-only reference,Path changed in migration,IGNORE
docs/FINAL_MIGRATION_PLAN.md,L289,scripts/phase2_2_experiments.py,scripts/phase2_2_experiments.py,documentation-only reference,Path changed in migration,IGNORE
docs/FINAL_MIGRATION_PLAN.md,L290,scripts/phase2_3_experiments.py,scripts/phase2_3_experiments.py,documentation-only reference,Path changed in migration,IGNORE
docs/FINAL_MIGRATION_PLAN.md,L292,scripts/threshold_analysis.py,scripts/threshold_analysis.py,documentation-only reference,Path changed in migration,IGNORE
docs/FINAL_MIGRATION_PLAN.md,L293,scripts/live_attack_lab/attack_lab_runner.py,scripts/live_attack_lab/attack_lab_runner.py,documentation-only reference,Path changed in migration,IGNORE
docs/FINAL_MIGRATION_PLAN.md,L294,scripts/live_attack_lab/generate_attack_report.py,scripts/live_attack_lab/generate_attack_report.py,documentation-only reference,Path changed in migration,IGNORE
docs/FINAL_MODEL_MAP.md,L4,models/phase2_3/model_SET_R_h20.pt,models/production/model_SET_R_h20.pt,documentation-only reference,Path changed in migration,IGNORE
docs/FINAL_MODEL_MAP.md,L4,models/phase2_3/scaler_SET_R_h20.joblib,models/production/scaler_SET_R_h20.joblib,documentation-only reference,Path changed in migration,IGNORE
docs/FINAL_PIPELINE_MAP.md,L28,cybercast_pipeline.py,archive/cybercast_pipeline.py,documentation-only reference,Path changed in migration,IGNORE
docs/FINAL_PIPELINE_MAP.md,L29,cybercast_pipeline.py,archive/cybercast_pipeline.py,documentation-only reference,Path changed in migration,IGNORE
docs/FINAL_PIPELINE_MAP.md,L30,cybercast_pipeline.py,archive/cybercast_pipeline.py,documentation-only reference,Path changed in migration,IGNORE
docs/frozen_artifact_hashes_pre_cleanup.json,L2,models/phase2_3/model_SET_R_h20.pt,models/production/model_SET_R_h20.pt,documentation-only reference,Path changed in migration,IGNORE
docs/frozen_artifact_hashes_pre_cleanup.json,L3,models/phase2_3/scaler_SET_R_h20.joblib,models/production/scaler_SET_R_h20.joblib,documentation-only reference,Path changed in migration,IGNORE
docs/review_required_files.md,L6,scratch/audit_script.py,archive/audit_script.py,documentation-only reference,Path changed in migration,IGNORE
docs/review_required_files.md,L8,scratch/generate_notebook.py,archive/generate_notebook.py,documentation-only reference,Path changed in migration,IGNORE
docs/migration/dry_run_report.md,L5,combine_notebooks.py,notebooks/archive/combine_notebooks.py,documentation-only reference,Path changed in migration,IGNORE
docs/migration/dry_run_report.md,L6,create_notebook.py,archive/create_notebook.py,documentation-only reference,Path changed in migration,IGNORE
docs/migration/dry_run_report.md,L7,cybercast_pipeline.py,archive/cybercast_pipeline.py,documentation-only reference,Path changed in migration,IGNORE
docs/migration/dry_run_report.md,L8,dump_nb.ps1,archive/dump_nb.ps1,documentation-only reference,Path changed in migration,IGNORE
docs/migration/dry_run_report.md,L9,fix.ps1,archive/fix.ps1,documentation-only reference,Path changed in migration,IGNORE
docs/migration/dry_run_report.md,L10,fix.py,archive/fix.py,documentation-only reference,Path changed in migration,IGNORE
docs/migration/dry_run_report.md,L11,fix23.py,archive/fix23.py,documentation-only reference,Path changed in migration,IGNORE
docs/migration/dry_run_report.md,L12,fix_memory.ps1,archive/fix_memory.ps1,documentation-only reference,Path changed in migration,IGNORE
docs/migration/dry_run_report.md,L13,gen_phase2.py,archive/gen_phase2.py,documentation-only reference,Path changed in migration,IGNORE
docs/migration/dry_run_report.md,L14,gen_phase2_1.py,archive/gen_phase2_1.py,documentation-only reference,Path changed in migration,IGNORE
docs/migration/dry_run_report.md,L15,gen_phase2_2.py,archive/gen_phase2_2.py,documentation-only reference,Path changed in migration,IGNORE
docs/migration/dry_run_report.md,L16,gen_phase2_3.py,archive/gen_phase2_3.py,documentation-only reference,Path changed in migration,IGNORE
docs/migration/dry_run_report.md,L17,scratch.py,archive/scratch.py,documentation-only reference,Path changed in migration,IGNORE
docs/migration/dry_run_report.md,L18,models/best_world_model.pt,models/archive/best_world_model.pt,documentation-only reference,Path changed in migration,IGNORE
docs/migration/dry_run_report.md,L19,models/cybercast_best_model.pt,models/archive/cybercast_best_model.pt,documentation-only reference,Path changed in migration,IGNORE
docs/migration/dry_run_report.md,L19,models/phase2_1/best_model.pt,models/archive/best_model.pt,documentation-only reference,Path changed in migration,IGNORE
docs/migration/dry_run_report.md,L20,models/feature_scaler.pkl,models/archive/feature_scaler.pkl,documentation-only reference,Path changed in migration,IGNORE
docs/migration/dry_run_report.md,L20,models/scaler.pkl,models/archive/scaler.pkl,documentation-only reference,Path changed in migration,IGNORE
docs/migration/dry_run_report.md,L21,models/logistic_regression.pkl,models/archive/logistic_regression.pkl,documentation-only reference,Path changed in migration,IGNORE
docs/migration/dry_run_report.md,L22,models/scaler.pkl,models/archive/scaler.pkl,documentation-only reference,Path changed in migration,IGNORE
docs/migration/dry_run_report.md,L23,models/phase2_1/best_model.pt,models/archive/best_model.pt,documentation-only reference,Path changed in migration,IGNORE
docs/migration/dry_run_report.md,L24,models/phase2_3/model_SET_A_h20.pt,models/archive/model_SET_A_h20.pt,documentation-only reference,Path changed in migration,IGNORE
docs/migration/dry_run_report.md,L25,models/phase2_3/model_SET_R_h10.pt,models/archive/model_SET_R_h10.pt,documentation-only reference,Path changed in migration,IGNORE
docs/migration/dry_run_report.md,L26,models/phase2_3/model_SET_R_h20.pt,models/production/model_SET_R_h20.pt,documentation-only reference,Path changed in migration,IGNORE
docs/migration/dry_run_report.md,L27,models/phase2_3/model_SET_R_h30.pt,models/archive/model_SET_R_h30.pt,documentation-only reference,Path changed in migration,IGNORE
docs/migration/dry_run_report.md,L28,models/phase2_3/model_SET_R_h5.pt,models/archive/model_SET_R_h5.pt,documentation-only reference,Path changed in migration,IGNORE
docs/migration/dry_run_report.md,L29,models/phase2_3/model_SET_R_Repro_1_h20.pt,models/archive/model_SET_R_Repro_1_h20.pt,documentation-only reference,Path changed in migration,IGNORE
docs/migration/dry_run_report.md,L30,models/phase2_3/model_SET_R_Repro_2_h20.pt,models/archive/model_SET_R_Repro_2_h20.pt,documentation-only reference,Path changed in migration,IGNORE
docs/migration/dry_run_report.md,L31,models/phase2_3/model_SET_R_SELECT_h20.pt,models/archive/model_SET_R_SELECT_h20.pt,documentation-only reference,Path changed in migration,IGNORE
docs/migration/dry_run_report.md,L32,models/phase2_3/scaler_SET_A_h20.joblib,models/archive/scaler_SET_A_h20.joblib,documentation-only reference,Path changed in migration,IGNORE
docs/migration/dry_run_report.md,L33,models/phase2_3/scaler_SET_R_h10.joblib,models/archive/scaler_SET_R_h10.joblib,documentation-only reference,Path changed in migration,IGNORE
docs/migration/dry_run_report.md,L34,models/phase2_3/scaler_SET_R_h20.joblib,models/production/scaler_SET_R_h20.joblib,documentation-only reference,Path changed in migration,IGNORE
docs/migration/dry_run_report.md,L35,models/phase2_3/scaler_SET_R_h30.joblib,models/archive/scaler_SET_R_h30.joblib,documentation-only reference,Path changed in migration,IGNORE
docs/migration/dry_run_report.md,L36,models/phase2_3/scaler_SET_R_h5.joblib,models/archive/scaler_SET_R_h5.joblib,documentation-only reference,Path changed in migration,IGNORE
docs/migration/dry_run_report.md,L37,models/phase2_3/scaler_SET_R_Repro_1_h20.joblib,models/archive/scaler_SET_R_Repro_1_h20.joblib,documentation-only reference,Path changed in migration,IGNORE
docs/migration/dry_run_report.md,L38,models/phase2_3/scaler_SET_R_Repro_2_h20.joblib,models/archive/scaler_SET_R_Repro_2_h20.joblib,documentation-only reference,Path changed in migration,IGNORE
docs/migration/dry_run_report.md,L39,models/phase2_3/scaler_SET_R_SELECT_h20.joblib,models/archive/scaler_SET_R_SELECT_h20.joblib,documentation-only reference,Path changed in migration,IGNORE
docs/migration/dry_run_report.md,L40,nootebooks/01_dataset_inspection.ipynb,notebooks/archive/01_dataset_inspection.ipynb,documentation-only reference,Path changed in migration,IGNORE
docs/migration/dry_run_report.md,L41,nootebooks/CyberCast_Complete.ipynb,notebooks/archive/CyberCast_Complete.ipynb,documentation-only reference,Path changed in migration,IGNORE
docs/migration/dry_run_report.md,L41,notebooks/CyberCast_Complete.ipynb,notebooks/archive/CyberCast_Complete.ipynb,documentation-only reference,Path changed in migration,IGNORE
docs/migration/dry_run_report.md,L42,nootebooks/CyberCast_Complete_executed.ipynb,notebooks/archive/CyberCast_Complete_executed.ipynb,documentation-only reference,Path changed in migration,IGNORE
docs/migration/dry_run_report.md,L43,nootebooks/CyberCast_Model_From_Scratch.ipynb,notebooks/archive/CyberCast_Model_From_Scratch.ipynb,documentation-only reference,Path changed in migration,IGNORE
docs/migration/dry_run_report.md,L44,notebooks/CyberCast_All_Phases.ipynb,notebooks/archive/CyberCast_All_Phases.ipynb,documentation-only reference,Path changed in migration,IGNORE
docs/migration/dry_run_report.md,L45,notebooks/CyberCast_All_Pipelines.ipynb,notebooks/archive/CyberCast_All_Pipelines.ipynb,documentation-only reference,Path changed in migration,IGNORE
docs/migration/dry_run_report.md,L46,nootebooks/CyberCast_Complete.ipynb,notebooks/archive/CyberCast_Complete.ipynb,documentation-only reference,Path changed in migration,IGNORE
docs/migration/dry_run_report.md,L46,notebooks/CyberCast_Complete.ipynb,notebooks/archive/CyberCast_Complete.ipynb,documentation-only reference,Path changed in migration,IGNORE
docs/migration/dry_run_report.md,L47,notebooks/Phase_2_3_Complete_Analysis.ipynb,notebooks/archive/Phase_2_3_Complete_Analysis.ipynb,documentation-only reference,Path changed in migration,IGNORE
docs/migration/dry_run_report.md,L48,notebooks/Phase_2/01_Phase_2_Model_Training.ipynb,notebooks/archive/01_Phase_2_Model_Training.ipynb,documentation-only reference,Path changed in migration,IGNORE
docs/migration/dry_run_report.md,L49,notebooks/Phase_2/02_Phase_2_Model_Evaluation.ipynb,notebooks/archive/02_Phase_2_Model_Evaluation.ipynb,documentation-only reference,Path changed in migration,IGNORE
docs/migration/dry_run_report.md,L50,notebooks/Phase_2_1/01_Phase_2_1_Experiments_Training.ipynb,notebooks/archive/01_Phase_2_1_Experiments_Training.ipynb,documentation-only reference,Path changed in migration,IGNORE
docs/migration/dry_run_report.md,L51,notebooks/Phase_2_1/02_Phase_2_1_Evaluation.ipynb,notebooks/archive/02_Phase_2_1_Evaluation.ipynb,documentation-only reference,Path changed in migration,IGNORE
docs/migration/dry_run_report.md,L52,notebooks/Phase_2_2/01_Phase_2_2_Experiments_Training.ipynb,notebooks/archive/01_Phase_2_2_Experiments_Training.ipynb,documentation-only reference,Path changed in migration,IGNORE
docs/migration/dry_run_report.md,L53,notebooks/Phase_2_2/02_Phase_2_2_Evaluation.ipynb,notebooks/archive/02_Phase_2_2_Evaluation.ipynb,documentation-only reference,Path changed in migration,IGNORE
docs/migration/dry_run_report.md,L54,notebooks/Phase_2_3/01_Phase_2_3_Training.ipynb,notebooks/archive/01_Phase_2_3_Training.ipynb,documentation-only reference,Path changed in migration,IGNORE
docs/migration/dry_run_report.md,L55,notebooks/Phase_2_3/02_Phase_2_3_Final_Evaluation.ipynb,notebooks/archive/02_Phase_2_3_Final_Evaluation.ipynb,documentation-only reference,Path changed in migration,IGNORE
docs/migration/dry_run_report.md,L56,results/phase2_2/models/model_10_SET_A.pt,models/archive/model_10_SET_A.pt,documentation-only reference,Path changed in migration,IGNORE
docs/migration/dry_run_report.md,L57,results/phase2_2/models/model_10_SET_B.pt,models/archive/model_10_SET_B.pt,documentation-only reference,Path changed in migration,IGNORE
docs/migration/dry_run_report.md,L58,results/phase2_2/models/model_10_SET_C.pt,models/archive/model_10_SET_C.pt,documentation-only reference,Path changed in migration,IGNORE
docs/migration/dry_run_report.md,L59,results/phase2_2/models/model_20_SET_A.pt,models/archive/model_20_SET_A.pt,documentation-only reference,Path changed in migration,IGNORE
docs/migration/dry_run_report.md,L60,results/phase2_2/models/model_20_SET_B.pt,models/archive/model_20_SET_B.pt,documentation-only reference,Path changed in migration,IGNORE
docs/migration/dry_run_report.md,L61,results/phase2_2/models/model_20_SET_C.pt,models/archive/model_20_SET_C.pt,documentation-only reference,Path changed in migration,IGNORE
docs/migration/dry_run_report.md,L62,results/phase2_2/models/model_30_SET_A.pt,models/archive/model_30_SET_A.pt,documentation-only reference,Path changed in migration,IGNORE
docs/migration/dry_run_report.md,L63,results/phase2_2/models/model_30_SET_B.pt,models/archive/model_30_SET_B.pt,documentation-only reference,Path changed in migration,IGNORE
docs/migration/dry_run_report.md,L64,results/phase2_2/models/model_30_SET_C.pt,models/archive/model_30_SET_C.pt,documentation-only reference,Path changed in migration,IGNORE
docs/migration/dry_run_report.md,L65,results/phase2_2/models/model_5_SET_A.pt,models/archive/model_5_SET_A.pt,documentation-only reference,Path changed in migration,IGNORE
docs/migration/dry_run_report.md,L66,results/phase2_2/models/model_5_SET_B.pt,models/archive/model_5_SET_B.pt,documentation-only reference,Path changed in migration,IGNORE
docs/migration/dry_run_report.md,L67,results/phase2_2/models/model_5_SET_C.pt,models/archive/model_5_SET_C.pt,documentation-only reference,Path changed in migration,IGNORE
docs/migration/dry_run_report.md,L68,scratch/audit_script.py,archive/audit_script.py,documentation-only reference,Path changed in migration,IGNORE
docs/migration/dry_run_report.md,L69,scratch/check_dates.py,archive/check_dates.py,documentation-only reference,Path changed in migration,IGNORE
docs/migration/dry_run_report.md,L70,scratch/check_env.py,archive/check_env.py,documentation-only reference,Path changed in migration,IGNORE
docs/migration/dry_run_report.md,L71,scratch/compare.py,archive/compare.py,documentation-only reference,Path changed in migration,IGNORE
docs/migration/dry_run_report.md,L72,scratch/dump_cells.py,archive/dump_cells.py,documentation-only reference,Path changed in migration,IGNORE
docs/migration/dry_run_report.md,L73,scratch/dump_early_cells.py,archive/dump_early_cells.py,documentation-only reference,Path changed in migration,IGNORE
docs/migration/dry_run_report.md,L74,scratch/dump_key_cells.py,archive/dump_key_cells.py,documentation-only reference,Path changed in migration,IGNORE
docs/migration/dry_run_report.md,L75,scratch/dump_key_cells2.py,archive/dump_key_cells2.py,documentation-only reference,Path changed in migration,IGNORE
docs/migration/dry_run_report.md,L76,scratch/dump_lr.py,archive/dump_lr.py,documentation-only reference,Path changed in migration,IGNORE
docs/migration/dry_run_report.md,L77,scratch/dump_model_cells.py,archive/dump_model_cells.py,documentation-only reference,Path changed in migration,IGNORE
docs/migration/dry_run_report.md,L78,scratch/dump_nb.py,archive/dump_nb.py,documentation-only reference,Path changed in migration,IGNORE
docs/migration/dry_run_report.md,L79,scratch/dump_pipeline.py,archive/dump_pipeline.py,documentation-only reference,Path changed in migration,IGNORE
docs/migration/dry_run_report.md,L80,scratch/execute_and_verify.py,archive/execute_and_verify.py,documentation-only reference,Path changed in migration,IGNORE
docs/migration/dry_run_report.md,L81,scratch/extract_outputs.py,archive/extract_outputs.py,documentation-only reference,Path changed in migration,IGNORE
docs/migration/dry_run_report.md,L82,scratch/fast_scan.py,archive/fast_scan.py,documentation-only reference,Path changed in migration,IGNORE
docs/migration/dry_run_report.md,L83,scratch/find_environments.py,archive/find_environments.py,documentation-only reference,Path changed in migration,IGNORE
docs/migration/dry_run_report.md,L84,scratch/fix_and_run.py,archive/fix_and_run.py,documentation-only reference,Path changed in migration,IGNORE
docs/migration/dry_run_report.md,L85,scratch/fix_unicode.py,archive/fix_unicode.py,documentation-only reference,Path changed in migration,IGNORE
docs/migration/dry_run_report.md,L86,scratch/full_audit.py,archive/full_audit.py,documentation-only reference,Path changed in migration,IGNORE
docs/migration/dry_run_report.md,L87,scratch/full_audit_v2.py,archive/full_audit_v2.py,documentation-only reference,Path changed in migration,IGNORE
docs/migration/dry_run_report.md,L88,scratch/generate_notebook.py,archive/generate_notebook.py,documentation-only reference,Path changed in migration,IGNORE
docs/migration/dry_run_report.md,L89,scratch/inspect_interfaces.py,archive/inspect_interfaces.py,documentation-only reference,Path changed in migration,IGNORE
docs/migration/dry_run_report.md,L90,scratch/inspect_parquet.py,archive/inspect_parquet.py,documentation-only reference,Path changed in migration,IGNORE
docs/migration/dry_run_report.md,L91,scratch/inspect_timestamp.py,archive/inspect_timestamp.py,documentation-only reference,Path changed in migration,IGNORE
docs/migration/dry_run_report.md,L92,scratch/nb_cells.py,archive/nb_cells.py,documentation-only reference,Path changed in migration,IGNORE
docs/migration/dry_run_report.md,L93,scratch/nb_dump.txt,archive/nb_dump.txt,documentation-only reference,Path changed in migration,IGNORE
docs/migration/dry_run_report.md,L94,scratch/raw_csv_fast_audit.py,archive/raw_csv_fast_audit.py,documentation-only reference,Path changed in migration,IGNORE
docs/migration/dry_run_report.md,L95,scratch/raw_data_split_audit.py,archive/raw_data_split_audit.py,documentation-only reference,Path changed in migration,IGNORE
docs/migration/dry_run_report.md,L96,scratch/read_split.py,archive/read_split.py,documentation-only reference,Path changed in migration,IGNORE
docs/migration/dry_run_report.md,L97,scratch/run_check.bat,archive/run_check.bat,documentation-only reference,Path changed in migration,IGNORE
docs/migration/dry_run_report.md,L98,scratch/update_notebook.py,archive/update_notebook.py,documentation-only reference,Path changed in migration,IGNORE
docs/migration/dry_run_report.md,L99,scratch/validate_live_demo.py,archive/validate_live_demo.py,documentation-only reference,Path changed in migration,IGNORE
docs/migration/dry_run_report.md,L100,scratch/verify_nb.py,archive/verify_nb.py,documentation-only reference,Path changed in migration,IGNORE
docs/migration/dry_run_report.md,L101,scripts/01_dataset_inspection.py,scripts/01_dataset_inspection.py,documentation-only reference,Path changed in migration,IGNORE
docs/migration/dry_run_report.md,L102,scripts/build_final_migration_plan.py,scripts/build_final_migration_plan.py,documentation-only reference,Path changed in migration,IGNORE
docs/migration/dry_run_report.md,L103,scripts/create_nb_from_py.py,scripts/create_nb_from_py.py,documentation-only reference,Path changed in migration,IGNORE
docs/migration/dry_run_report.md,L104,scripts/phase2_2_experiments.py,scripts/phase2_2_experiments.py,documentation-only reference,Path changed in migration,IGNORE
docs/migration/dry_run_report.md,L105,scripts/phase2_3_experiments.py,scripts/phase2_3_experiments.py,documentation-only reference,Path changed in migration,IGNORE
docs/migration/dry_run_report.md,L106,scripts/threshold_analysis.py,scripts/threshold_analysis.py,documentation-only reference,Path changed in migration,IGNORE
docs/migration/dry_run_report.md,L107,scripts/live_attack_lab/attack_lab_runner.py,scripts/live_attack_lab/attack_lab_runner.py,documentation-only reference,Path changed in migration,IGNORE
docs/migration/dry_run_report.md,L108,scripts/live_attack_lab/generate_attack_report.py,scripts/live_attack_lab/generate_attack_report.py,documentation-only reference,Path changed in migration,IGNORE
docs/migration/pre_cleanup_manifest.json,L3,combine_notebooks.py,notebooks/archive/combine_notebooks.py,documentation-only reference,Path changed in migration,IGNORE
docs/migration/pre_cleanup_manifest.json,L9,create_notebook.py,archive/create_notebook.py,documentation-only reference,Path changed in migration,IGNORE
docs/migration/pre_cleanup_manifest.json,L15,cybercast_pipeline.py,archive/cybercast_pipeline.py,documentation-only reference,Path changed in migration,IGNORE
docs/migration/pre_cleanup_manifest.json,L21,dump_nb.ps1,archive/dump_nb.ps1,documentation-only reference,Path changed in migration,IGNORE
docs/migration/pre_cleanup_manifest.json,L27,fix.ps1,archive/fix.ps1,documentation-only reference,Path changed in migration,IGNORE
docs/migration/pre_cleanup_manifest.json,L33,fix.py,archive/fix.py,documentation-only reference,Path changed in migration,IGNORE
docs/migration/pre_cleanup_manifest.json,L39,fix23.py,archive/fix23.py,documentation-only reference,Path changed in migration,IGNORE
docs/migration/pre_cleanup_manifest.json,L45,fix_memory.ps1,archive/fix_memory.ps1,documentation-only reference,Path changed in migration,IGNORE
docs/migration/pre_cleanup_manifest.json,L51,gen_phase2.py,archive/gen_phase2.py,documentation-only reference,Path changed in migration,IGNORE
docs/migration/pre_cleanup_manifest.json,L57,gen_phase2_1.py,archive/gen_phase2_1.py,documentation-only reference,Path changed in migration,IGNORE
docs/migration/pre_cleanup_manifest.json,L63,gen_phase2_2.py,archive/gen_phase2_2.py,documentation-only reference,Path changed in migration,IGNORE
docs/migration/pre_cleanup_manifest.json,L69,gen_phase2_3.py,archive/gen_phase2_3.py,documentation-only reference,Path changed in migration,IGNORE
docs/migration/pre_cleanup_manifest.json,L75,scratch.py,archive/scratch.py,documentation-only reference,Path changed in migration,IGNORE
docs/migration/pre_cleanup_manifest.json,L81,models/best_world_model.pt,models/archive/best_world_model.pt,documentation-only reference,Path changed in migration,IGNORE
docs/migration/pre_cleanup_manifest.json,L87,models/cybercast_best_model.pt,models/archive/cybercast_best_model.pt,documentation-only reference,Path changed in migration,IGNORE
docs/migration/pre_cleanup_manifest.json,L87,models/phase2_1/best_model.pt,models/archive/best_model.pt,documentation-only reference,Path changed in migration,IGNORE
docs/migration/pre_cleanup_manifest.json,L93,models/feature_scaler.pkl,models/archive/feature_scaler.pkl,documentation-only reference,Path changed in migration,IGNORE
docs/migration/pre_cleanup_manifest.json,L93,models/scaler.pkl,models/archive/scaler.pkl,documentation-only reference,Path changed in migration,IGNORE
docs/migration/pre_cleanup_manifest.json,L99,models/logistic_regression.pkl,models/archive/logistic_regression.pkl,documentation-only reference,Path changed in migration,IGNORE
docs/migration/pre_cleanup_manifest.json,L105,models/scaler.pkl,models/archive/scaler.pkl,documentation-only reference,Path changed in migration,IGNORE
docs/migration/pre_cleanup_manifest.json,L111,models/phase2_1/best_model.pt,models/archive/best_model.pt,documentation-only reference,Path changed in migration,IGNORE
docs/migration/pre_cleanup_manifest.json,L117,models/phase2_3/model_SET_A_h20.pt,models/archive/model_SET_A_h20.pt,documentation-only reference,Path changed in migration,IGNORE
docs/migration/pre_cleanup_manifest.json,L123,models/phase2_3/model_SET_R_h10.pt,models/archive/model_SET_R_h10.pt,documentation-only reference,Path changed in migration,IGNORE
docs/migration/pre_cleanup_manifest.json,L129,models/phase2_3/model_SET_R_h20.pt,models/production/model_SET_R_h20.pt,documentation-only reference,Path changed in migration,IGNORE
docs/migration/pre_cleanup_manifest.json,L135,models/phase2_3/model_SET_R_h30.pt,models/archive/model_SET_R_h30.pt,documentation-only reference,Path changed in migration,IGNORE
docs/migration/pre_cleanup_manifest.json,L141,models/phase2_3/model_SET_R_h5.pt,models/archive/model_SET_R_h5.pt,documentation-only reference,Path changed in migration,IGNORE
docs/migration/pre_cleanup_manifest.json,L147,models/phase2_3/model_SET_R_Repro_1_h20.pt,models/archive/model_SET_R_Repro_1_h20.pt,documentation-only reference,Path changed in migration,IGNORE
docs/migration/pre_cleanup_manifest.json,L153,models/phase2_3/model_SET_R_Repro_2_h20.pt,models/archive/model_SET_R_Repro_2_h20.pt,documentation-only reference,Path changed in migration,IGNORE
docs/migration/pre_cleanup_manifest.json,L159,models/phase2_3/model_SET_R_SELECT_h20.pt,models/archive/model_SET_R_SELECT_h20.pt,documentation-only reference,Path changed in migration,IGNORE
docs/migration/pre_cleanup_manifest.json,L165,models/phase2_3/scaler_SET_A_h20.joblib,models/archive/scaler_SET_A_h20.joblib,documentation-only reference,Path changed in migration,IGNORE
docs/migration/pre_cleanup_manifest.json,L171,models/phase2_3/scaler_SET_R_h10.joblib,models/archive/scaler_SET_R_h10.joblib,documentation-only reference,Path changed in migration,IGNORE
docs/migration/pre_cleanup_manifest.json,L177,models/phase2_3/scaler_SET_R_h20.joblib,models/production/scaler_SET_R_h20.joblib,documentation-only reference,Path changed in migration,IGNORE
docs/migration/pre_cleanup_manifest.json,L183,models/phase2_3/scaler_SET_R_h30.joblib,models/archive/scaler_SET_R_h30.joblib,documentation-only reference,Path changed in migration,IGNORE
docs/migration/pre_cleanup_manifest.json,L189,models/phase2_3/scaler_SET_R_h5.joblib,models/archive/scaler_SET_R_h5.joblib,documentation-only reference,Path changed in migration,IGNORE
docs/migration/pre_cleanup_manifest.json,L195,models/phase2_3/scaler_SET_R_Repro_1_h20.joblib,models/archive/scaler_SET_R_Repro_1_h20.joblib,documentation-only reference,Path changed in migration,IGNORE
docs/migration/pre_cleanup_manifest.json,L201,models/phase2_3/scaler_SET_R_Repro_2_h20.joblib,models/archive/scaler_SET_R_Repro_2_h20.joblib,documentation-only reference,Path changed in migration,IGNORE
docs/migration/pre_cleanup_manifest.json,L207,models/phase2_3/scaler_SET_R_SELECT_h20.joblib,models/archive/scaler_SET_R_SELECT_h20.joblib,documentation-only reference,Path changed in migration,IGNORE
docs/migration/pre_cleanup_manifest.json,L213,nootebooks/01_dataset_inspection.ipynb,notebooks/archive/01_dataset_inspection.ipynb,documentation-only reference,Path changed in migration,IGNORE
docs/migration/pre_cleanup_manifest.json,L219,nootebooks/CyberCast_Complete.ipynb,notebooks/archive/CyberCast_Complete.ipynb,documentation-only reference,Path changed in migration,IGNORE
docs/migration/pre_cleanup_manifest.json,L219,notebooks/CyberCast_Complete.ipynb,notebooks/archive/CyberCast_Complete.ipynb,documentation-only reference,Path changed in migration,IGNORE
docs/migration/pre_cleanup_manifest.json,L225,nootebooks/CyberCast_Complete_executed.ipynb,notebooks/archive/CyberCast_Complete_executed.ipynb,documentation-only reference,Path changed in migration,IGNORE
docs/migration/pre_cleanup_manifest.json,L231,nootebooks/CyberCast_Model_From_Scratch.ipynb,notebooks/archive/CyberCast_Model_From_Scratch.ipynb,documentation-only reference,Path changed in migration,IGNORE
docs/migration/pre_cleanup_manifest.json,L237,notebooks/CyberCast_All_Phases.ipynb,notebooks/archive/CyberCast_All_Phases.ipynb,documentation-only reference,Path changed in migration,IGNORE
docs/migration/pre_cleanup_manifest.json,L243,notebooks/CyberCast_All_Pipelines.ipynb,notebooks/archive/CyberCast_All_Pipelines.ipynb,documentation-only reference,Path changed in migration,IGNORE
docs/migration/pre_cleanup_manifest.json,L249,nootebooks/CyberCast_Complete.ipynb,notebooks/archive/CyberCast_Complete.ipynb,documentation-only reference,Path changed in migration,IGNORE
docs/migration/pre_cleanup_manifest.json,L249,notebooks/CyberCast_Complete.ipynb,notebooks/archive/CyberCast_Complete.ipynb,documentation-only reference,Path changed in migration,IGNORE
docs/migration/pre_cleanup_manifest.json,L255,notebooks/Phase_2_3_Complete_Analysis.ipynb,notebooks/archive/Phase_2_3_Complete_Analysis.ipynb,documentation-only reference,Path changed in migration,IGNORE
docs/migration/pre_cleanup_manifest.json,L261,notebooks/Phase_2/01_Phase_2_Model_Training.ipynb,notebooks/archive/01_Phase_2_Model_Training.ipynb,documentation-only reference,Path changed in migration,IGNORE
docs/migration/pre_cleanup_manifest.json,L267,notebooks/Phase_2/02_Phase_2_Model_Evaluation.ipynb,notebooks/archive/02_Phase_2_Model_Evaluation.ipynb,documentation-only reference,Path changed in migration,IGNORE
docs/migration/pre_cleanup_manifest.json,L273,notebooks/Phase_2_1/01_Phase_2_1_Experiments_Training.ipynb,notebooks/archive/01_Phase_2_1_Experiments_Training.ipynb,documentation-only reference,Path changed in migration,IGNORE
docs/migration/pre_cleanup_manifest.json,L279,notebooks/Phase_2_1/02_Phase_2_1_Evaluation.ipynb,notebooks/archive/02_Phase_2_1_Evaluation.ipynb,documentation-only reference,Path changed in migration,IGNORE
docs/migration/pre_cleanup_manifest.json,L285,notebooks/Phase_2_2/01_Phase_2_2_Experiments_Training.ipynb,notebooks/archive/01_Phase_2_2_Experiments_Training.ipynb,documentation-only reference,Path changed in migration,IGNORE
docs/migration/pre_cleanup_manifest.json,L291,notebooks/Phase_2_2/02_Phase_2_2_Evaluation.ipynb,notebooks/archive/02_Phase_2_2_Evaluation.ipynb,documentation-only reference,Path changed in migration,IGNORE
docs/migration/pre_cleanup_manifest.json,L297,notebooks/Phase_2_3/01_Phase_2_3_Training.ipynb,notebooks/archive/01_Phase_2_3_Training.ipynb,documentation-only reference,Path changed in migration,IGNORE
docs/migration/pre_cleanup_manifest.json,L303,notebooks/Phase_2_3/02_Phase_2_3_Final_Evaluation.ipynb,notebooks/archive/02_Phase_2_3_Final_Evaluation.ipynb,documentation-only reference,Path changed in migration,IGNORE
docs/migration/pre_cleanup_manifest.json,L309,results/phase2_2/models/model_10_SET_A.pt,models/archive/model_10_SET_A.pt,documentation-only reference,Path changed in migration,IGNORE
docs/migration/pre_cleanup_manifest.json,L315,results/phase2_2/models/model_10_SET_B.pt,models/archive/model_10_SET_B.pt,documentation-only reference,Path changed in migration,IGNORE
docs/migration/pre_cleanup_manifest.json,L321,results/phase2_2/models/model_10_SET_C.pt,models/archive/model_10_SET_C.pt,documentation-only reference,Path changed in migration,IGNORE
docs/migration/pre_cleanup_manifest.json,L327,results/phase2_2/models/model_20_SET_A.pt,models/archive/model_20_SET_A.pt,documentation-only reference,Path changed in migration,IGNORE
docs/migration/pre_cleanup_manifest.json,L333,results/phase2_2/models/model_20_SET_B.pt,models/archive/model_20_SET_B.pt,documentation-only reference,Path changed in migration,IGNORE
docs/migration/pre_cleanup_manifest.json,L339,results/phase2_2/models/model_20_SET_C.pt,models/archive/model_20_SET_C.pt,documentation-only reference,Path changed in migration,IGNORE
docs/migration/pre_cleanup_manifest.json,L345,results/phase2_2/models/model_30_SET_A.pt,models/archive/model_30_SET_A.pt,documentation-only reference,Path changed in migration,IGNORE
docs/migration/pre_cleanup_manifest.json,L351,results/phase2_2/models/model_30_SET_B.pt,models/archive/model_30_SET_B.pt,documentation-only reference,Path changed in migration,IGNORE
docs/migration/pre_cleanup_manifest.json,L357,results/phase2_2/models/model_30_SET_C.pt,models/archive/model_30_SET_C.pt,documentation-only reference,Path changed in migration,IGNORE
docs/migration/pre_cleanup_manifest.json,L363,results/phase2_2/models/model_5_SET_A.pt,models/archive/model_5_SET_A.pt,documentation-only reference,Path changed in migration,IGNORE
docs/migration/pre_cleanup_manifest.json,L369,results/phase2_2/models/model_5_SET_B.pt,models/archive/model_5_SET_B.pt,documentation-only reference,Path changed in migration,IGNORE
docs/migration/pre_cleanup_manifest.json,L375,results/phase2_2/models/model_5_SET_C.pt,models/archive/model_5_SET_C.pt,documentation-only reference,Path changed in migration,IGNORE
docs/migration/pre_cleanup_manifest.json,L381,scratch/audit_script.py,archive/audit_script.py,documentation-only reference,Path changed in migration,IGNORE
docs/migration/pre_cleanup_manifest.json,L387,scratch/check_dates.py,archive/check_dates.py,documentation-only reference,Path changed in migration,IGNORE
docs/migration/pre_cleanup_manifest.json,L393,scratch/check_env.py,archive/check_env.py,documentation-only reference,Path changed in migration,IGNORE
docs/migration/pre_cleanup_manifest.json,L399,scratch/compare.py,archive/compare.py,documentation-only reference,Path changed in migration,IGNORE
docs/migration/pre_cleanup_manifest.json,L405,scratch/dump_cells.py,archive/dump_cells.py,documentation-only reference,Path changed in migration,IGNORE
docs/migration/pre_cleanup_manifest.json,L411,scratch/dump_early_cells.py,archive/dump_early_cells.py,documentation-only reference,Path changed in migration,IGNORE
docs/migration/pre_cleanup_manifest.json,L417,scratch/dump_key_cells.py,archive/dump_key_cells.py,documentation-only reference,Path changed in migration,IGNORE
docs/migration/pre_cleanup_manifest.json,L423,scratch/dump_key_cells2.py,archive/dump_key_cells2.py,documentation-only reference,Path changed in migration,IGNORE
docs/migration/pre_cleanup_manifest.json,L429,scratch/dump_lr.py,archive/dump_lr.py,documentation-only reference,Path changed in migration,IGNORE
docs/migration/pre_cleanup_manifest.json,L435,scratch/dump_model_cells.py,archive/dump_model_cells.py,documentation-only reference,Path changed in migration,IGNORE
docs/migration/pre_cleanup_manifest.json,L441,scratch/dump_nb.py,archive/dump_nb.py,documentation-only reference,Path changed in migration,IGNORE
docs/migration/pre_cleanup_manifest.json,L447,scratch/dump_pipeline.py,archive/dump_pipeline.py,documentation-only reference,Path changed in migration,IGNORE
docs/migration/pre_cleanup_manifest.json,L453,scratch/execute_and_verify.py,archive/execute_and_verify.py,documentation-only reference,Path changed in migration,IGNORE
docs/migration/pre_cleanup_manifest.json,L459,scratch/extract_outputs.py,archive/extract_outputs.py,documentation-only reference,Path changed in migration,IGNORE
docs/migration/pre_cleanup_manifest.json,L465,scratch/fast_scan.py,archive/fast_scan.py,documentation-only reference,Path changed in migration,IGNORE
docs/migration/pre_cleanup_manifest.json,L471,scratch/find_environments.py,archive/find_environments.py,documentation-only reference,Path changed in migration,IGNORE
docs/migration/pre_cleanup_manifest.json,L477,scratch/fix_and_run.py,archive/fix_and_run.py,documentation-only reference,Path changed in migration,IGNORE
docs/migration/pre_cleanup_manifest.json,L483,scratch/fix_unicode.py,archive/fix_unicode.py,documentation-only reference,Path changed in migration,IGNORE
docs/migration/pre_cleanup_manifest.json,L489,scratch/full_audit.py,archive/full_audit.py,documentation-only reference,Path changed in migration,IGNORE
docs/migration/pre_cleanup_manifest.json,L495,scratch/full_audit_v2.py,archive/full_audit_v2.py,documentation-only reference,Path changed in migration,IGNORE
docs/migration/pre_cleanup_manifest.json,L501,scratch/generate_notebook.py,archive/generate_notebook.py,documentation-only reference,Path changed in migration,IGNORE
docs/migration/pre_cleanup_manifest.json,L507,scratch/inspect_interfaces.py,archive/inspect_interfaces.py,documentation-only reference,Path changed in migration,IGNORE
docs/migration/pre_cleanup_manifest.json,L513,scratch/inspect_parquet.py,archive/inspect_parquet.py,documentation-only reference,Path changed in migration,IGNORE
docs/migration/pre_cleanup_manifest.json,L519,scratch/inspect_timestamp.py,archive/inspect_timestamp.py,documentation-only reference,Path changed in migration,IGNORE
docs/migration/pre_cleanup_manifest.json,L525,scratch/nb_cells.py,archive/nb_cells.py,documentation-only reference,Path changed in migration,IGNORE
docs/migration/pre_cleanup_manifest.json,L531,scratch/nb_dump.txt,archive/nb_dump.txt,documentation-only reference,Path changed in migration,IGNORE
docs/migration/pre_cleanup_manifest.json,L537,scratch/raw_csv_fast_audit.py,archive/raw_csv_fast_audit.py,documentation-only reference,Path changed in migration,IGNORE
docs/migration/pre_cleanup_manifest.json,L543,scratch/raw_data_split_audit.py,archive/raw_data_split_audit.py,documentation-only reference,Path changed in migration,IGNORE
docs/migration/pre_cleanup_manifest.json,L549,scratch/read_split.py,archive/read_split.py,documentation-only reference,Path changed in migration,IGNORE
docs/migration/pre_cleanup_manifest.json,L555,scratch/run_check.bat,archive/run_check.bat,documentation-only reference,Path changed in migration,IGNORE
docs/migration/pre_cleanup_manifest.json,L561,scratch/update_notebook.py,archive/update_notebook.py,documentation-only reference,Path changed in migration,IGNORE
docs/migration/pre_cleanup_manifest.json,L567,scratch/validate_live_demo.py,archive/validate_live_demo.py,documentation-only reference,Path changed in migration,IGNORE
docs/migration/pre_cleanup_manifest.json,L573,scratch/verify_nb.py,archive/verify_nb.py,documentation-only reference,Path changed in migration,IGNORE
docs/migration/pre_cleanup_manifest.json,L579,scripts/01_dataset_inspection.py,scripts/01_dataset_inspection.py,documentation-only reference,Path changed in migration,IGNORE
docs/migration/pre_cleanup_manifest.json,L585,scripts/build_final_migration_plan.py,scripts/build_final_migration_plan.py,documentation-only reference,Path changed in migration,IGNORE
docs/migration/pre_cleanup_manifest.json,L591,scripts/create_nb_from_py.py,scripts/create_nb_from_py.py,documentation-only reference,Path changed in migration,IGNORE
docs/migration/pre_cleanup_manifest.json,L597,scripts/phase2_2_experiments.py,scripts/phase2_2_experiments.py,documentation-only reference,Path changed in migration,IGNORE
docs/migration/pre_cleanup_manifest.json,L603,scripts/phase2_3_experiments.py,scripts/phase2_3_experiments.py,documentation-only reference,Path changed in migration,IGNORE
docs/migration/pre_cleanup_manifest.json,L609,scripts/threshold_analysis.py,scripts/threshold_analysis.py,documentation-only reference,Path changed in migration,IGNORE
docs/migration/pre_cleanup_manifest.json,L615,scripts/live_attack_lab/attack_lab_runner.py,scripts/live_attack_lab/attack_lab_runner.py,documentation-only reference,Path changed in migration,IGNORE
docs/migration/pre_cleanup_manifest.json,L621,scripts/live_attack_lab/generate_attack_report.py,scripts/live_attack_lab/generate_attack_report.py,documentation-only reference,Path changed in migration,IGNORE
docs/migration/rollback_manifest.json,L3,combine_notebooks.py,notebooks/archive/combine_notebooks.py,documentation-only reference,Path changed in migration,IGNORE
docs/migration/rollback_manifest.json,L4,combine_notebooks.py,notebooks/archive/combine_notebooks.py,documentation-only reference,Path changed in migration,IGNORE
docs/migration/rollback_manifest.json,L9,create_notebook.py,archive/create_notebook.py,documentation-only reference,Path changed in migration,IGNORE
docs/migration/rollback_manifest.json,L10,create_notebook.py,archive/create_notebook.py,documentation-only reference,Path changed in migration,IGNORE
docs/migration/rollback_manifest.json,L15,cybercast_pipeline.py,archive/cybercast_pipeline.py,documentation-only reference,Path changed in migration,IGNORE
docs/migration/rollback_manifest.json,L16,cybercast_pipeline.py,archive/cybercast_pipeline.py,documentation-only reference,Path changed in migration,IGNORE
docs/migration/rollback_manifest.json,L21,dump_nb.ps1,archive/dump_nb.ps1,documentation-only reference,Path changed in migration,IGNORE
docs/migration/rollback_manifest.json,L22,dump_nb.ps1,archive/dump_nb.ps1,documentation-only reference,Path changed in migration,IGNORE
docs/migration/rollback_manifest.json,L27,fix.ps1,archive/fix.ps1,documentation-only reference,Path changed in migration,IGNORE
docs/migration/rollback_manifest.json,L28,fix.ps1,archive/fix.ps1,documentation-only reference,Path changed in migration,IGNORE
docs/migration/rollback_manifest.json,L33,fix.py,archive/fix.py,documentation-only reference,Path changed in migration,IGNORE
docs/migration/rollback_manifest.json,L34,fix.py,archive/fix.py,documentation-only reference,Path changed in migration,IGNORE
docs/migration/rollback_manifest.json,L39,fix23.py,archive/fix23.py,documentation-only reference,Path changed in migration,IGNORE
docs/migration/rollback_manifest.json,L40,fix23.py,archive/fix23.py,documentation-only reference,Path changed in migration,IGNORE
docs/migration/rollback_manifest.json,L45,fix_memory.ps1,archive/fix_memory.ps1,documentation-only reference,Path changed in migration,IGNORE
docs/migration/rollback_manifest.json,L46,fix_memory.ps1,archive/fix_memory.ps1,documentation-only reference,Path changed in migration,IGNORE
docs/migration/rollback_manifest.json,L51,gen_phase2.py,archive/gen_phase2.py,documentation-only reference,Path changed in migration,IGNORE
docs/migration/rollback_manifest.json,L52,gen_phase2.py,archive/gen_phase2.py,documentation-only reference,Path changed in migration,IGNORE
docs/migration/rollback_manifest.json,L57,gen_phase2_1.py,archive/gen_phase2_1.py,documentation-only reference,Path changed in migration,IGNORE
docs/migration/rollback_manifest.json,L58,gen_phase2_1.py,archive/gen_phase2_1.py,documentation-only reference,Path changed in migration,IGNORE
docs/migration/rollback_manifest.json,L63,gen_phase2_2.py,archive/gen_phase2_2.py,documentation-only reference,Path changed in migration,IGNORE
docs/migration/rollback_manifest.json,L64,gen_phase2_2.py,archive/gen_phase2_2.py,documentation-only reference,Path changed in migration,IGNORE
docs/migration/rollback_manifest.json,L69,gen_phase2_3.py,archive/gen_phase2_3.py,documentation-only reference,Path changed in migration,IGNORE
docs/migration/rollback_manifest.json,L70,gen_phase2_3.py,archive/gen_phase2_3.py,documentation-only reference,Path changed in migration,IGNORE
docs/migration/rollback_manifest.json,L75,scratch.py,archive/scratch.py,documentation-only reference,Path changed in migration,IGNORE
docs/migration/rollback_manifest.json,L76,scratch.py,archive/scratch.py,documentation-only reference,Path changed in migration,IGNORE
docs/migration/rollback_manifest.json,L81,models/best_world_model.pt,models/archive/best_world_model.pt,documentation-only reference,Path changed in migration,IGNORE
docs/migration/rollback_manifest.json,L82,models/best_world_model.pt,models/archive/best_world_model.pt,documentation-only reference,Path changed in migration,IGNORE
docs/migration/rollback_manifest.json,L87,models/cybercast_best_model.pt,models/archive/cybercast_best_model.pt,documentation-only reference,Path changed in migration,IGNORE
docs/migration/rollback_manifest.json,L87,models/phase2_1/best_model.pt,models/archive/best_model.pt,documentation-only reference,Path changed in migration,IGNORE
docs/migration/rollback_manifest.json,L88,models/cybercast_best_model.pt,models/archive/cybercast_best_model.pt,documentation-only reference,Path changed in migration,IGNORE
docs/migration/rollback_manifest.json,L88,models/phase2_1/best_model.pt,models/archive/best_model.pt,documentation-only reference,Path changed in migration,IGNORE
docs/migration/rollback_manifest.json,L93,models/feature_scaler.pkl,models/archive/feature_scaler.pkl,documentation-only reference,Path changed in migration,IGNORE
docs/migration/rollback_manifest.json,L93,models/scaler.pkl,models/archive/scaler.pkl,documentation-only reference,Path changed in migration,IGNORE
docs/migration/rollback_manifest.json,L94,models/feature_scaler.pkl,models/archive/feature_scaler.pkl,documentation-only reference,Path changed in migration,IGNORE
docs/migration/rollback_manifest.json,L94,models/scaler.pkl,models/archive/scaler.pkl,documentation-only reference,Path changed in migration,IGNORE
docs/migration/rollback_manifest.json,L99,models/logistic_regression.pkl,models/archive/logistic_regression.pkl,documentation-only reference,Path changed in migration,IGNORE
docs/migration/rollback_manifest.json,L100,models/logistic_regression.pkl,models/archive/logistic_regression.pkl,documentation-only reference,Path changed in migration,IGNORE
docs/migration/rollback_manifest.json,L105,models/scaler.pkl,models/archive/scaler.pkl,documentation-only reference,Path changed in migration,IGNORE
docs/migration/rollback_manifest.json,L106,models/scaler.pkl,models/archive/scaler.pkl,documentation-only reference,Path changed in migration,IGNORE
docs/migration/rollback_manifest.json,L111,models/phase2_1/best_model.pt,models/archive/best_model.pt,documentation-only reference,Path changed in migration,IGNORE
docs/migration/rollback_manifest.json,L112,models/phase2_1/best_model.pt,models/archive/best_model.pt,documentation-only reference,Path changed in migration,IGNORE
docs/migration/rollback_manifest.json,L117,models/phase2_3/model_SET_A_h20.pt,models/archive/model_SET_A_h20.pt,documentation-only reference,Path changed in migration,IGNORE
docs/migration/rollback_manifest.json,L118,models/phase2_3/model_SET_A_h20.pt,models/archive/model_SET_A_h20.pt,documentation-only reference,Path changed in migration,IGNORE
docs/migration/rollback_manifest.json,L123,models/phase2_3/model_SET_R_h10.pt,models/archive/model_SET_R_h10.pt,documentation-only reference,Path changed in migration,IGNORE
docs/migration/rollback_manifest.json,L124,models/phase2_3/model_SET_R_h10.pt,models/archive/model_SET_R_h10.pt,documentation-only reference,Path changed in migration,IGNORE
docs/migration/rollback_manifest.json,L129,models/phase2_3/model_SET_R_h20.pt,models/production/model_SET_R_h20.pt,documentation-only reference,Path changed in migration,IGNORE
docs/migration/rollback_manifest.json,L130,models/phase2_3/model_SET_R_h20.pt,models/production/model_SET_R_h20.pt,documentation-only reference,Path changed in migration,IGNORE
docs/migration/rollback_manifest.json,L135,models/phase2_3/model_SET_R_h30.pt,models/archive/model_SET_R_h30.pt,documentation-only reference,Path changed in migration,IGNORE
docs/migration/rollback_manifest.json,L136,models/phase2_3/model_SET_R_h30.pt,models/archive/model_SET_R_h30.pt,documentation-only reference,Path changed in migration,IGNORE
docs/migration/rollback_manifest.json,L141,models/phase2_3/model_SET_R_h5.pt,models/archive/model_SET_R_h5.pt,documentation-only reference,Path changed in migration,IGNORE
docs/migration/rollback_manifest.json,L142,models/phase2_3/model_SET_R_h5.pt,models/archive/model_SET_R_h5.pt,documentation-only reference,Path changed in migration,IGNORE
docs/migration/rollback_manifest.json,L147,models/phase2_3/model_SET_R_Repro_1_h20.pt,models/archive/model_SET_R_Repro_1_h20.pt,documentation-only reference,Path changed in migration,IGNORE
docs/migration/rollback_manifest.json,L148,models/phase2_3/model_SET_R_Repro_1_h20.pt,models/archive/model_SET_R_Repro_1_h20.pt,documentation-only reference,Path changed in migration,IGNORE
docs/migration/rollback_manifest.json,L153,models/phase2_3/model_SET_R_Repro_2_h20.pt,models/archive/model_SET_R_Repro_2_h20.pt,documentation-only reference,Path changed in migration,IGNORE
docs/migration/rollback_manifest.json,L154,models/phase2_3/model_SET_R_Repro_2_h20.pt,models/archive/model_SET_R_Repro_2_h20.pt,documentation-only reference,Path changed in migration,IGNORE
docs/migration/rollback_manifest.json,L159,models/phase2_3/model_SET_R_SELECT_h20.pt,models/archive/model_SET_R_SELECT_h20.pt,documentation-only reference,Path changed in migration,IGNORE
docs/migration/rollback_manifest.json,L160,models/phase2_3/model_SET_R_SELECT_h20.pt,models/archive/model_SET_R_SELECT_h20.pt,documentation-only reference,Path changed in migration,IGNORE
docs/migration/rollback_manifest.json,L165,models/phase2_3/scaler_SET_A_h20.joblib,models/archive/scaler_SET_A_h20.joblib,documentation-only reference,Path changed in migration,IGNORE
docs/migration/rollback_manifest.json,L166,models/phase2_3/scaler_SET_A_h20.joblib,models/archive/scaler_SET_A_h20.joblib,documentation-only reference,Path changed in migration,IGNORE
docs/migration/rollback_manifest.json,L171,models/phase2_3/scaler_SET_R_h10.joblib,models/archive/scaler_SET_R_h10.joblib,documentation-only reference,Path changed in migration,IGNORE
docs/migration/rollback_manifest.json,L172,models/phase2_3/scaler_SET_R_h10.joblib,models/archive/scaler_SET_R_h10.joblib,documentation-only reference,Path changed in migration,IGNORE
docs/migration/rollback_manifest.json,L177,models/phase2_3/scaler_SET_R_h20.joblib,models/production/scaler_SET_R_h20.joblib,documentation-only reference,Path changed in migration,IGNORE
docs/migration/rollback_manifest.json,L178,models/phase2_3/scaler_SET_R_h20.joblib,models/production/scaler_SET_R_h20.joblib,documentation-only reference,Path changed in migration,IGNORE
docs/migration/rollback_manifest.json,L183,models/phase2_3/scaler_SET_R_h30.joblib,models/archive/scaler_SET_R_h30.joblib,documentation-only reference,Path changed in migration,IGNORE
docs/migration/rollback_manifest.json,L184,models/phase2_3/scaler_SET_R_h30.joblib,models/archive/scaler_SET_R_h30.joblib,documentation-only reference,Path changed in migration,IGNORE
docs/migration/rollback_manifest.json,L189,models/phase2_3/scaler_SET_R_h5.joblib,models/archive/scaler_SET_R_h5.joblib,documentation-only reference,Path changed in migration,IGNORE
docs/migration/rollback_manifest.json,L190,models/phase2_3/scaler_SET_R_h5.joblib,models/archive/scaler_SET_R_h5.joblib,documentation-only reference,Path changed in migration,IGNORE
docs/migration/rollback_manifest.json,L195,models/phase2_3/scaler_SET_R_Repro_1_h20.joblib,models/archive/scaler_SET_R_Repro_1_h20.joblib,documentation-only reference,Path changed in migration,IGNORE
docs/migration/rollback_manifest.json,L196,models/phase2_3/scaler_SET_R_Repro_1_h20.joblib,models/archive/scaler_SET_R_Repro_1_h20.joblib,documentation-only reference,Path changed in migration,IGNORE
docs/migration/rollback_manifest.json,L201,models/phase2_3/scaler_SET_R_Repro_2_h20.joblib,models/archive/scaler_SET_R_Repro_2_h20.joblib,documentation-only reference,Path changed in migration,IGNORE
docs/migration/rollback_manifest.json,L202,models/phase2_3/scaler_SET_R_Repro_2_h20.joblib,models/archive/scaler_SET_R_Repro_2_h20.joblib,documentation-only reference,Path changed in migration,IGNORE
docs/migration/rollback_manifest.json,L207,models/phase2_3/scaler_SET_R_SELECT_h20.joblib,models/archive/scaler_SET_R_SELECT_h20.joblib,documentation-only reference,Path changed in migration,IGNORE
docs/migration/rollback_manifest.json,L208,models/phase2_3/scaler_SET_R_SELECT_h20.joblib,models/archive/scaler_SET_R_SELECT_h20.joblib,documentation-only reference,Path changed in migration,IGNORE
docs/migration/rollback_manifest.json,L213,nootebooks/01_dataset_inspection.ipynb,notebooks/archive/01_dataset_inspection.ipynb,documentation-only reference,Path changed in migration,IGNORE
docs/migration/rollback_manifest.json,L214,nootebooks/01_dataset_inspection.ipynb,notebooks/archive/01_dataset_inspection.ipynb,documentation-only reference,Path changed in migration,IGNORE
docs/migration/rollback_manifest.json,L219,nootebooks/CyberCast_Complete.ipynb,notebooks/archive/CyberCast_Complete.ipynb,documentation-only reference,Path changed in migration,IGNORE
docs/migration/rollback_manifest.json,L219,notebooks/CyberCast_Complete.ipynb,notebooks/archive/CyberCast_Complete.ipynb,documentation-only reference,Path changed in migration,IGNORE
docs/migration/rollback_manifest.json,L220,nootebooks/CyberCast_Complete.ipynb,notebooks/archive/CyberCast_Complete.ipynb,documentation-only reference,Path changed in migration,IGNORE
docs/migration/rollback_manifest.json,L220,notebooks/CyberCast_Complete.ipynb,notebooks/archive/CyberCast_Complete.ipynb,documentation-only reference,Path changed in migration,IGNORE
docs/migration/rollback_manifest.json,L225,nootebooks/CyberCast_Complete_executed.ipynb,notebooks/archive/CyberCast_Complete_executed.ipynb,documentation-only reference,Path changed in migration,IGNORE
docs/migration/rollback_manifest.json,L226,nootebooks/CyberCast_Complete_executed.ipynb,notebooks/archive/CyberCast_Complete_executed.ipynb,documentation-only reference,Path changed in migration,IGNORE
docs/migration/rollback_manifest.json,L231,nootebooks/CyberCast_Model_From_Scratch.ipynb,notebooks/archive/CyberCast_Model_From_Scratch.ipynb,documentation-only reference,Path changed in migration,IGNORE
docs/migration/rollback_manifest.json,L232,nootebooks/CyberCast_Model_From_Scratch.ipynb,notebooks/archive/CyberCast_Model_From_Scratch.ipynb,documentation-only reference,Path changed in migration,IGNORE
docs/migration/rollback_manifest.json,L237,notebooks/CyberCast_All_Phases.ipynb,notebooks/archive/CyberCast_All_Phases.ipynb,documentation-only reference,Path changed in migration,IGNORE
docs/migration/rollback_manifest.json,L238,notebooks/CyberCast_All_Phases.ipynb,notebooks/archive/CyberCast_All_Phases.ipynb,documentation-only reference,Path changed in migration,IGNORE
docs/migration/rollback_manifest.json,L243,notebooks/CyberCast_All_Pipelines.ipynb,notebooks/archive/CyberCast_All_Pipelines.ipynb,documentation-only reference,Path changed in migration,IGNORE
docs/migration/rollback_manifest.json,L244,notebooks/CyberCast_All_Pipelines.ipynb,notebooks/archive/CyberCast_All_Pipelines.ipynb,documentation-only reference,Path changed in migration,IGNORE
docs/migration/rollback_manifest.json,L249,nootebooks/CyberCast_Complete.ipynb,notebooks/archive/CyberCast_Complete.ipynb,documentation-only reference,Path changed in migration,IGNORE
docs/migration/rollback_manifest.json,L249,notebooks/CyberCast_Complete.ipynb,notebooks/archive/CyberCast_Complete.ipynb,documentation-only reference,Path changed in migration,IGNORE
docs/migration/rollback_manifest.json,L250,nootebooks/CyberCast_Complete.ipynb,notebooks/archive/CyberCast_Complete.ipynb,documentation-only reference,Path changed in migration,IGNORE
docs/migration/rollback_manifest.json,L250,notebooks/CyberCast_Complete.ipynb,notebooks/archive/CyberCast_Complete.ipynb,documentation-only reference,Path changed in migration,IGNORE
docs/migration/rollback_manifest.json,L255,notebooks/Phase_2_3_Complete_Analysis.ipynb,notebooks/archive/Phase_2_3_Complete_Analysis.ipynb,documentation-only reference,Path changed in migration,IGNORE
docs/migration/rollback_manifest.json,L256,notebooks/Phase_2_3_Complete_Analysis.ipynb,notebooks/archive/Phase_2_3_Complete_Analysis.ipynb,documentation-only reference,Path changed in migration,IGNORE
docs/migration/rollback_manifest.json,L261,notebooks/Phase_2/01_Phase_2_Model_Training.ipynb,notebooks/archive/01_Phase_2_Model_Training.ipynb,documentation-only reference,Path changed in migration,IGNORE
docs/migration/rollback_manifest.json,L262,notebooks/Phase_2/01_Phase_2_Model_Training.ipynb,notebooks/archive/01_Phase_2_Model_Training.ipynb,documentation-only reference,Path changed in migration,IGNORE
docs/migration/rollback_manifest.json,L267,notebooks/Phase_2/02_Phase_2_Model_Evaluation.ipynb,notebooks/archive/02_Phase_2_Model_Evaluation.ipynb,documentation-only reference,Path changed in migration,IGNORE
docs/migration/rollback_manifest.json,L268,notebooks/Phase_2/02_Phase_2_Model_Evaluation.ipynb,notebooks/archive/02_Phase_2_Model_Evaluation.ipynb,documentation-only reference,Path changed in migration,IGNORE
docs/migration/rollback_manifest.json,L273,notebooks/Phase_2_1/01_Phase_2_1_Experiments_Training.ipynb,notebooks/archive/01_Phase_2_1_Experiments_Training.ipynb,documentation-only reference,Path changed in migration,IGNORE
docs/migration/rollback_manifest.json,L274,notebooks/Phase_2_1/01_Phase_2_1_Experiments_Training.ipynb,notebooks/archive/01_Phase_2_1_Experiments_Training.ipynb,documentation-only reference,Path changed in migration,IGNORE
docs/migration/rollback_manifest.json,L279,notebooks/Phase_2_1/02_Phase_2_1_Evaluation.ipynb,notebooks/archive/02_Phase_2_1_Evaluation.ipynb,documentation-only reference,Path changed in migration,IGNORE
docs/migration/rollback_manifest.json,L280,notebooks/Phase_2_1/02_Phase_2_1_Evaluation.ipynb,notebooks/archive/02_Phase_2_1_Evaluation.ipynb,documentation-only reference,Path changed in migration,IGNORE
docs/migration/rollback_manifest.json,L285,notebooks/Phase_2_2/01_Phase_2_2_Experiments_Training.ipynb,notebooks/archive/01_Phase_2_2_Experiments_Training.ipynb,documentation-only reference,Path changed in migration,IGNORE
docs/migration/rollback_manifest.json,L286,notebooks/Phase_2_2/01_Phase_2_2_Experiments_Training.ipynb,notebooks/archive/01_Phase_2_2_Experiments_Training.ipynb,documentation-only reference,Path changed in migration,IGNORE
docs/migration/rollback_manifest.json,L291,notebooks/Phase_2_2/02_Phase_2_2_Evaluation.ipynb,notebooks/archive/02_Phase_2_2_Evaluation.ipynb,documentation-only reference,Path changed in migration,IGNORE
docs/migration/rollback_manifest.json,L292,notebooks/Phase_2_2/02_Phase_2_2_Evaluation.ipynb,notebooks/archive/02_Phase_2_2_Evaluation.ipynb,documentation-only reference,Path changed in migration,IGNORE
docs/migration/rollback_manifest.json,L297,notebooks/Phase_2_3/01_Phase_2_3_Training.ipynb,notebooks/archive/01_Phase_2_3_Training.ipynb,documentation-only reference,Path changed in migration,IGNORE
docs/migration/rollback_manifest.json,L298,notebooks/Phase_2_3/01_Phase_2_3_Training.ipynb,notebooks/archive/01_Phase_2_3_Training.ipynb,documentation-only reference,Path changed in migration,IGNORE
docs/migration/rollback_manifest.json,L303,notebooks/Phase_2_3/02_Phase_2_3_Final_Evaluation.ipynb,notebooks/archive/02_Phase_2_3_Final_Evaluation.ipynb,documentation-only reference,Path changed in migration,IGNORE
docs/migration/rollback_manifest.json,L304,notebooks/Phase_2_3/02_Phase_2_3_Final_Evaluation.ipynb,notebooks/archive/02_Phase_2_3_Final_Evaluation.ipynb,documentation-only reference,Path changed in migration,IGNORE
docs/migration/rollback_manifest.json,L309,results/phase2_2/models/model_10_SET_A.pt,models/archive/model_10_SET_A.pt,documentation-only reference,Path changed in migration,IGNORE
docs/migration/rollback_manifest.json,L310,results/phase2_2/models/model_10_SET_A.pt,models/archive/model_10_SET_A.pt,documentation-only reference,Path changed in migration,IGNORE
docs/migration/rollback_manifest.json,L315,results/phase2_2/models/model_10_SET_B.pt,models/archive/model_10_SET_B.pt,documentation-only reference,Path changed in migration,IGNORE
docs/migration/rollback_manifest.json,L316,results/phase2_2/models/model_10_SET_B.pt,models/archive/model_10_SET_B.pt,documentation-only reference,Path changed in migration,IGNORE
docs/migration/rollback_manifest.json,L321,results/phase2_2/models/model_10_SET_C.pt,models/archive/model_10_SET_C.pt,documentation-only reference,Path changed in migration,IGNORE
docs/migration/rollback_manifest.json,L322,results/phase2_2/models/model_10_SET_C.pt,models/archive/model_10_SET_C.pt,documentation-only reference,Path changed in migration,IGNORE
docs/migration/rollback_manifest.json,L327,results/phase2_2/models/model_20_SET_A.pt,models/archive/model_20_SET_A.pt,documentation-only reference,Path changed in migration,IGNORE
docs/migration/rollback_manifest.json,L328,results/phase2_2/models/model_20_SET_A.pt,models/archive/model_20_SET_A.pt,documentation-only reference,Path changed in migration,IGNORE
docs/migration/rollback_manifest.json,L333,results/phase2_2/models/model_20_SET_B.pt,models/archive/model_20_SET_B.pt,documentation-only reference,Path changed in migration,IGNORE
docs/migration/rollback_manifest.json,L334,results/phase2_2/models/model_20_SET_B.pt,models/archive/model_20_SET_B.pt,documentation-only reference,Path changed in migration,IGNORE
docs/migration/rollback_manifest.json,L339,results/phase2_2/models/model_20_SET_C.pt,models/archive/model_20_SET_C.pt,documentation-only reference,Path changed in migration,IGNORE
docs/migration/rollback_manifest.json,L340,results/phase2_2/models/model_20_SET_C.pt,models/archive/model_20_SET_C.pt,documentation-only reference,Path changed in migration,IGNORE
docs/migration/rollback_manifest.json,L345,results/phase2_2/models/model_30_SET_A.pt,models/archive/model_30_SET_A.pt,documentation-only reference,Path changed in migration,IGNORE
docs/migration/rollback_manifest.json,L346,results/phase2_2/models/model_30_SET_A.pt,models/archive/model_30_SET_A.pt,documentation-only reference,Path changed in migration,IGNORE
docs/migration/rollback_manifest.json,L351,results/phase2_2/models/model_30_SET_B.pt,models/archive/model_30_SET_B.pt,documentation-only reference,Path changed in migration,IGNORE
docs/migration/rollback_manifest.json,L352,results/phase2_2/models/model_30_SET_B.pt,models/archive/model_30_SET_B.pt,documentation-only reference,Path changed in migration,IGNORE
docs/migration/rollback_manifest.json,L357,results/phase2_2/models/model_30_SET_C.pt,models/archive/model_30_SET_C.pt,documentation-only reference,Path changed in migration,IGNORE
docs/migration/rollback_manifest.json,L358,results/phase2_2/models/model_30_SET_C.pt,models/archive/model_30_SET_C.pt,documentation-only reference,Path changed in migration,IGNORE
docs/migration/rollback_manifest.json,L363,results/phase2_2/models/model_5_SET_A.pt,models/archive/model_5_SET_A.pt,documentation-only reference,Path changed in migration,IGNORE
docs/migration/rollback_manifest.json,L364,results/phase2_2/models/model_5_SET_A.pt,models/archive/model_5_SET_A.pt,documentation-only reference,Path changed in migration,IGNORE
docs/migration/rollback_manifest.json,L369,results/phase2_2/models/model_5_SET_B.pt,models/archive/model_5_SET_B.pt,documentation-only reference,Path changed in migration,IGNORE
docs/migration/rollback_manifest.json,L370,results/phase2_2/models/model_5_SET_B.pt,models/archive/model_5_SET_B.pt,documentation-only reference,Path changed in migration,IGNORE
docs/migration/rollback_manifest.json,L375,results/phase2_2/models/model_5_SET_C.pt,models/archive/model_5_SET_C.pt,documentation-only reference,Path changed in migration,IGNORE
docs/migration/rollback_manifest.json,L376,results/phase2_2/models/model_5_SET_C.pt,models/archive/model_5_SET_C.pt,documentation-only reference,Path changed in migration,IGNORE
docs/migration/rollback_manifest.json,L381,scratch/audit_script.py,archive/audit_script.py,documentation-only reference,Path changed in migration,IGNORE
docs/migration/rollback_manifest.json,L382,scratch/audit_script.py,archive/audit_script.py,documentation-only reference,Path changed in migration,IGNORE
docs/migration/rollback_manifest.json,L387,scratch/check_dates.py,archive/check_dates.py,documentation-only reference,Path changed in migration,IGNORE
docs/migration/rollback_manifest.json,L388,scratch/check_dates.py,archive/check_dates.py,documentation-only reference,Path changed in migration,IGNORE
docs/migration/rollback_manifest.json,L393,scratch/check_env.py,archive/check_env.py,documentation-only reference,Path changed in migration,IGNORE
docs/migration/rollback_manifest.json,L394,scratch/check_env.py,archive/check_env.py,documentation-only reference,Path changed in migration,IGNORE
docs/migration/rollback_manifest.json,L399,scratch/compare.py,archive/compare.py,documentation-only reference,Path changed in migration,IGNORE
docs/migration/rollback_manifest.json,L400,scratch/compare.py,archive/compare.py,documentation-only reference,Path changed in migration,IGNORE
docs/migration/rollback_manifest.json,L405,scratch/dump_cells.py,archive/dump_cells.py,documentation-only reference,Path changed in migration,IGNORE
docs/migration/rollback_manifest.json,L406,scratch/dump_cells.py,archive/dump_cells.py,documentation-only reference,Path changed in migration,IGNORE
docs/migration/rollback_manifest.json,L411,scratch/dump_early_cells.py,archive/dump_early_cells.py,documentation-only reference,Path changed in migration,IGNORE
docs/migration/rollback_manifest.json,L412,scratch/dump_early_cells.py,archive/dump_early_cells.py,documentation-only reference,Path changed in migration,IGNORE
docs/migration/rollback_manifest.json,L417,scratch/dump_key_cells.py,archive/dump_key_cells.py,documentation-only reference,Path changed in migration,IGNORE
docs/migration/rollback_manifest.json,L418,scratch/dump_key_cells.py,archive/dump_key_cells.py,documentation-only reference,Path changed in migration,IGNORE
docs/migration/rollback_manifest.json,L423,scratch/dump_key_cells2.py,archive/dump_key_cells2.py,documentation-only reference,Path changed in migration,IGNORE
docs/migration/rollback_manifest.json,L424,scratch/dump_key_cells2.py,archive/dump_key_cells2.py,documentation-only reference,Path changed in migration,IGNORE
docs/migration/rollback_manifest.json,L429,scratch/dump_lr.py,archive/dump_lr.py,documentation-only reference,Path changed in migration,IGNORE
docs/migration/rollback_manifest.json,L430,scratch/dump_lr.py,archive/dump_lr.py,documentation-only reference,Path changed in migration,IGNORE
docs/migration/rollback_manifest.json,L435,scratch/dump_model_cells.py,archive/dump_model_cells.py,documentation-only reference,Path changed in migration,IGNORE
docs/migration/rollback_manifest.json,L436,scratch/dump_model_cells.py,archive/dump_model_cells.py,documentation-only reference,Path changed in migration,IGNORE
docs/migration/rollback_manifest.json,L441,scratch/dump_nb.py,archive/dump_nb.py,documentation-only reference,Path changed in migration,IGNORE
docs/migration/rollback_manifest.json,L442,scratch/dump_nb.py,archive/dump_nb.py,documentation-only reference,Path changed in migration,IGNORE
docs/migration/rollback_manifest.json,L447,scratch/dump_pipeline.py,archive/dump_pipeline.py,documentation-only reference,Path changed in migration,IGNORE
docs/migration/rollback_manifest.json,L448,scratch/dump_pipeline.py,archive/dump_pipeline.py,documentation-only reference,Path changed in migration,IGNORE
docs/migration/rollback_manifest.json,L453,scratch/execute_and_verify.py,archive/execute_and_verify.py,documentation-only reference,Path changed in migration,IGNORE
docs/migration/rollback_manifest.json,L454,scratch/execute_and_verify.py,archive/execute_and_verify.py,documentation-only reference,Path changed in migration,IGNORE
docs/migration/rollback_manifest.json,L459,scratch/extract_outputs.py,archive/extract_outputs.py,documentation-only reference,Path changed in migration,IGNORE
docs/migration/rollback_manifest.json,L460,scratch/extract_outputs.py,archive/extract_outputs.py,documentation-only reference,Path changed in migration,IGNORE
docs/migration/rollback_manifest.json,L465,scratch/fast_scan.py,archive/fast_scan.py,documentation-only reference,Path changed in migration,IGNORE
docs/migration/rollback_manifest.json,L466,scratch/fast_scan.py,archive/fast_scan.py,documentation-only reference,Path changed in migration,IGNORE
docs/migration/rollback_manifest.json,L471,scratch/find_environments.py,archive/find_environments.py,documentation-only reference,Path changed in migration,IGNORE
docs/migration/rollback_manifest.json,L472,scratch/find_environments.py,archive/find_environments.py,documentation-only reference,Path changed in migration,IGNORE
docs/migration/rollback_manifest.json,L477,scratch/fix_and_run.py,archive/fix_and_run.py,documentation-only reference,Path changed in migration,IGNORE
docs/migration/rollback_manifest.json,L478,scratch/fix_and_run.py,archive/fix_and_run.py,documentation-only reference,Path changed in migration,IGNORE
docs/migration/rollback_manifest.json,L483,scratch/fix_unicode.py,archive/fix_unicode.py,documentation-only reference,Path changed in migration,IGNORE
docs/migration/rollback_manifest.json,L484,scratch/fix_unicode.py,archive/fix_unicode.py,documentation-only reference,Path changed in migration,IGNORE
docs/migration/rollback_manifest.json,L489,scratch/full_audit.py,archive/full_audit.py,documentation-only reference,Path changed in migration,IGNORE
docs/migration/rollback_manifest.json,L490,scratch/full_audit.py,archive/full_audit.py,documentation-only reference,Path changed in migration,IGNORE
docs/migration/rollback_manifest.json,L495,scratch/full_audit_v2.py,archive/full_audit_v2.py,documentation-only reference,Path changed in migration,IGNORE
docs/migration/rollback_manifest.json,L496,scratch/full_audit_v2.py,archive/full_audit_v2.py,documentation-only reference,Path changed in migration,IGNORE
docs/migration/rollback_manifest.json,L501,scratch/generate_notebook.py,archive/generate_notebook.py,documentation-only reference,Path changed in migration,IGNORE
docs/migration/rollback_manifest.json,L502,scratch/generate_notebook.py,archive/generate_notebook.py,documentation-only reference,Path changed in migration,IGNORE
docs/migration/rollback_manifest.json,L507,scratch/inspect_interfaces.py,archive/inspect_interfaces.py,documentation-only reference,Path changed in migration,IGNORE
docs/migration/rollback_manifest.json,L508,scratch/inspect_interfaces.py,archive/inspect_interfaces.py,documentation-only reference,Path changed in migration,IGNORE
docs/migration/rollback_manifest.json,L513,scratch/inspect_parquet.py,archive/inspect_parquet.py,documentation-only reference,Path changed in migration,IGNORE
docs/migration/rollback_manifest.json,L514,scratch/inspect_parquet.py,archive/inspect_parquet.py,documentation-only reference,Path changed in migration,IGNORE
docs/migration/rollback_manifest.json,L519,scratch/inspect_timestamp.py,archive/inspect_timestamp.py,documentation-only reference,Path changed in migration,IGNORE
docs/migration/rollback_manifest.json,L520,scratch/inspect_timestamp.py,archive/inspect_timestamp.py,documentation-only reference,Path changed in migration,IGNORE
docs/migration/rollback_manifest.json,L525,scratch/nb_cells.py,archive/nb_cells.py,documentation-only reference,Path changed in migration,IGNORE
docs/migration/rollback_manifest.json,L526,scratch/nb_cells.py,archive/nb_cells.py,documentation-only reference,Path changed in migration,IGNORE
docs/migration/rollback_manifest.json,L531,scratch/nb_dump.txt,archive/nb_dump.txt,documentation-only reference,Path changed in migration,IGNORE
docs/migration/rollback_manifest.json,L532,scratch/nb_dump.txt,archive/nb_dump.txt,documentation-only reference,Path changed in migration,IGNORE
docs/migration/rollback_manifest.json,L537,scratch/raw_csv_fast_audit.py,archive/raw_csv_fast_audit.py,documentation-only reference,Path changed in migration,IGNORE
docs/migration/rollback_manifest.json,L538,scratch/raw_csv_fast_audit.py,archive/raw_csv_fast_audit.py,documentation-only reference,Path changed in migration,IGNORE
docs/migration/rollback_manifest.json,L543,scratch/raw_data_split_audit.py,archive/raw_data_split_audit.py,documentation-only reference,Path changed in migration,IGNORE
docs/migration/rollback_manifest.json,L544,scratch/raw_data_split_audit.py,archive/raw_data_split_audit.py,documentation-only reference,Path changed in migration,IGNORE
docs/migration/rollback_manifest.json,L549,scratch/read_split.py,archive/read_split.py,documentation-only reference,Path changed in migration,IGNORE
docs/migration/rollback_manifest.json,L550,scratch/read_split.py,archive/read_split.py,documentation-only reference,Path changed in migration,IGNORE
docs/migration/rollback_manifest.json,L555,scratch/run_check.bat,archive/run_check.bat,documentation-only reference,Path changed in migration,IGNORE
docs/migration/rollback_manifest.json,L556,scratch/run_check.bat,archive/run_check.bat,documentation-only reference,Path changed in migration,IGNORE
docs/migration/rollback_manifest.json,L561,scratch/update_notebook.py,archive/update_notebook.py,documentation-only reference,Path changed in migration,IGNORE
docs/migration/rollback_manifest.json,L562,scratch/update_notebook.py,archive/update_notebook.py,documentation-only reference,Path changed in migration,IGNORE
docs/migration/rollback_manifest.json,L567,scratch/validate_live_demo.py,archive/validate_live_demo.py,documentation-only reference,Path changed in migration,IGNORE
docs/migration/rollback_manifest.json,L568,scratch/validate_live_demo.py,archive/validate_live_demo.py,documentation-only reference,Path changed in migration,IGNORE
docs/migration/rollback_manifest.json,L573,scratch/verify_nb.py,archive/verify_nb.py,documentation-only reference,Path changed in migration,IGNORE
docs/migration/rollback_manifest.json,L574,scratch/verify_nb.py,archive/verify_nb.py,documentation-only reference,Path changed in migration,IGNORE
docs/migration/rollback_manifest.json,L579,scripts/01_dataset_inspection.py,scripts/01_dataset_inspection.py,documentation-only reference,Path changed in migration,IGNORE
docs/migration/rollback_manifest.json,L580,scripts/01_dataset_inspection.py,scripts/01_dataset_inspection.py,documentation-only reference,Path changed in migration,IGNORE
docs/migration/rollback_manifest.json,L585,scripts/build_final_migration_plan.py,scripts/build_final_migration_plan.py,documentation-only reference,Path changed in migration,IGNORE
docs/migration/rollback_manifest.json,L586,scripts/build_final_migration_plan.py,scripts/build_final_migration_plan.py,documentation-only reference,Path changed in migration,IGNORE
docs/migration/rollback_manifest.json,L591,scripts/create_nb_from_py.py,scripts/create_nb_from_py.py,documentation-only reference,Path changed in migration,IGNORE
docs/migration/rollback_manifest.json,L592,scripts/create_nb_from_py.py,scripts/create_nb_from_py.py,documentation-only reference,Path changed in migration,IGNORE
docs/migration/rollback_manifest.json,L597,scripts/phase2_2_experiments.py,scripts/phase2_2_experiments.py,documentation-only reference,Path changed in migration,IGNORE
docs/migration/rollback_manifest.json,L598,scripts/phase2_2_experiments.py,scripts/phase2_2_experiments.py,documentation-only reference,Path changed in migration,IGNORE
docs/migration/rollback_manifest.json,L603,scripts/phase2_3_experiments.py,scripts/phase2_3_experiments.py,documentation-only reference,Path changed in migration,IGNORE
docs/migration/rollback_manifest.json,L604,scripts/phase2_3_experiments.py,scripts/phase2_3_experiments.py,documentation-only reference,Path changed in migration,IGNORE
docs/migration/rollback_manifest.json,L609,scripts/threshold_analysis.py,scripts/threshold_analysis.py,documentation-only reference,Path changed in migration,IGNORE
docs/migration/rollback_manifest.json,L610,scripts/threshold_analysis.py,scripts/threshold_analysis.py,documentation-only reference,Path changed in migration,IGNORE
docs/migration/rollback_manifest.json,L615,scripts/live_attack_lab/attack_lab_runner.py,scripts/live_attack_lab/attack_lab_runner.py,documentation-only reference,Path changed in migration,IGNORE
docs/migration/rollback_manifest.json,L616,scripts/live_attack_lab/attack_lab_runner.py,scripts/live_attack_lab/attack_lab_runner.py,documentation-only reference,Path changed in migration,IGNORE
docs/migration/rollback_manifest.json,L621,scripts/live_attack_lab/generate_attack_report.py,scripts/live_attack_lab/generate_attack_report.py,documentation-only reference,Path changed in migration,IGNORE
docs/migration/rollback_manifest.json,L622,scripts/live_attack_lab/generate_attack_report.py,scripts/live_attack_lab/generate_attack_report.py,documentation-only reference,Path changed in migration,IGNORE
docs/models/model_inventory.md,L5,models/best_world_model.pt,models/archive/best_world_model.pt,documentation-only reference,Path changed in migration,IGNORE
docs/models/model_inventory.md,L6,models/cybercast_best_model.pt,models/archive/cybercast_best_model.pt,documentation-only reference,Path changed in migration,IGNORE
docs/models/model_inventory.md,L6,models/phase2_1/best_model.pt,models/archive/best_model.pt,documentation-only reference,Path changed in migration,IGNORE
docs/models/model_inventory.md,L7,models/phase2_1/best_model.pt,models/archive/best_model.pt,documentation-only reference,Path changed in migration,IGNORE
docs/models/model_inventory.md,L8,models/phase2_3/model_SET_A_h20.pt,models/archive/model_SET_A_h20.pt,documentation-only reference,Path changed in migration,IGNORE
docs/models/model_inventory.md,L9,models/phase2_3/model_SET_R_h10.pt,models/archive/model_SET_R_h10.pt,documentation-only reference,Path changed in migration,IGNORE
docs/models/model_inventory.md,L10,models/phase2_3/model_SET_R_h20.pt,models/production/model_SET_R_h20.pt,documentation-only reference,Path changed in migration,IGNORE
docs/models/model_inventory.md,L11,models/phase2_3/model_SET_R_h30.pt,models/archive/model_SET_R_h30.pt,documentation-only reference,Path changed in migration,IGNORE
docs/models/model_inventory.md,L12,models/phase2_3/model_SET_R_h5.pt,models/archive/model_SET_R_h5.pt,documentation-only reference,Path changed in migration,IGNORE
docs/models/model_inventory.md,L13,models/phase2_3/model_SET_R_Repro_1_h20.pt,models/archive/model_SET_R_Repro_1_h20.pt,documentation-only reference,Path changed in migration,IGNORE
docs/models/model_inventory.md,L14,models/phase2_3/model_SET_R_Repro_2_h20.pt,models/archive/model_SET_R_Repro_2_h20.pt,documentation-only reference,Path changed in migration,IGNORE
docs/models/model_inventory.md,L15,models/phase2_3/model_SET_R_SELECT_h20.pt,models/archive/model_SET_R_SELECT_h20.pt,documentation-only reference,Path changed in migration,IGNORE
docs/models/model_inventory.md,L16,results/phase2_2/models/model_10_SET_A.pt,models/archive/model_10_SET_A.pt,documentation-only reference,Path changed in migration,IGNORE
docs/models/model_inventory.md,L17,results/phase2_2/models/model_10_SET_B.pt,models/archive/model_10_SET_B.pt,documentation-only reference,Path changed in migration,IGNORE
docs/models/model_inventory.md,L18,results/phase2_2/models/model_10_SET_C.pt,models/archive/model_10_SET_C.pt,documentation-only reference,Path changed in migration,IGNORE
docs/models/model_inventory.md,L19,results/phase2_2/models/model_20_SET_A.pt,models/archive/model_20_SET_A.pt,documentation-only reference,Path changed in migration,IGNORE
docs/models/model_inventory.md,L20,results/phase2_2/models/model_20_SET_B.pt,models/archive/model_20_SET_B.pt,documentation-only reference,Path changed in migration,IGNORE
docs/models/model_inventory.md,L21,results/phase2_2/models/model_20_SET_C.pt,models/archive/model_20_SET_C.pt,documentation-only reference,Path changed in migration,IGNORE
docs/models/model_inventory.md,L22,results/phase2_2/models/model_30_SET_A.pt,models/archive/model_30_SET_A.pt,documentation-only reference,Path changed in migration,IGNORE
docs/models/model_inventory.md,L23,results/phase2_2/models/model_30_SET_B.pt,models/archive/model_30_SET_B.pt,documentation-only reference,Path changed in migration,IGNORE
docs/models/model_inventory.md,L24,results/phase2_2/models/model_30_SET_C.pt,models/archive/model_30_SET_C.pt,documentation-only reference,Path changed in migration,IGNORE
docs/models/model_inventory.md,L25,results/phase2_2/models/model_5_SET_A.pt,models/archive/model_5_SET_A.pt,documentation-only reference,Path changed in migration,IGNORE
docs/models/model_inventory.md,L26,results/phase2_2/models/model_5_SET_B.pt,models/archive/model_5_SET_B.pt,documentation-only reference,Path changed in migration,IGNORE
docs/models/model_inventory.md,L27,results/phase2_2/models/model_5_SET_C.pt,models/archive/model_5_SET_C.pt,documentation-only reference,Path changed in migration,IGNORE
docs/models/model_inventory.md,L28,models/phase2_3/scaler_SET_A_h20.joblib,models/archive/scaler_SET_A_h20.joblib,documentation-only reference,Path changed in migration,IGNORE
docs/models/model_inventory.md,L29,models/phase2_3/scaler_SET_R_h10.joblib,models/archive/scaler_SET_R_h10.joblib,documentation-only reference,Path changed in migration,IGNORE
docs/models/model_inventory.md,L30,models/phase2_3/scaler_SET_R_h20.joblib,models/production/scaler_SET_R_h20.joblib,documentation-only reference,Path changed in migration,IGNORE
docs/models/model_inventory.md,L31,models/phase2_3/scaler_SET_R_h30.joblib,models/archive/scaler_SET_R_h30.joblib,documentation-only reference,Path changed in migration,IGNORE
docs/models/model_inventory.md,L32,models/phase2_3/scaler_SET_R_h5.joblib,models/archive/scaler_SET_R_h5.joblib,documentation-only reference,Path changed in migration,IGNORE
docs/models/model_inventory.md,L33,models/phase2_3/scaler_SET_R_Repro_1_h20.joblib,models/archive/scaler_SET_R_Repro_1_h20.joblib,documentation-only reference,Path changed in migration,IGNORE
docs/models/model_inventory.md,L34,models/phase2_3/scaler_SET_R_Repro_2_h20.joblib,models/archive/scaler_SET_R_Repro_2_h20.joblib,documentation-only reference,Path changed in migration,IGNORE
docs/models/model_inventory.md,L35,models/phase2_3/scaler_SET_R_SELECT_h20.joblib,models/archive/scaler_SET_R_SELECT_h20.joblib,documentation-only reference,Path changed in migration,IGNORE
docs/models/model_inventory.md,L36,models/feature_scaler.pkl,models/archive/feature_scaler.pkl,documentation-only reference,Path changed in migration,IGNORE
docs/models/model_inventory.md,L36,models/scaler.pkl,models/archive/scaler.pkl,documentation-only reference,Path changed in migration,IGNORE
docs/models/model_inventory.md,L37,models/logistic_regression.pkl,models/archive/logistic_regression.pkl,documentation-only reference,Path changed in migration,IGNORE
docs/models/model_inventory.md,L38,models/scaler.pkl,models/archive/scaler.pkl,documentation-only reference,Path changed in migration,IGNORE
docs/models/model_migration_plan.md,L5,models/best_world_model.pt,models/archive/best_world_model.pt,documentation-only reference,Path changed in migration,IGNORE
docs/models/model_migration_plan.md,L6,models/cybercast_best_model.pt,models/archive/cybercast_best_model.pt,documentation-only reference,Path changed in migration,IGNORE
docs/models/model_migration_plan.md,L6,models/phase2_1/best_model.pt,models/archive/best_model.pt,documentation-only reference,Path changed in migration,IGNORE
docs/models/model_migration_plan.md,L7,models/phase2_1/best_model.pt,models/archive/best_model.pt,documentation-only reference,Path changed in migration,IGNORE
docs/models/model_migration_plan.md,L8,models/phase2_3/model_SET_A_h20.pt,models/archive/model_SET_A_h20.pt,documentation-only reference,Path changed in migration,IGNORE
docs/models/model_migration_plan.md,L9,models/phase2_3/model_SET_R_h10.pt,models/archive/model_SET_R_h10.pt,documentation-only reference,Path changed in migration,IGNORE
docs/models/model_migration_plan.md,L10,models/phase2_3/model_SET_R_h20.pt,models/production/model_SET_R_h20.pt,documentation-only reference,Path changed in migration,IGNORE
docs/models/model_migration_plan.md,L11,models/phase2_3/model_SET_R_h30.pt,models/archive/model_SET_R_h30.pt,documentation-only reference,Path changed in migration,IGNORE
docs/models/model_migration_plan.md,L12,models/phase2_3/model_SET_R_h5.pt,models/archive/model_SET_R_h5.pt,documentation-only reference,Path changed in migration,IGNORE
docs/models/model_migration_plan.md,L13,models/phase2_3/model_SET_R_Repro_1_h20.pt,models/archive/model_SET_R_Repro_1_h20.pt,documentation-only reference,Path changed in migration,IGNORE
docs/models/model_migration_plan.md,L14,models/phase2_3/model_SET_R_Repro_2_h20.pt,models/archive/model_SET_R_Repro_2_h20.pt,documentation-only reference,Path changed in migration,IGNORE
docs/models/model_migration_plan.md,L15,models/phase2_3/model_SET_R_SELECT_h20.pt,models/archive/model_SET_R_SELECT_h20.pt,documentation-only reference,Path changed in migration,IGNORE
docs/models/model_migration_plan.md,L16,results/phase2_2/models/model_10_SET_A.pt,models/archive/model_10_SET_A.pt,documentation-only reference,Path changed in migration,IGNORE
docs/models/model_migration_plan.md,L17,results/phase2_2/models/model_10_SET_B.pt,models/archive/model_10_SET_B.pt,documentation-only reference,Path changed in migration,IGNORE
docs/models/model_migration_plan.md,L18,results/phase2_2/models/model_10_SET_C.pt,models/archive/model_10_SET_C.pt,documentation-only reference,Path changed in migration,IGNORE
docs/models/model_migration_plan.md,L19,results/phase2_2/models/model_20_SET_A.pt,models/archive/model_20_SET_A.pt,documentation-only reference,Path changed in migration,IGNORE
docs/models/model_migration_plan.md,L20,results/phase2_2/models/model_20_SET_B.pt,models/archive/model_20_SET_B.pt,documentation-only reference,Path changed in migration,IGNORE
docs/models/model_migration_plan.md,L21,results/phase2_2/models/model_20_SET_C.pt,models/archive/model_20_SET_C.pt,documentation-only reference,Path changed in migration,IGNORE
docs/models/model_migration_plan.md,L22,results/phase2_2/models/model_30_SET_A.pt,models/archive/model_30_SET_A.pt,documentation-only reference,Path changed in migration,IGNORE
docs/models/model_migration_plan.md,L23,results/phase2_2/models/model_30_SET_B.pt,models/archive/model_30_SET_B.pt,documentation-only reference,Path changed in migration,IGNORE
docs/models/model_migration_plan.md,L24,results/phase2_2/models/model_30_SET_C.pt,models/archive/model_30_SET_C.pt,documentation-only reference,Path changed in migration,IGNORE
docs/models/model_migration_plan.md,L25,results/phase2_2/models/model_5_SET_A.pt,models/archive/model_5_SET_A.pt,documentation-only reference,Path changed in migration,IGNORE
docs/models/model_migration_plan.md,L26,results/phase2_2/models/model_5_SET_B.pt,models/archive/model_5_SET_B.pt,documentation-only reference,Path changed in migration,IGNORE
docs/models/model_migration_plan.md,L27,results/phase2_2/models/model_5_SET_C.pt,models/archive/model_5_SET_C.pt,documentation-only reference,Path changed in migration,IGNORE
docs/models/model_migration_plan.md,L28,models/phase2_3/scaler_SET_A_h20.joblib,models/archive/scaler_SET_A_h20.joblib,documentation-only reference,Path changed in migration,IGNORE
docs/models/model_migration_plan.md,L29,models/phase2_3/scaler_SET_R_h10.joblib,models/archive/scaler_SET_R_h10.joblib,documentation-only reference,Path changed in migration,IGNORE
docs/models/model_migration_plan.md,L30,models/phase2_3/scaler_SET_R_h20.joblib,models/production/scaler_SET_R_h20.joblib,documentation-only reference,Path changed in migration,IGNORE
docs/models/model_migration_plan.md,L31,models/phase2_3/scaler_SET_R_h30.joblib,models/archive/scaler_SET_R_h30.joblib,documentation-only reference,Path changed in migration,IGNORE
docs/models/model_migration_plan.md,L32,models/phase2_3/scaler_SET_R_h5.joblib,models/archive/scaler_SET_R_h5.joblib,documentation-only reference,Path changed in migration,IGNORE
docs/models/model_migration_plan.md,L33,models/phase2_3/scaler_SET_R_Repro_1_h20.joblib,models/archive/scaler_SET_R_Repro_1_h20.joblib,documentation-only reference,Path changed in migration,IGNORE
docs/models/model_migration_plan.md,L34,models/phase2_3/scaler_SET_R_Repro_2_h20.joblib,models/archive/scaler_SET_R_Repro_2_h20.joblib,documentation-only reference,Path changed in migration,IGNORE
docs/models/model_migration_plan.md,L35,models/phase2_3/scaler_SET_R_SELECT_h20.joblib,models/archive/scaler_SET_R_SELECT_h20.joblib,documentation-only reference,Path changed in migration,IGNORE
docs/models/model_migration_plan.md,L36,models/feature_scaler.pkl,models/archive/feature_scaler.pkl,documentation-only reference,Path changed in migration,IGNORE
docs/models/model_migration_plan.md,L36,models/scaler.pkl,models/archive/scaler.pkl,documentation-only reference,Path changed in migration,IGNORE
docs/models/model_migration_plan.md,L37,models/logistic_regression.pkl,models/archive/logistic_regression.pkl,documentation-only reference,Path changed in migration,IGNORE
docs/models/model_migration_plan.md,L38,models/scaler.pkl,models/archive/scaler.pkl,documentation-only reference,Path changed in migration,IGNORE
docs/models/model_provenance.md,L7,models/phase2_3/model_SET_R_h20.pt,models/production/model_SET_R_h20.pt,documentation-only reference,Path changed in migration,IGNORE
docs/models/model_provenance.md,L11,models/phase2_3/model_SET_A_h20.pt,models/archive/model_SET_A_h20.pt,documentation-only reference,Path changed in migration,IGNORE
docs/models/model_provenance.md,L12,models/phase2_3/model_SET_R_SELECT_h20.pt,models/archive/model_SET_R_SELECT_h20.pt,documentation-only reference,Path changed in migration,IGNORE
docs/models/model_provenance.md,L13,models/phase2_3/scaler_SET_A_h20.joblib,models/archive/scaler_SET_A_h20.joblib,documentation-only reference,Path changed in migration,IGNORE
docs/models/model_provenance.md,L14,models/phase2_3/scaler_SET_R_SELECT_h20.joblib,models/archive/scaler_SET_R_SELECT_h20.joblib,documentation-only reference,Path changed in migration,IGNORE
docs/pipelines/feature_pipeline_comparison.md,L3,cybercast_pipeline.py,archive/cybercast_pipeline.py,documentation-only reference,Path changed in migration,IGNORE
docs/pipelines/feature_pipeline_comparison.md,L10,models/phase2_3/scaler_SET_R_h20.joblib,models/production/scaler_SET_R_h20.joblib,documentation-only reference,Path changed in migration,IGNORE
docs/pipelines/feature_pipeline_comparison.md,L13,cybercast_pipeline.py,archive/cybercast_pipeline.py,documentation-only reference,Path changed in migration,IGNORE
nootebooks/CyberCast_Complete.ipynb,L693,models/scaler.pkl,models/archive/scaler.pkl,notebook dependency,Path changed in migration,UPDATE
nootebooks/CyberCast_Complete.ipynb,L735,models/scaler.pkl,models/archive/scaler.pkl,notebook dependency,Path changed in migration,UPDATE
nootebooks/CyberCast_Complete.ipynb,L830,models/logistic_regression.pkl,models/archive/logistic_regression.pkl,notebook dependency,Path changed in migration,UPDATE
nootebooks/CyberCast_Complete.ipynb,L874,models/logistic_regression.pkl,models/archive/logistic_regression.pkl,notebook dependency,Path changed in migration,UPDATE
nootebooks/CyberCast_Complete.ipynb,L875,models/logistic_regression.pkl,models/archive/logistic_regression.pkl,notebook dependency,Path changed in migration,UPDATE
nootebooks/CyberCast_Complete.ipynb,L1039,models/best_world_model.pt,models/archive/best_world_model.pt,notebook dependency,Path changed in migration,UPDATE
nootebooks/CyberCast_Complete.ipynb,L2764,models/best_world_model.pt,models/archive/best_world_model.pt,notebook dependency,Path changed in migration,UPDATE
nootebooks/CyberCast_Complete.ipynb,L2767,models/logistic_regression.pkl,models/archive/logistic_regression.pkl,notebook dependency,Path changed in migration,UPDATE
nootebooks/CyberCast_Complete.ipynb,L2769,models/scaler.pkl,models/archive/scaler.pkl,notebook dependency,Path changed in migration,UPDATE
nootebooks/CyberCast_Complete.ipynb,L2934,models/best_world_model.pt,models/archive/best_world_model.pt,notebook dependency,Path changed in migration,UPDATE
nootebooks/CyberCast_Complete.ipynb,L2935,models/scaler.pkl,models/archive/scaler.pkl,notebook dependency,Path changed in migration,UPDATE
nootebooks/CyberCast_Complete_executed.ipynb,L1473,models/scaler.pkl,models/archive/scaler.pkl,notebook dependency,Path changed in migration,UPDATE
nootebooks/CyberCast_Complete_executed.ipynb,L1515,models/scaler.pkl,models/archive/scaler.pkl,notebook dependency,Path changed in migration,UPDATE
nootebooks/CyberCast_Complete_executed.ipynb,L1636,models/logistic_regression.pkl,models/archive/logistic_regression.pkl,notebook dependency,Path changed in migration,UPDATE
nootebooks/CyberCast_Complete_executed.ipynb,L1680,models/logistic_regression.pkl,models/archive/logistic_regression.pkl,notebook dependency,Path changed in migration,UPDATE
nootebooks/CyberCast_Complete_executed.ipynb,L1681,models/logistic_regression.pkl,models/archive/logistic_regression.pkl,notebook dependency,Path changed in migration,UPDATE
nootebooks/CyberCast_Complete_executed.ipynb,L1913,models/best_world_model.pt,models/archive/best_world_model.pt,notebook dependency,Path changed in migration,UPDATE
nootebooks/CyberCast_Complete_executed.ipynb,L2878,models/best_world_model.pt,models/archive/best_world_model.pt,notebook dependency,Path changed in migration,UPDATE
nootebooks/CyberCast_Complete_executed.ipynb,L2881,models/logistic_regression.pkl,models/archive/logistic_regression.pkl,notebook dependency,Path changed in migration,UPDATE
nootebooks/CyberCast_Complete_executed.ipynb,L2883,models/scaler.pkl,models/archive/scaler.pkl,notebook dependency,Path changed in migration,UPDATE
nootebooks/CyberCast_Complete_executed.ipynb,L3047,models/best_world_model.pt,models/archive/best_world_model.pt,notebook dependency,Path changed in migration,UPDATE
nootebooks/CyberCast_Complete_executed.ipynb,L3048,models/scaler.pkl,models/archive/scaler.pkl,notebook dependency,Path changed in migration,UPDATE
nootebooks/CyberCast_Model_From_Scratch.ipynb,L416,models/feature_scaler.pkl,models/archive/feature_scaler.pkl,notebook dependency,Path changed in migration,UPDATE
nootebooks/CyberCast_Model_From_Scratch.ipynb,L416,models/scaler.pkl,models/archive/scaler.pkl,notebook dependency,Path changed in migration,UPDATE
nootebooks/CyberCast_Model_From_Scratch.ipynb,L1660,models/cybercast_best_model.pt,models/archive/cybercast_best_model.pt,notebook dependency,Path changed in migration,UPDATE
nootebooks/CyberCast_Model_From_Scratch.ipynb,L1660,models/phase2_1/best_model.pt,models/archive/best_model.pt,notebook dependency,Path changed in migration,UPDATE
nootebooks/CyberCast_Model_From_Scratch.ipynb,L2792,models/phase2_1/best_model.pt,models/archive/best_model.pt,notebook dependency,Path changed in migration,UPDATE
notebooks/CyberCast_All_Phases.ipynb,L16,notebooks/Phase_2/01_Phase_2_Model_Training.ipynb,notebooks/archive/01_Phase_2_Model_Training.ipynb,notebook dependency,Path changed in migration,UPDATE
notebooks/CyberCast_All_Phases.ipynb,L276,notebooks/Phase_2/02_Phase_2_Model_Evaluation.ipynb,notebooks/archive/02_Phase_2_Model_Evaluation.ipynb,notebook dependency,Path changed in migration,UPDATE
notebooks/CyberCast_All_Phases.ipynb,L487,notebooks/Phase_2_1/01_Phase_2_1_Experiments_Training.ipynb,notebooks/archive/01_Phase_2_1_Experiments_Training.ipynb,notebook dependency,Path changed in migration,UPDATE
notebooks/CyberCast_All_Phases.ipynb,L891,notebooks/Phase_2_1/02_Phase_2_1_Evaluation.ipynb,notebooks/archive/02_Phase_2_1_Evaluation.ipynb,notebook dependency,Path changed in migration,UPDATE
notebooks/CyberCast_All_Phases.ipynb,L989,notebooks/Phase_2_2/01_Phase_2_2_Experiments_Training.ipynb,notebooks/archive/01_Phase_2_2_Experiments_Training.ipynb,notebook dependency,Path changed in migration,UPDATE
notebooks/CyberCast_All_Phases.ipynb,L1214,notebooks/Phase_2_2/02_Phase_2_2_Evaluation.ipynb,notebooks/archive/02_Phase_2_2_Evaluation.ipynb,notebook dependency,Path changed in migration,UPDATE
notebooks/CyberCast_All_Phases.ipynb,L1310,notebooks/Phase_2_3/01_Phase_2_3_Training.ipynb,notebooks/archive/01_Phase_2_3_Training.ipynb,notebook dependency,Path changed in migration,UPDATE
notebooks/CyberCast_All_Phases.ipynb,L1425,models/phase2_3/model_SET_A_h20.pt,models/archive/model_SET_A_h20.pt,notebook dependency,Path changed in migration,UPDATE
notebooks/CyberCast_All_Phases.ipynb,L1438,models/phase2_3/model_SET_R_h20.pt,models/production/model_SET_R_h20.pt,notebook dependency,Path changed in migration,UPDATE
notebooks/CyberCast_All_Phases.ipynb,L1451,models/phase2_3/model_SET_R_SELECT_h20.pt,models/archive/model_SET_R_SELECT_h20.pt,notebook dependency,Path changed in migration,UPDATE
notebooks/CyberCast_All_Phases.ipynb,L1469,models/phase2_3/model_SET_A_h20.pt,models/archive/model_SET_A_h20.pt,notebook dependency,Path changed in migration,UPDATE
notebooks/CyberCast_All_Phases.ipynb,L1470,models/phase2_3/model_SET_R_h20.pt,models/production/model_SET_R_h20.pt,notebook dependency,Path changed in migration,UPDATE
notebooks/CyberCast_All_Phases.ipynb,L1471,models/phase2_3/model_SET_R_SELECT_h20.pt,models/archive/model_SET_R_SELECT_h20.pt,notebook dependency,Path changed in migration,UPDATE
notebooks/CyberCast_All_Phases.ipynb,L1551,models/phase2_3/model_SET_R_h5.pt,models/archive/model_SET_R_h5.pt,notebook dependency,Path changed in migration,UPDATE
notebooks/CyberCast_All_Phases.ipynb,L1564,models/phase2_3/model_SET_R_h10.pt,models/archive/model_SET_R_h10.pt,notebook dependency,Path changed in migration,UPDATE
notebooks/CyberCast_All_Phases.ipynb,L1577,models/phase2_3/model_SET_R_h20.pt,models/production/model_SET_R_h20.pt,notebook dependency,Path changed in migration,UPDATE
notebooks/CyberCast_All_Phases.ipynb,L1590,models/phase2_3/model_SET_R_h30.pt,models/archive/model_SET_R_h30.pt,notebook dependency,Path changed in migration,UPDATE
notebooks/CyberCast_All_Phases.ipynb,L1604,models/phase2_3/model_SET_R_h5.pt,models/archive/model_SET_R_h5.pt,notebook dependency,Path changed in migration,UPDATE
notebooks/CyberCast_All_Phases.ipynb,L1605,models/phase2_3/model_SET_R_h10.pt,models/archive/model_SET_R_h10.pt,notebook dependency,Path changed in migration,UPDATE
notebooks/CyberCast_All_Phases.ipynb,L1606,models/phase2_3/model_SET_R_h20.pt,models/production/model_SET_R_h20.pt,notebook dependency,Path changed in migration,UPDATE
notebooks/CyberCast_All_Phases.ipynb,L1607,models/phase2_3/model_SET_R_h30.pt,models/archive/model_SET_R_h30.pt,notebook dependency,Path changed in migration,UPDATE
notebooks/CyberCast_All_Phases.ipynb,L1648,notebooks/Phase_2_3/02_Phase_2_3_Final_Evaluation.ipynb,notebooks/archive/02_Phase_2_3_Final_Evaluation.ipynb,notebook dependency,Path changed in migration,UPDATE
notebooks/CyberCast_All_Pipelines.ipynb,L702,models/scaler.pkl,models/archive/scaler.pkl,notebook dependency,Path changed in migration,UPDATE
notebooks/CyberCast_All_Pipelines.ipynb,L744,models/scaler.pkl,models/archive/scaler.pkl,notebook dependency,Path changed in migration,UPDATE
notebooks/CyberCast_All_Pipelines.ipynb,L839,models/logistic_regression.pkl,models/archive/logistic_regression.pkl,notebook dependency,Path changed in migration,UPDATE
notebooks/CyberCast_All_Pipelines.ipynb,L883,models/logistic_regression.pkl,models/archive/logistic_regression.pkl,notebook dependency,Path changed in migration,UPDATE
notebooks/CyberCast_All_Pipelines.ipynb,L884,models/logistic_regression.pkl,models/archive/logistic_regression.pkl,notebook dependency,Path changed in migration,UPDATE
notebooks/CyberCast_All_Pipelines.ipynb,L1048,models/best_world_model.pt,models/archive/best_world_model.pt,notebook dependency,Path changed in migration,UPDATE
notebooks/CyberCast_All_Pipelines.ipynb,L2773,models/best_world_model.pt,models/archive/best_world_model.pt,notebook dependency,Path changed in migration,UPDATE
notebooks/CyberCast_All_Pipelines.ipynb,L2776,models/logistic_regression.pkl,models/archive/logistic_regression.pkl,notebook dependency,Path changed in migration,UPDATE
notebooks/CyberCast_All_Pipelines.ipynb,L2778,models/scaler.pkl,models/archive/scaler.pkl,notebook dependency,Path changed in migration,UPDATE
notebooks/CyberCast_All_Pipelines.ipynb,L2943,models/best_world_model.pt,models/archive/best_world_model.pt,notebook dependency,Path changed in migration,UPDATE
notebooks/CyberCast_All_Pipelines.ipynb,L2944,models/scaler.pkl,models/archive/scaler.pkl,notebook dependency,Path changed in migration,UPDATE
notebooks/CyberCast_All_Pipelines.ipynb,L3053,scripts/phase2_2_experiments.py,scripts/phase2_2_experiments.py,notebook dependency,Path changed in migration,UPDATE
notebooks/CyberCast_All_Pipelines.ipynb,L3380,scripts/phase2_3_experiments.py,scripts/phase2_3_experiments.py,notebook dependency,Path changed in migration,UPDATE
notebooks/CyberCast_Complete.ipynb,L692,models/scaler.pkl,models/archive/scaler.pkl,notebook dependency,Path changed in migration,UPDATE
notebooks/CyberCast_Complete.ipynb,L734,models/scaler.pkl,models/archive/scaler.pkl,notebook dependency,Path changed in migration,UPDATE
notebooks/CyberCast_Complete.ipynb,L829,models/logistic_regression.pkl,models/archive/logistic_regression.pkl,notebook dependency,Path changed in migration,UPDATE
notebooks/CyberCast_Complete.ipynb,L873,models/logistic_regression.pkl,models/archive/logistic_regression.pkl,notebook dependency,Path changed in migration,UPDATE
notebooks/CyberCast_Complete.ipynb,L874,models/logistic_regression.pkl,models/archive/logistic_regression.pkl,notebook dependency,Path changed in migration,UPDATE
notebooks/CyberCast_Complete.ipynb,L1038,models/best_world_model.pt,models/archive/best_world_model.pt,notebook dependency,Path changed in migration,UPDATE
notebooks/CyberCast_Complete.ipynb,L2763,models/best_world_model.pt,models/archive/best_world_model.pt,notebook dependency,Path changed in migration,UPDATE
notebooks/CyberCast_Complete.ipynb,L2766,models/logistic_regression.pkl,models/archive/logistic_regression.pkl,notebook dependency,Path changed in migration,UPDATE
notebooks/CyberCast_Complete.ipynb,L2768,models/scaler.pkl,models/archive/scaler.pkl,notebook dependency,Path changed in migration,UPDATE
notebooks/CyberCast_Complete.ipynb,L2933,models/best_world_model.pt,models/archive/best_world_model.pt,notebook dependency,Path changed in migration,UPDATE
notebooks/CyberCast_Complete.ipynb,L2934,models/scaler.pkl,models/archive/scaler.pkl,notebook dependency,Path changed in migration,UPDATE
notebooks/Phase_2_3_Complete_Analysis.ipynb,L718,models/phase2_3/model_SET_A_h20.pt,models/archive/model_SET_A_h20.pt,notebook dependency,Path changed in migration,UPDATE
notebooks/Phase_2_3_Complete_Analysis.ipynb,L731,models/phase2_3/model_SET_R_h20.pt,models/production/model_SET_R_h20.pt,notebook dependency,Path changed in migration,UPDATE
notebooks/Phase_2_3_Complete_Analysis.ipynb,L744,models/phase2_3/model_SET_R_SELECT_h20.pt,models/archive/model_SET_R_SELECT_h20.pt,notebook dependency,Path changed in migration,UPDATE
notebooks/Phase_2_3_Complete_Analysis.ipynb,L762,models/phase2_3/model_SET_A_h20.pt,models/archive/model_SET_A_h20.pt,notebook dependency,Path changed in migration,UPDATE
notebooks/Phase_2_3_Complete_Analysis.ipynb,L763,models/phase2_3/model_SET_R_h20.pt,models/production/model_SET_R_h20.pt,notebook dependency,Path changed in migration,UPDATE
notebooks/Phase_2_3_Complete_Analysis.ipynb,L764,models/phase2_3/model_SET_R_SELECT_h20.pt,models/archive/model_SET_R_SELECT_h20.pt,notebook dependency,Path changed in migration,UPDATE
notebooks/Phase_2_3_Complete_Analysis.ipynb,L868,models/phase2_3/model_SET_R_h5.pt,models/archive/model_SET_R_h5.pt,notebook dependency,Path changed in migration,UPDATE
notebooks/Phase_2_3_Complete_Analysis.ipynb,L881,models/phase2_3/model_SET_R_h10.pt,models/archive/model_SET_R_h10.pt,notebook dependency,Path changed in migration,UPDATE
notebooks/Phase_2_3_Complete_Analysis.ipynb,L894,models/phase2_3/model_SET_R_h20.pt,models/production/model_SET_R_h20.pt,notebook dependency,Path changed in migration,UPDATE
notebooks/Phase_2_3_Complete_Analysis.ipynb,L907,models/phase2_3/model_SET_R_h30.pt,models/archive/model_SET_R_h30.pt,notebook dependency,Path changed in migration,UPDATE
notebooks/Phase_2_3_Complete_Analysis.ipynb,L921,models/phase2_3/model_SET_R_h5.pt,models/archive/model_SET_R_h5.pt,notebook dependency,Path changed in migration,UPDATE
notebooks/Phase_2_3_Complete_Analysis.ipynb,L922,models/phase2_3/model_SET_R_h10.pt,models/archive/model_SET_R_h10.pt,notebook dependency,Path changed in migration,UPDATE
notebooks/Phase_2_3_Complete_Analysis.ipynb,L923,models/phase2_3/model_SET_R_h20.pt,models/production/model_SET_R_h20.pt,notebook dependency,Path changed in migration,UPDATE
notebooks/Phase_2_3_Complete_Analysis.ipynb,L924,models/phase2_3/model_SET_R_h30.pt,models/archive/model_SET_R_h30.pt,notebook dependency,Path changed in migration,UPDATE
notebooks/Phase_2_3/01_Phase_2_3_Training.ipynb,L115,models/phase2_3/model_SET_A_h20.pt,models/archive/model_SET_A_h20.pt,notebook dependency,Path changed in migration,UPDATE
notebooks/Phase_2_3/01_Phase_2_3_Training.ipynb,L128,models/phase2_3/model_SET_R_h20.pt,models/production/model_SET_R_h20.pt,notebook dependency,Path changed in migration,UPDATE
notebooks/Phase_2_3/01_Phase_2_3_Training.ipynb,L141,models/phase2_3/model_SET_R_SELECT_h20.pt,models/archive/model_SET_R_SELECT_h20.pt,notebook dependency,Path changed in migration,UPDATE
notebooks/Phase_2_3/01_Phase_2_3_Training.ipynb,L159,models/phase2_3/model_SET_A_h20.pt,models/archive/model_SET_A_h20.pt,notebook dependency,Path changed in migration,UPDATE
notebooks/Phase_2_3/01_Phase_2_3_Training.ipynb,L160,models/phase2_3/model_SET_R_h20.pt,models/production/model_SET_R_h20.pt,notebook dependency,Path changed in migration,UPDATE
notebooks/Phase_2_3/01_Phase_2_3_Training.ipynb,L161,models/phase2_3/model_SET_R_SELECT_h20.pt,models/archive/model_SET_R_SELECT_h20.pt,notebook dependency,Path changed in migration,UPDATE
notebooks/Phase_2_3/01_Phase_2_3_Training.ipynb,L241,models/phase2_3/model_SET_R_h5.pt,models/archive/model_SET_R_h5.pt,notebook dependency,Path changed in migration,UPDATE
notebooks/Phase_2_3/01_Phase_2_3_Training.ipynb,L254,models/phase2_3/model_SET_R_h10.pt,models/archive/model_SET_R_h10.pt,notebook dependency,Path changed in migration,UPDATE
notebooks/Phase_2_3/01_Phase_2_3_Training.ipynb,L267,models/phase2_3/model_SET_R_h20.pt,models/production/model_SET_R_h20.pt,notebook dependency,Path changed in migration,UPDATE
notebooks/Phase_2_3/01_Phase_2_3_Training.ipynb,L280,models/phase2_3/model_SET_R_h30.pt,models/archive/model_SET_R_h30.pt,notebook dependency,Path changed in migration,UPDATE
notebooks/Phase_2_3/01_Phase_2_3_Training.ipynb,L294,models/phase2_3/model_SET_R_h5.pt,models/archive/model_SET_R_h5.pt,notebook dependency,Path changed in migration,UPDATE
notebooks/Phase_2_3/01_Phase_2_3_Training.ipynb,L295,models/phase2_3/model_SET_R_h10.pt,models/archive/model_SET_R_h10.pt,notebook dependency,Path changed in migration,UPDATE
notebooks/Phase_2_3/01_Phase_2_3_Training.ipynb,L296,models/phase2_3/model_SET_R_h20.pt,models/production/model_SET_R_h20.pt,notebook dependency,Path changed in migration,UPDATE
notebooks/Phase_2_3/01_Phase_2_3_Training.ipynb,L297,models/phase2_3/model_SET_R_h30.pt,models/archive/model_SET_R_h30.pt,notebook dependency,Path changed in migration,UPDATE
scratch/audit_script.py,L17,models/best_world_model.pt,models/archive/best_world_model.pt,executable dependency,Path changed in migration,UPDATE
scratch/audit_script.py,L20,models/scaler.pkl,models/archive/scaler.pkl,executable dependency,Path changed in migration,UPDATE
scratch/audit_script.py,L21,models/logistic_regression.pkl,models/archive/logistic_regression.pkl,executable dependency,Path changed in migration,UPDATE
scratch/audit_script.py,L22,nootebooks/CyberCast_Complete.ipynb,notebooks/archive/CyberCast_Complete.ipynb,executable dependency,Path changed in migration,UPDATE
scratch/audit_script.py,L22,notebooks/CyberCast_Complete.ipynb,notebooks/archive/CyberCast_Complete.ipynb,executable dependency,Path changed in migration,UPDATE
scratch/audit_script.py,L23,cybercast_pipeline.py,archive/cybercast_pipeline.py,executable dependency,Path changed in migration,UPDATE
scratch/compare.py,L3,nootebooks/CyberCast_Complete.ipynb,notebooks/archive/CyberCast_Complete.ipynb,executable dependency,Path changed in migration,UPDATE
scratch/compare.py,L3,notebooks/CyberCast_Complete.ipynb,notebooks/archive/CyberCast_Complete.ipynb,executable dependency,Path changed in migration,UPDATE
scratch/compare.py,L4,nootebooks/CyberCast_Complete.ipynb,notebooks/archive/CyberCast_Complete.ipynb,executable dependency,Path changed in migration,UPDATE
scratch/compare.py,L4,notebooks/CyberCast_Complete.ipynb,notebooks/archive/CyberCast_Complete.ipynb,executable dependency,Path changed in migration,UPDATE
scratch/compare.py,L6,nootebooks/CyberCast_Complete.ipynb,notebooks/archive/CyberCast_Complete.ipynb,executable dependency,Path changed in migration,UPDATE
scratch/compare.py,L6,notebooks/CyberCast_Complete.ipynb,notebooks/archive/CyberCast_Complete.ipynb,executable dependency,Path changed in migration,UPDATE
scratch/compare.py,L11,nootebooks/CyberCast_Complete.ipynb,notebooks/archive/CyberCast_Complete.ipynb,executable dependency,Path changed in migration,UPDATE
scratch/compare.py,L11,notebooks/CyberCast_Complete.ipynb,notebooks/archive/CyberCast_Complete.ipynb,executable dependency,Path changed in migration,UPDATE
scratch/dump_cells.py,L3,nootebooks/CyberCast_Complete.ipynb,notebooks/archive/CyberCast_Complete.ipynb,executable dependency,Path changed in migration,UPDATE
scratch/dump_cells.py,L3,notebooks/CyberCast_Complete.ipynb,notebooks/archive/CyberCast_Complete.ipynb,executable dependency,Path changed in migration,UPDATE
scratch/dump_early_cells.py,L3,nootebooks/CyberCast_Complete.ipynb,notebooks/archive/CyberCast_Complete.ipynb,executable dependency,Path changed in migration,UPDATE
scratch/dump_early_cells.py,L3,notebooks/CyberCast_Complete.ipynb,notebooks/archive/CyberCast_Complete.ipynb,executable dependency,Path changed in migration,UPDATE
scratch/dump_key_cells.py,L3,nootebooks/CyberCast_Complete.ipynb,notebooks/archive/CyberCast_Complete.ipynb,executable dependency,Path changed in migration,UPDATE
scratch/dump_key_cells.py,L3,notebooks/CyberCast_Complete.ipynb,notebooks/archive/CyberCast_Complete.ipynb,executable dependency,Path changed in migration,UPDATE
scratch/dump_key_cells2.py,L3,nootebooks/CyberCast_Complete.ipynb,notebooks/archive/CyberCast_Complete.ipynb,executable dependency,Path changed in migration,UPDATE
scratch/dump_key_cells2.py,L3,notebooks/CyberCast_Complete.ipynb,notebooks/archive/CyberCast_Complete.ipynb,executable dependency,Path changed in migration,UPDATE
scratch/dump_lr.py,L3,nootebooks/CyberCast_Complete.ipynb,notebooks/archive/CyberCast_Complete.ipynb,executable dependency,Path changed in migration,UPDATE
scratch/dump_lr.py,L3,notebooks/CyberCast_Complete.ipynb,notebooks/archive/CyberCast_Complete.ipynb,executable dependency,Path changed in migration,UPDATE
scratch/dump_model_cells.py,L3,nootebooks/CyberCast_Complete.ipynb,notebooks/archive/CyberCast_Complete.ipynb,executable dependency,Path changed in migration,UPDATE
scratch/dump_model_cells.py,L3,notebooks/CyberCast_Complete.ipynb,notebooks/archive/CyberCast_Complete.ipynb,executable dependency,Path changed in migration,UPDATE
scratch/dump_nb.py,L6,nootebooks/CyberCast_Complete.ipynb,notebooks/archive/CyberCast_Complete.ipynb,executable dependency,Path changed in migration,UPDATE
scratch/dump_nb.py,L6,notebooks/CyberCast_Complete.ipynb,notebooks/archive/CyberCast_Complete.ipynb,executable dependency,Path changed in migration,UPDATE
scratch/dump_nb.py,L12,scratch/nb_dump.txt,archive/nb_dump.txt,executable dependency,Path changed in migration,UPDATE
scratch/dump_nb.py,L18,scratch/nb_dump.txt,archive/nb_dump.txt,executable dependency,Path changed in migration,UPDATE
scratch/dump_pipeline.py,L3,nootebooks/CyberCast_Complete.ipynb,notebooks/archive/CyberCast_Complete.ipynb,executable dependency,Path changed in migration,UPDATE
scratch/dump_pipeline.py,L3,notebooks/CyberCast_Complete.ipynb,notebooks/archive/CyberCast_Complete.ipynb,executable dependency,Path changed in migration,UPDATE
scratch/execute_and_verify.py,L6,nootebooks/CyberCast_Complete.ipynb,notebooks/archive/CyberCast_Complete.ipynb,executable dependency,Path changed in migration,UPDATE
scratch/execute_and_verify.py,L6,notebooks/CyberCast_Complete.ipynb,notebooks/archive/CyberCast_Complete.ipynb,executable dependency,Path changed in migration,UPDATE
scratch/execute_and_verify.py,L7,nootebooks/CyberCast_Complete.ipynb,notebooks/archive/CyberCast_Complete.ipynb,executable dependency,Path changed in migration,UPDATE
scratch/execute_and_verify.py,L7,notebooks/CyberCast_Complete.ipynb,notebooks/archive/CyberCast_Complete.ipynb,executable dependency,Path changed in migration,UPDATE
scratch/execute_and_verify.py,L8,nootebooks/CyberCast_Complete.ipynb,notebooks/archive/CyberCast_Complete.ipynb,executable dependency,Path changed in migration,UPDATE
scratch/execute_and_verify.py,L8,notebooks/CyberCast_Complete.ipynb,notebooks/archive/CyberCast_Complete.ipynb,executable dependency,Path changed in migration,UPDATE
scratch/extract_outputs.py,L2,nootebooks/CyberCast_Model_From_Scratch.ipynb,notebooks/archive/CyberCast_Model_From_Scratch.ipynb,executable dependency,Path changed in migration,UPDATE
scratch/fix_and_run.py,L13,nootebooks/CyberCast_Complete.ipynb,notebooks/archive/CyberCast_Complete.ipynb,executable dependency,Path changed in migration,UPDATE
scratch/fix_and_run.py,L13,notebooks/CyberCast_Complete.ipynb,notebooks/archive/CyberCast_Complete.ipynb,executable dependency,Path changed in migration,UPDATE
scratch/fix_and_run.py,L14,nootebooks/CyberCast_Complete.ipynb,notebooks/archive/CyberCast_Complete.ipynb,executable dependency,Path changed in migration,UPDATE
scratch/fix_and_run.py,L14,notebooks/CyberCast_Complete.ipynb,notebooks/archive/CyberCast_Complete.ipynb,executable dependency,Path changed in migration,UPDATE
scratch/fix_and_run.py,L15,nootebooks/CyberCast_Complete.ipynb,notebooks/archive/CyberCast_Complete.ipynb,executable dependency,Path changed in migration,UPDATE
scratch/fix_and_run.py,L15,notebooks/CyberCast_Complete.ipynb,notebooks/archive/CyberCast_Complete.ipynb,executable dependency,Path changed in migration,UPDATE
scratch/fix_unicode.py,L3,scratch/generate_notebook.py,archive/generate_notebook.py,executable dependency,Path changed in migration,UPDATE
scratch/full_audit.py,L17,models/best_world_model.pt,models/archive/best_world_model.pt,executable dependency,Path changed in migration,UPDATE
scratch/full_audit.py,L20,models/scaler.pkl,models/archive/scaler.pkl,executable dependency,Path changed in migration,UPDATE
scratch/full_audit.py,L21,models/logistic_regression.pkl,models/archive/logistic_regression.pkl,executable dependency,Path changed in migration,UPDATE
scratch/full_audit.py,L22,nootebooks/CyberCast_Complete.ipynb,notebooks/archive/CyberCast_Complete.ipynb,executable dependency,Path changed in migration,UPDATE
scratch/full_audit.py,L22,notebooks/CyberCast_Complete.ipynb,notebooks/archive/CyberCast_Complete.ipynb,executable dependency,Path changed in migration,UPDATE
scratch/full_audit.py,L64,cybercast_pipeline.py,archive/cybercast_pipeline.py,executable dependency,Path changed in migration,UPDATE
scratch/full_audit.py,L65,cybercast_pipeline.py,archive/cybercast_pipeline.py,executable dependency,Path changed in migration,UPDATE
scratch/full_audit.py,L116,cybercast_pipeline.py,archive/cybercast_pipeline.py,executable dependency,Path changed in migration,UPDATE
scratch/full_audit_v2.py,L18,models/best_world_model.pt,models/archive/best_world_model.pt,executable dependency,Path changed in migration,UPDATE
scratch/full_audit_v2.py,L21,models/scaler.pkl,models/archive/scaler.pkl,executable dependency,Path changed in migration,UPDATE
scratch/full_audit_v2.py,L22,models/logistic_regression.pkl,models/archive/logistic_regression.pkl,executable dependency,Path changed in migration,UPDATE
scratch/full_audit_v2.py,L23,nootebooks/CyberCast_Complete.ipynb,notebooks/archive/CyberCast_Complete.ipynb,executable dependency,Path changed in migration,UPDATE
scratch/full_audit_v2.py,L23,notebooks/CyberCast_Complete.ipynb,notebooks/archive/CyberCast_Complete.ipynb,executable dependency,Path changed in migration,UPDATE
scratch/full_audit_v2.py,L62,scripts/threshold_analysis.py,scripts/threshold_analysis.py,executable dependency,Path changed in migration,UPDATE
scratch/full_audit_v2.py,L77,scripts/threshold_analysis.py,scripts/threshold_analysis.py,executable dependency,Path changed in migration,UPDATE
scratch/full_audit_v2.py,L78,scripts/threshold_analysis.py,scripts/threshold_analysis.py,executable dependency,Path changed in migration,UPDATE
scratch/full_audit_v2.py,L79,scripts/threshold_analysis.py,scripts/threshold_analysis.py,executable dependency,Path changed in migration,UPDATE
scratch/generate_notebook.py,L12,cybercast_pipeline.py,archive/cybercast_pipeline.py,executable dependency,Path changed in migration,UPDATE
scratch/generate_notebook.py,L56,cybercast_pipeline.py,archive/cybercast_pipeline.py,executable dependency,Path changed in migration,UPDATE
scratch/generate_notebook.py,L57,cybercast_pipeline.py,archive/cybercast_pipeline.py,executable dependency,Path changed in migration,UPDATE
scratch/generate_notebook.py,L60,cybercast_pipeline.py,archive/cybercast_pipeline.py,executable dependency,Path changed in migration,UPDATE
scratch/generate_notebook.py,L473,models/feature_scaler.pkl,models/archive/feature_scaler.pkl,executable dependency,Path changed in migration,UPDATE
scratch/generate_notebook.py,L473,models/scaler.pkl,models/archive/scaler.pkl,executable dependency,Path changed in migration,UPDATE
scratch/generate_notebook.py,L480,nootebooks/CyberCast_Complete.ipynb,notebooks/archive/CyberCast_Complete.ipynb,executable dependency,Path changed in migration,UPDATE
scratch/generate_notebook.py,L480,notebooks/CyberCast_Complete.ipynb,notebooks/archive/CyberCast_Complete.ipynb,executable dependency,Path changed in migration,UPDATE
scratch/generate_notebook.py,L483,nootebooks/CyberCast_Complete.ipynb,notebooks/archive/CyberCast_Complete.ipynb,executable dependency,Path changed in migration,UPDATE
scratch/generate_notebook.py,L483,notebooks/CyberCast_Complete.ipynb,notebooks/archive/CyberCast_Complete.ipynb,executable dependency,Path changed in migration,UPDATE
scratch/nb_cells.py,L563,models/scaler.pkl,models/archive/scaler.pkl,executable dependency,Path changed in migration,UPDATE
scratch/nb_cells.py,L646,models/logistic_regression.pkl,models/archive/logistic_regression.pkl,executable dependency,Path changed in migration,UPDATE
scratch/nb_cells.py,L647,models/logistic_regression.pkl,models/archive/logistic_regression.pkl,executable dependency,Path changed in migration,UPDATE
scratch/nb_cells.py,L740,models/best_world_model.pt,models/archive/best_world_model.pt,executable dependency,Path changed in migration,UPDATE
scratch/nb_cells.py,L1339,models/best_world_model.pt,models/archive/best_world_model.pt,executable dependency,Path changed in migration,UPDATE
scratch/nb_cells.py,L1340,models/scaler.pkl,models/archive/scaler.pkl,executable dependency,Path changed in migration,UPDATE
scratch/raw_data_split_audit.py,L65,scratch.py,archive/scratch.py,executable dependency,Path changed in migration,UPDATE
scratch/raw_data_split_audit.py,L67,scratch.py,archive/scratch.py,executable dependency,Path changed in migration,UPDATE
scratch/raw_data_split_audit.py,L67,scripts/threshold_analysis.py,scripts/threshold_analysis.py,executable dependency,Path changed in migration,UPDATE
scratch/raw_data_split_audit.py,L68,scratch.py,archive/scratch.py,executable dependency,Path changed in migration,UPDATE
scratch/raw_data_split_audit.py,L74,scratch.py,archive/scratch.py,executable dependency,Path changed in migration,UPDATE
scratch/test_ast.py,L19,cybercast_pipeline.py,archive/cybercast_pipeline.py,test dependency,Path changed in migration,UPDATE
scratch/update_notebook.py,L2,nootebooks/CyberCast_Complete.ipynb,notebooks/archive/CyberCast_Complete.ipynb,executable dependency,Path changed in migration,UPDATE
scratch/update_notebook.py,L2,notebooks/CyberCast_Complete.ipynb,notebooks/archive/CyberCast_Complete.ipynb,executable dependency,Path changed in migration,UPDATE
scratch/update_notebook.py,L9,nootebooks/CyberCast_Complete.ipynb,notebooks/archive/CyberCast_Complete.ipynb,executable dependency,Path changed in migration,UPDATE
scratch/update_notebook.py,L9,notebooks/CyberCast_Complete.ipynb,notebooks/archive/CyberCast_Complete.ipynb,executable dependency,Path changed in migration,UPDATE
scratch/verify_nb.py,L3,nootebooks/CyberCast_Complete.ipynb,notebooks/archive/CyberCast_Complete.ipynb,executable dependency,Path changed in migration,UPDATE
scratch/verify_nb.py,L3,notebooks/CyberCast_Complete.ipynb,notebooks/archive/CyberCast_Complete.ipynb,executable dependency,Path changed in migration,UPDATE
scripts/analyze_forecasting_validation.py,L27,models/phase2_3/model_SET_R_h20.pt,models/production/model_SET_R_h20.pt,executable dependency,Path changed in migration,UPDATE
scripts/analyze_forecasting_validation.py,L28,models/phase2_3/scaler_SET_R_h20.joblib,models/production/scaler_SET_R_h20.joblib,executable dependency,Path changed in migration,UPDATE
scripts/audit_models.py,L72,models/phase2_3/model_SET_R_h20.pt,models/production/model_SET_R_h20.pt,executable dependency,Path changed in migration,UPDATE
scripts/audit_models.py,L72,models/phase2_3/scaler_SET_R_h20.joblib,models/production/scaler_SET_R_h20.joblib,executable dependency,Path changed in migration,UPDATE
scripts/audit_models.py,L83,models/scaler.pkl,models/archive/scaler.pkl,executable dependency,Path changed in migration,UPDATE
scripts/audit_models.py,L203,models/phase2_3/model_SET_R_h20.pt,models/production/model_SET_R_h20.pt,executable dependency,Path changed in migration,UPDATE
scripts/build_final_migration_plan.py,L77,cybercast_pipeline.py,archive/cybercast_pipeline.py,executable dependency,Path changed in migration,UPDATE
scripts/build_final_migration_plan.py,L201,cybercast_pipeline.py,archive/cybercast_pipeline.py,executable dependency,Path changed in migration,UPDATE
scripts/build_final_migration_plan.py,L202,cybercast_pipeline.py,archive/cybercast_pipeline.py,executable dependency,Path changed in migration,UPDATE
scripts/build_final_migration_plan.py,L203,cybercast_pipeline.py,archive/cybercast_pipeline.py,executable dependency,Path changed in migration,UPDATE
scripts/build_final_migration_plan.py,L209,models/phase2_3/model_SET_R_h20.pt,models/production/model_SET_R_h20.pt,executable dependency,Path changed in migration,UPDATE
scripts/build_final_migration_plan.py,L209,models/phase2_3/scaler_SET_R_h20.joblib,models/production/scaler_SET_R_h20.joblib,executable dependency,Path changed in migration,UPDATE
scripts/build_final_migration_plan.py,L239,cybercast_pipeline.py,archive/cybercast_pipeline.py,executable dependency,Path changed in migration,UPDATE
scripts/migrate_repository.py,L124,models/phase2_3/model_SET_R_h20.pt,models/production/model_SET_R_h20.pt,executable dependency,Path changed in migration,UPDATE
scripts/migrate_repository.py,L125,models/phase2_3/scaler_SET_R_h20.joblib,models/production/scaler_SET_R_h20.joblib,executable dependency,Path changed in migration,UPDATE
scripts/migrate_repository.py,L189,cybercast_pipeline.py,archive/cybercast_pipeline.py,executable dependency,Path changed in migration,UPDATE
scripts/migrate_repository.py,L195,models/phase2_3/scaler_SET_R_h20.joblib,models/production/scaler_SET_R_h20.joblib,executable dependency,Path changed in migration,UPDATE
scripts/migrate_repository.py,L197,cybercast_pipeline.py,archive/cybercast_pipeline.py,executable dependency,Path changed in migration,UPDATE
scripts/threshold_analysis.py,L259,models/scaler.pkl,models/archive/scaler.pkl,executable dependency,Path changed in migration,UPDATE
scripts/threshold_analysis.py,L277,models/best_world_model.pt,models/archive/best_world_model.pt,executable dependency,Path changed in migration,UPDATE
scripts/threshold_analysis.py,L319,models/logistic_regression.pkl,models/archive/logistic_regression.pkl,executable dependency,Path changed in migration,UPDATE
scripts/live_attack_lab/generate_attack_report.py,L35,models/phase2_3/model_SET_R_h20.pt,models/production/model_SET_R_h20.pt,executable dependency,Path changed in migration,UPDATE
src/inference/model_loader.py,L51,models/phase2_3/model_SET_R_h20.pt,models/production/model_SET_R_h20.pt,executable dependency,Path changed in migration,UPDATE
src/inference/model_loader.py,L52,models/phase2_3/scaler_SET_R_h20.joblib,models/production/scaler_SET_R_h20.joblib,executable dependency,Path changed in migration,UPDATE
